patient_id,age,gender,bmi,chest_pain_type,systolic_bp,diastolic_bp,resting_heart_rate,max_heart_rate,cholesterol,hdl,ldl,fasting_blood_sugar,hba1c,diabetes,resting_ecg,exercise_angina,oldpeak,st_slope,num_major_vessels,thalassemia,smoking,family_history,physical_activity,stress_level,prediction
45263,46,Female,29.4,Non-anginal Pain,125.0,85.0,78.0,179.0,194.0,40.0,116.0,False,6.2,True,Normal,False,0.2,Flat,0.0,Normal,False,True,Moderate,5.0,0
49851,70,Male,34.5,Non-anginal Pain,189.0,112.0,79.0,153.0,189.0,59.0,106.0,False,5.7,False,ST-T Wave Abnormality,False,0.0,Flat,3.0,Normal,False,False,Moderate,5.0,1
30395,40,Female,27.9,Asymptomatic,122.0,80.0,,171.0,200.0,48.0,61.0,False,5.3,False,ST-T Wave Abnormality,False,1.3,Flat,0.0,Normal,False,False,Moderate,5.0,0
98758,49,Female,29.0,Atypical Angina,116.0,77.0,83.0,177.0,235.0,45.0,,False,5.3,False,Normal,False,0.1,Up,0.0,Normal,False,False,Low,8.0,0
95571,42,Female,32.63,Asymptomatic,114.0,76.0,70.0,169.0,183.0,47.0,98.0,False,4.9,False,Normal,False,0.0,,1.0,,False,False,Moderate,8.0,0
10901,74,Male,27.9,Asymptomatic,117.0,74.0,77.0,137.0,167.0,,103.0,False,4.6,False,Normal,False,0.0,Up,0.0,Fixed Defect,False,True,Moderate,3.0,0
194,58,Female,22.5,Asymptomatic,137.0,89.0,70.0,158.0,194.0,59.0,114.0,False,5.9,False,Left Ventricular Hypertrophy,True,6.0,Flat,1.0,Reversible Defect,False,False,Low,1.0,1
98910,41,Female,26.7,Atypical Angina,123.0,86.0,85.0,176.0,274.0,40.0,214.0,False,5.1,False,Normal,False,0.8,Up,0.0,Fixed Defect,True,False,Low,3.0,0
59015,52,Male,,Asymptomatic,115.0,,79.0,164.0,172.0,21.0,126.0,False,6.0,False,,False,0.6,Flat,0.0,Normal,False,False,Low,7.0,0
93315,37,Male,26.0,Asymptomatic,130.0,79.0,72.0,187.0,205.0,49.0,125.0,False,5.7,False,,False,0.0,Up,0.0,Reversible Defect,False,False,Moderate,6.0,0
61346,77,Female,24.3,Non-anginal Pain,128.0,74.0,76.0,161.0,202.0,55.0,141.0,False,4.8,False,Normal,False,0.0,Up,0.0,Reversible Defect,False,False,Moderate,7.0,0
71690,57,Male,29.1,Asymptomatic,133.0,72.0,80.0,136.0,204.0,27.0,161.0,False,5.0,False,Normal,False,1.1,Up,0.0,Normal,False,False,Low,7.0,0
37716,73,Female,29.6,Asymptomatic,141.0,78.0,85.0,158.0,190.0,46.0,106.0,False,5.6,False,Normal,False,0.0,Up,0.0,Normal,False,False,Moderate,6.0,0
60941,65,Female,21.4,Atypical Angina,120.0,69.0,58.0,141.0,,50.0,116.0,False,5.6,False,Normal,True,1.0,Flat,0.0,Normal,True,False,Moderate,1.0,1
55362,44,Female,28.7,Non-anginal Pain,126.0,78.0,54.0,198.0,156.0,55.0,81.0,False,5.8,False,Normal,False,0.0,Up,0.0,Reversible Defect,False,False,High,2.0,0
28567,36,Male,27.5,Asymptomatic,122.0,84.0,69.0,154.0,210.0,38.0,141.0,False,4.8,False,Left Ventricular Hypertrophy,True,0.0,Flat,1.0,Normal,True,True,Low,4.0,0
734,74,Female,31.4,Non-anginal Pain,141.0,,85.0,133.0,,50.0,121.0,True,8.5,True,Left Ventricular Hypertrophy,False,1.5,Up,0.0,Fixed Defect,False,True,Low,5.0,1
54986,36,Male,31.3,Atypical Angina,91.0,60.0,63.0,180.0,,35.0,110.0,False,5.0,False,Normal,False,2.1,Flat,0.0,Fixed Defect,False,False,Moderate,3.0,0
19808,38,Female,26.2,Asymptomatic,,63.0,80.0,155.0,198.0,66.0,114.0,False,5.3,False,Left Ventricular Hypertrophy,False,0.0,Up,0.0,Normal,False,False,High,7.0,0
11233,73,Male,34.2,Asymptomatic,148.0,97.0,76.0,143.0,150.0,46.0,,False,5.5,False,Normal,False,0.0,Flat,0.0,Normal,False,True,Low,5.0,1
88899,54,Male,30.2,Asymptomatic,132.0,79.0,71.0,130.0,133.0,21.0,89.0,False,5.7,False,Normal,False,4.0,Down,0.0,Reversible Defect,False,True,Moderate,4.0,1
8153,39,Female,25.18,Typical Angina,112.0,78.0,79.0,176.0,218.0,55.0,134.0,False,5.2,False,Normal,False,0.0,Up,0.0,Normal,False,False,Moderate,8.0,0
48612,77,Female,26.4,Non-anginal Pain,110.0,73.0,,170.0,180.0,50.0,95.0,False,5.7,False,Normal,False,0.0,Flat,1.0,Normal,False,False,High,8.0,0
34611,58,Female,27.29,Atypical Angina,134.0,85.0,78.0,166.0,194.0,51.0,105.0,False,5.5,False,Normal,True,1.7,Flat,0.0,Normal,False,False,Moderate,7.0,0
89275,57,Female,22.8,Atypical Angina,145.0,92.0,71.0,144.0,220.0,83.0,82.0,False,4.8,False,Normal,False,1.2,Down,0.0,Normal,False,False,Moderate,3.0,0
58511,82,MALE,23.3,Asymptomatic,135.0,79.0,75.0,127.0,205.0,50.0,128.0,False,5.4,False,Normal,False,0.0,Up,0.0,Normal,False,False,Low,7.0,0
53097,79,Female,24.6,Asymptomatic,141.0,84.0,56.0,139.0,226.0,56.0,135.0,False,5.4,False,Normal,False,0.1,Flat,0.0,Normal,False,,High,5.0,0
91699,49,Male,26.0,Asymptomatic,129.0,81.0,65.0,172.0,190.0,39.0,117.0,False,5.1,False,Normal,False,,Up,1.0,Normal,False,False,Moderate,6.0,0
52572,60,Female,24.1,Asymptomatic,122.0,86.0,76.0,144.0,154.0,51.0,85.0,False,5.5961,False,Normal,False,0.0,Up,0.0,Normal,False,False,Low,9.0,0
81333,50,Female,17.0,Asymptomatic,110.0,76.0,56.0,173.0,291.0,74.0,183.0,False,5.6,False,ST-T Wave Abnormality,False,0.0,Up,0.0,Reversible Defect,False,True,High,4.0,0
61855,30,Female,19.3,Asymptomatic,95.0,75.0,67.0,174.0,179.0,64.0,,False,5.7,False,Normal,False,0.8,Flat,0.0,Reversible Defect,False,True,High,7.0,0
20477,61,Male,28.5,Non-anginal Pain,132.0,79.0,65.0,154.0,190.0,49.0,103.0,False,5.2,False,Normal,False,0.7,Up,0.0,Normal,False,False,High,7.0,0
77327,43,Male,25.6,Asymptomatic,93.0,62.0,,178.0,186.0,,117.0,False,4.3,False,Normal,False,0.0,Up,0.0,Fixed Defect,False,False,Moderate,7.0,0
41213,45,Male,26.8,Non-anginal Pain,,79.0,84.0,188.0,,40.0,164.0,False,5.1,False,Normal,False,0.8,Flat,0.0,Normal,False,True,High,6.0,0
38318,42,Male,22.3,Typical Angina,118.0,69.0,55.0,170.0,172.0,43.0,115.0,False,4.9,False,Normal,False,0.0,Up,0.0,Normal,True,True,Moderate,7.0,0
36198,55,Female,23.6,Atypical Angina,121.0,83.0,85.0,160.0,178.0,46.0,106.0,False,5.2,False,Normal,False,0.0,Up,0.0,Normal,False,True,Moderate,6.0,0
16192,63,Female,26.6,Atypical Angina,155.0,98.0,81.0,161.0,252.0,54.0,162.0,False,5.2,False,Normal,True,0.6,Flat,0.0,Reversible Defect,False,False,Low,2.0,1
18325,69,Male,27.9,Non-anginal Pain,139.0,91.0,68.0,170.0,279.0,43.0,227.0,False,5.0,False,Normal,True,0.0,Flat,0.0,Normal,True,False,Low,3.0,0
5113,36,Female,17.5,Asymptomatic,104.0,76.0,55.0,188.0,,44.0,85.0,True,7.2,True,ST-T Wave Abnormality,False,0.0,Flat,0.0,Fixed Defect,False,False,High,5.0,0
63272,57,Male,23.3,Non-anginal Pain,116.0,90.0,64.0,157.0,170.0,54.0,88.0,False,5.1,False,Normal,False,0.0,Flat,1.0,Reversible Defect,False,False,,1.0,0
87950,32,Male,29.1,Non-anginal Pain,122.0,82.0,67.0,185.0,202.0,36.0,154.0,False,,False,Normal,False,0.0,Up,0.0,Normal,True,False,High,7.0,0
53312,81,Male,18.3,Asymptomatic,128.0,79.0,66.0,143.0,205.0,51.0,126.0,False,4.8,False,Normal,False,0.0,Flat,0.0,Normal,False,False,Moderate,5.0,0
42766,58,Male,25.6,Asymptomatic,102.0,74.0,,179.0,,41.0,105.0,False,5.4,False,Normal,False,1.6,Flat,0.0,Fixed Defect,False,False,Moderate,3.0,0
39400,77,Female,29.5,Atypical Angina,120.0,82.0,76.0,146.0,159.0,34.0,102.0,True,6.6,True,ST-T Wave Abnormality,False,0.0,Up,2.0,Normal,False,False,Low,1.0,1
15706,50,Male,32.3,Asymptomatic,122.0,86.0,76.0,159.0,167.0,56.0,,False,5.0,False,Normal,False,0.0,Flat,0.0,Normal,False,False,Moderate,2.0,0
18744,34,Male,26.3,Atypical Angina,,,72.0,179.0,194.0,25.0,143.0,False,5.0,False,Normal,False,0.0,Up,0.0,Normal,False,False,Moderate,6.0,0
18975,49,Male,27.2,Asymptomatic,121.0,83.0,80.0,168.0,183.0,41.0,109.0,False,5.4,False,Normal,False,0.0,Up,1.0,Normal,False,False,Low,5.0,0
81987,65,Male,23.3,Non-anginal Pain,133.0,81.0,70.0,167.0,179.0,40.0,,False,5.1,False,Normal,False,0.0,Up,0.0,Normal,False,True,High,7.0,1
2308,73,Male,29.55,Non-anginal Pain,137.0,79.0,73.0,124.0,143.0,40.0,82.0,False,,False,Normal,False,0.5,Flat,0.0,Normal,True,False,Low,3.0,1
75855,48,Male,23.5,Non-anginal Pain,118.0,86.0,66.0,180.0,233.0,46.0,173.0,False,,False,Normal,False,0.0,Up,0.0,Normal,True,True,Moderate,6.0,1
58627,52,Male,20.5,Asymptomatic,114.0,,59.0,166.0,168.0,57.0,88.0,False,5.0,False,Normal,False,0.0,Flat,0.0,Normal,False,False,Moderate,8.0,0
93684,70,Male,28.72,Asymptomatic,126.0,72.0,82.0,164.0,224.0,38.0,154.0,True,5.3,False,Normal,False,0.0,Up,0.0,Normal,True,False,Moderate,10.0,1
89174,70,Male,29.8,Non-anginal Pain,115.0,78.0,79.0,135.0,165.0,52.0,82.0,False,5.0,False,Normal,False,2.2,Flat,0.0,Normal,False,False,,3.0,0
82464,31,Female,27.9,Non-anginal Pain,120.0,76.0,75.0,179.0,191.0,50.0,126.0,False,4.8,False,,False,,Up,3.0,Normal,False,True,High,6.0,0
42104,84,Female,31.8,Typical Angina,157.0,88.0,74.0,120.0,223.0,50.0,106.0,True,9.1,True,ST-T Wave Abnormality,True,1.6,Flat,1.0,Normal,False,False,Low,2.0,1
84274,63,Male,24.75,Asymptomatic,116.0,73.0,79.0,166.0,150.0,30.0,95.0,False,6.4,True,Normal,False,0.3,Flat,0.0,Normal,False,False,Moderate,6.0,0
41890,81,Male,,Non-anginal Pain,148.0,92.0,73.0,139.0,250.0,50.0,169.0,True,6.9,True,ST-T Wave Abnormality,True,2.5,Down,0.0,Normal,True,True,Low,5.0,1
89491,31,Male,27.8,Non-anginal Pain,102.0,71.0,71.0,150.0,144.0,53.0,,True,4.7,False,Normal,False,0.6,,0.0,Reversible Defect,True,False,Moderate,5.0,0
63549,49,Male,28.31,,134.0,94.0,68.0,150.0,193.0,41.0,116.0,False,5.5,False,Normal,False,1.2,,2.0,,True,False,Low,4.0,0
84987,71,Male,24.6,Non-anginal Pain,136.0,67.0,63.0,161.0,167.0,,109.0,False,4.6,False,ST-T Wave Abnormality,False,0.0,Flat,3.0,Normal,False,False,Moderate,3.0,0
39929,80,Female,28.0,Non-anginal Pain,127.0,87.0,65.0,155.0,202.0,50.0,103.0,False,5.7,False,Normal,False,5.0,Flat,0.0,Normal,False,False,Moderate,5.0,0
42966,41,Male,21.8,Atypical Angina,119.0,67.0,64.0,176.0,213.0,73.0,130.0,False,5.2,False,Normal,False,0.0,Up,0.0,Normal,False,False,High,10.0,0
26606,54,Female,31.7,Typical Angina,133.0,83.0,62.0,192.0,255.0,69.0,133.0,False,5.1,False,Normal,False,0.6,,0.0,Normal,False,False,,5.0,0
4432,52,Male,24.2,Typical Angina,150.0,86.0,73.0,177.0,218.0,59.0,125.0,False,5.1,False,Normal,False,0.0,Flat,0.0,Normal,False,False,Moderate,3.0,0
28970,48,Male,24.3,Asymptomatic,133.0,80.0,73.0,168.0,122.0,47.0,57.0,False,5.1,False,Normal,False,0.2,Up,1.0,Normal,False,False,Moderate,7.0,0
75463,64,Female,20.1,Atypical Angina,130.0,83.0,74.0,151.0,218.0,58.0,148.0,False,5.2,False,Normal,True,0.7,Up,2.0,Reversible Defect,False,False,Low,4.0,1
53159,53,Male,18.9,Typical Angina,153.0,82.0,75.0,144.0,176.0,62.0,86.0,False,4.4,False,ST-T Wave Abnormality,False,,Flat,0.0,Reversible Defect,False,False,Moderate,5.0,1
15507,74,Female,25.1,Non-anginal Pain,134.0,79.0,66.0,133.0,212.0,59.0,128.0,False,5.1,False,Normal,False,0.0,Flat,2.0,Normal,False,False,Moderate,9.0,0
95606,55,Female,24.96,Asymptomatic,120.0,76.0,73.0,158.0,137.0,44.0,73.0,True,7.2,True,Normal,False,1.1,Up,1.0,Normal,False,False,Low,7.0,0
20716,46,Female,30.9,Asymptomatic,135.0,76.0,66.0,172.0,165.0,38.0,,False,5.8,False,Normal,False,0.0,Up,0.0,Normal,True,False,High,1.0,0
3379,35,Male,27.5,Asymptomatic,96.0,71.0,65.0,193.0,189.0,47.0,119.0,False,,False,Normal,True,0.0,Flat,0.0,Reversible Defect,False,False,High,8.0,0
21102,43,Female,28.42,Typical Angina,101.0,70.0,70.0,181.0,244.0,76.0,146.0,False,5.5,False,Normal,True,0.7,Flat,0.0,Reversible Defect,True,True,High,2.0,1
66316,64,Male,23.8,Atypical Angina,130.0,71.0,84.0,167.0,,48.0,114.0,False,5.2,False,Normal,True,0.5,Flat,0.0,Reversible Defect,,False,Moderate,4.0,0
46531,43,Female,25.9,Non-anginal Pain,106.0,,88.0,171.0,208.0,44.0,140.0,False,5.2,False,Normal,True,1.7,Up,0.0,Normal,False,True,Low,4.0,0
32446,30,Male,31.4,Asymptomatic,114.0,77.0,78.0,183.0,174.0,,112.0,False,5.3,False,ST-T Wave Abnormality,False,0.6,Flat,0.0,Normal,False,True,Moderate,5.0,0
9980,75,Male,16.9,Non-anginal Pain,137.0,81.0,71.0,140.0,200.0,45.0,134.0,False,5.4,False,ST-T Wave Abnormality,True,1.1,Flat,0.0,,False,False,Low,7.0,1
50326,53,Male,20.9,Non-anginal Pain,150.0,97.0,67.0,177.0,187.0,56.0,75.0,False,5.8,False,Left Ventricular Hypertrophy,False,0.0,Up,0.0,Normal,False,False,High,5.0,0
91722,73,Male,21.9,Typical Angina,131.0,81.0,95.0,141.0,138.0,29.0,71.0,False,4.9,False,ST-T Wave Abnormality,False,1.5,Flat,0.0,Reversible Defect,False,True,Low,4.0,0
9786,63,Male,30.14,Asymptomatic,140.0,84.0,114.0,148.0,215.0,29.0,142.0,False,5.3,False,Normal,,0.0,Up,0.0,Normal,False,False,Low,3.0,0
94418,30,Male,23.0,Typical Angina,100.0,85.0,82.0,177.0,144.0,,94.0,False,5.1,False,Left Ventricular Hypertrophy,False,0.7,Up,0.0,Reversible Defect,False,True,Moderate,5.0,1
85531,46,Female,23.1,Asymptomatic,132.0,84.0,72.0,156.0,171.0,64.0,95.0,False,5.4,False,Normal,True,0.4,Flat,0.0,Reversible Defect,False,True,Low,6.0,1
78131,69,Female,36.4,Asymptomatic,132.0,85.0,71.0,144.0,164.0,37.0,102.0,True,7.7,True,Normal,True,0.0,Down,0.0,Normal,True,False,Low,,0
87121,53,Female,23.8,Asymptomatic,101.0,,77.0,158.0,239.0,60.0,,False,5.5,False,Normal,False,0.0,Flat,0.0,Normal,False,False,,7.0,0
79600,79,Female,28.7,Typical Angina,152.0,86.0,87.0,,211.0,46.0,139.0,True,7.4,True,ST-T Wave Abnormality,True,4.1,Flat,3.0,,False,True,Moderate,10.0,1
90332,58,Male,26.8,Asymptomatic,117.0,75.0,71.0,137.0,192.0,49.0,101.0,False,4.7,False,Normal,False,0.6,Up,0.0,Reversible Defect,False,False,Moderate,9.0,1
76922,83,Female,28.2,Asymptomatic,126.0,76.0,84.0,121.0,185.0,36.0,107.0,False,4.5,False,ST-T Wave Abnormality,False,0.7,Down,0.0,Normal,False,True,Low,9.0,1
47393,34,Male,31.3,Non-anginal Pain,127.0,88.0,86.0,164.0,152.0,36.0,75.0,False,,False,ST-T Wave Abnormality,False,0.0,Flat,1.0,Reversible Defect,True,False,Low,4.0,1
6490,64,Male,26.1,Asymptomatic,102.0,83.0,59.0,153.0,224.0,43.0,149.0,False,5.4,True,Normal,False,0.0,Up,1.0,Normal,False,True,Low,6.0,0
14802,46,Female,29.3,Non-anginal Pain,111.0,69.0,55.0,202.0,173.0,55.0,110.0,False,5.2,False,Normal,False,0.0,Flat,3.0,Normal,False,True,Moderate,1.0,1
53479,57,Male,30.8,Asymptomatic,121.0,80.0,72.0,164.0,245.0,33.0,169.0,False,4.9,False,Normal,False,0.0,Up,1.0,Normal,False,False,Low,5.0,0
48829,45,Male,26.83,Asymptomatic,119.0,79.0,80.0,157.0,164.0,51.0,86.0,False,5.6,False,Normal,False,0.7,Flat,0.0,Fixed Defect,True,False,Low,5.0,0
27844,57,Male,23.4,Asymptomatic,118.0,81.0,83.0,163.0,165.0,32.0,100.0,False,,False,Normal,False,0.5,Flat,0.0,Normal,False,True,Low,6.0,1
55910,77,Female,26.2,Asymptomatic,133.0,79.0,71.0,143.0,292.0,47.0,220.0,False,6.3,True,ST-T Wave Abnormality,True,0.0,Down,0.0,Reversible Defect,False,False,Low,7.0,1
93150,74,Male,26.5,Non-anginal Pain,119.0,71.0,70.0,155.0,145.0,39.0,77.0,True,6.0,False,Normal,False,0.0,Up,0.0,Normal,True,True,Low,2.0,0
2805,72,Male,45.9,Atypical Angina,121.0,82.0,75.0,114.0,289.0,22.0,240.0,True,9.7,True,ST-T Wave Abnormality,False,0.0,Down,3.0,Normal,True,False,Low,3.0,1
47926,59,Female,30.1,Asymptomatic,144.0,79.0,81.0,181.0,162.0,40.0,91.0,False,6.3,True,ST-T Wave Abnormality,False,0.7,Flat,3.0,Normal,False,True,Low,7.0,0
96999,72,Male,31.4,Typical Angina,152.0,88.0,83.0,151.0,188.0,22.0,104.0,False,5.6,False,Normal,True,,Up,0.0,Normal,False,False,Low,5.0,1
50459,80,Female,26.9,Atypical Angina,130.0,85.0,80.0,143.0,,,,False,5.6,False,ST-T Wave Abnormality,False,0.0,Up,0.0,Normal,False,False,Low,8.0,0
20737,49,Female,,Non-anginal Pain,125.0,90.0,64.0,174.0,,67.0,122.0,False,5.2,False,Normal,False,0.0,Up,2.0,Normal,True,False,High,5.0,0
22732,55,Female,25.8,Atypical Angina,110.0,70.0,63.0,161.0,143.0,46.0,79.0,False,5.1,False,ST-T Wave Abnormality,False,0.6,Up,0.0,Fixed Defect,False,False,Low,2.0,0
65397,66,Male,19.0,Atypical Angina,142.0,83.0,61.0,170.0,180.0,54.0,,False,5.3,False,,False,0.3,Flat,0.0,Normal,True,False,Moderate,5.0,1
88201,57,Male,26.0,Asymptomatic,115.0,81.0,61.0,148.0,238.0,48.0,134.0,False,5.1,False,Normal,True,,Flat,1.0,Normal,True,,Moderate,3.0,0
28078,52,Female,22.8,Asymptomatic,136.0,83.0,78.0,187.0,138.0,52.0,48.0,False,4.6,False,Normal,False,0.0,Up,0.0,Normal,False,True,Moderate,8.0,0
12323,69,Female,28.3,Non-anginal Pain,141.0,81.0,82.0,151.0,211.0,47.0,128.0,True,9.9,True,Normal,False,0.0,Up,3.0,Normal,False,False,Low,6.0,1
63868,67,Male,18.5,Asymptomatic,128.0,82.0,73.0,168.0,179.0,52.0,107.0,False,4.9,False,Normal,False,0.6,Flat,0.0,Reversible Defect,False,False,Moderate,7.0,0
23837,29,Female,21.6,Asymptomatic,100.0,57.0,62.0,175.0,229.0,49.0,151.0,False,5.2,False,Normal,False,0.0,Flat,0.0,Reversible Defect,False,False,Moderate,5.0,0
42204,68,Male,26.1,Asymptomatic,124.0,76.0,79.0,152.0,204.0,,135.0,False,5.3,False,Normal,False,0.0,Flat,2.0,Normal,False,False,Low,5.0,1
30536,65,Female,,Non-anginal Pain,118.0,80.0,83.0,132.0,175.0,64.0,87.0,False,4.7,False,,False,0.3,Flat,0.0,Normal,False,False,High,5.0,0
78336,25,Male,15.93,Atypical Angina,115.0,,74.0,199.0,173.0,61.0,86.0,False,4.8,False,Normal,False,0.0,Up,0.0,Normal,True,False,Moderate,5.0,0
70354,41,Male,26.1,Atypical Angina,105.0,73.0,122.0,195.0,177.0,42.0,96.0,False,5.5,False,Normal,False,0.0,Up,1.0,Normal,False,True,High,6.0,0
44622,33,Male,38.0,Atypical Angina,113.0,84.0,77.0,187.0,198.0,49.0,131.0,False,5.3,False,Normal,False,0.3,Up,0.0,Normal,False,True,Moderate,3.0,0
80590,73,Female,26.1,Asymptomatic,128.0,92.0,72.0,160.0,207.0,62.0,115.0,False,5.6,False,Normal,False,1.6,Up,0.0,Normal,False,False,Low,3.0,0
670,31,Female,27.0,Non-anginal Pain,96.0,66.0,71.0,187.0,185.0,64.0,97.0,False,5.1,False,ST-T Wave Abnormality,False,0.0,Up,0.0,Normal,False,False,High,1.0,0
53606,74,Male,29.8,Asymptomatic,195.0,107.0,83.0,152.0,168.0,26.0,117.0,False,4.8,False,Normal,False,0.7,Flat,0.0,Fixed Defect,True,False,Low,10.0,1
81802,63,Female,19.97,Asymptomatic,124.0,73.0,77.0,161.0,189.0,40.0,124.0,False,4.8,False,,False,0.8,Up,0.0,Normal,False,True,Low,4.0,0
48582,57,Male,31.96,Non-anginal Pain,122.0,74.0,78.0,159.0,187.0,44.0,108.0,False,5.1,False,Normal,False,0.0,Up,0.0,Normal,False,True,Moderate,7.0,0
80002,42,Female,23.1,Asymptomatic,123.0,82.0,55.0,181.0,209.0,63.0,94.0,False,4.9,False,Normal,False,0.0,Up,0.0,Normal,False,True,High,6.0,0
98756,59,Male,,Atypical Angina,139.0,91.0,75.0,167.0,242.0,45.0,157.0,False,5.5,False,Normal,False,0.0,Flat,0.0,Normal,False,False,Moderate,4.0,1
47969,37,Female,27.18,Atypical Angina,104.0,68.0,71.0,186.0,213.0,65.0,125.0,True,8.6,True,Normal,True,0.0,Flat,0.0,Normal,False,False,High,3.0,0
24490,59,Male,29.5,Asymptomatic,135.0,81.0,67.0,161.0,178.0,39.0,,False,4.9,False,Normal,True,1.3,Up,1.0,Normal,True,False,Moderate,4.0,1
1526,70,Female,27.8,Asymptomatic,215.0,127.0,79.0,162.0,,,114.0,False,4.8,False,Left Ventricular Hypertrophy,False,,Up,0.0,Normal,False,True,Moderate,8.0,1
79272,63,Female,22.9,Asymptomatic,137.0,86.0,64.0,172.0,147.0,39.0,81.0,False,4.9,False,Normal,False,,Up,0.0,Normal,False,False,Moderate,4.0,0
34986,68,Male,27.7,Non-anginal Pain,157.0,101.0,64.0,164.0,249.0,,155.0,False,5.3,False,Normal,False,,Flat,0.0,Normal,False,False,High,4.0,0
48441,30,Female,28.4,Asymptomatic,120.0,71.0,88.0,165.0,258.0,35.0,184.0,False,,False,Normal,True,0.9,Flat,1.0,Reversible Defect,True,False,Moderate,10.0,0
16692,71,Male,25.3,Typical Angina,131.0,96.0,68.0,126.0,152.0,40.0,97.0,False,5.1,False,Normal,False,0.0,,,Normal,False,False,Moderate,9.0,0
82216,79,Male,27.0,Asymptomatic,116.0,71.0,76.0,142.0,196.0,37.0,124.0,False,7.0,True,Normal,True,1.2,Flat,0.0,Normal,False,True,Low,1.0,1
97114,42,Female,25.2,Atypical Angina,113.0,78.0,72.0,181.0,165.0,59.0,,False,4.3,False,Normal,True,0.0,Up,0.0,Reversible Defect,False,False,High,5.0,0
79343,50,Female,22.6,Asymptomatic,136.0,90.0,,159.0,167.0,70.0,85.0,False,5.6,,ST-T Wave Abnormality,True,0.7,Up,1.0,,False,False,High,3.0,0
64634,40,Male,33.56,Asymptomatic,118.0,73.0,71.0,188.0,156.0,49.0,88.0,False,5.3,False,Normal,False,0.0,Up,0.0,Reversible Defect,True,False,Moderate,5.0,0
4684,64,Female,30.6,Asymptomatic,122.0,75.0,65.0,173.0,257.0,50.0,167.0,False,5.2,False,Normal,False,0.0,Up,0.0,Normal,False,False,Low,5.0,0
82554,59,Male,25.95,Typical Angina,139.0,100.0,77.0,,196.0,47.0,115.0,False,5.0,False,Left Ventricular Hypertrophy,True,1.4,Up,0.0,Normal,True,,Moderate,3.0,0
51009,44,Female,24.6,Non-anginal Pain,120.0,,66.0,190.0,193.0,57.0,86.0,False,5.4,False,Normal,False,0.5,Up,0.0,Reversible Defect,False,False,Low,4.0,0
491,54,Male,32.03,Typical Angina,128.0,87.0,76.0,176.0,164.0,37.0,107.0,False,5.5,False,Normal,True,1.4,Up,1.0,Fixed Defect,True,False,Moderate,2.0,1
68964,66,Male,20.2,Asymptomatic,113.0,82.0,59.0,152.0,217.0,42.0,161.0,False,,False,Normal,False,0.0,Flat,2.0,Normal,False,True,High,7.0,1
56835,56,Female,22.4,Non-anginal Pain,132.0,81.0,70.0,146.0,144.0,45.0,89.0,False,5.4,False,Normal,False,4.7,Flat,3.0,Normal,True,False,Low,5.0,1
52538,86,Female,32.8,Asymptomatic,139.0,75.0,75.0,134.0,180.0,51.0,94.0,False,7.0,True,Normal,False,0.0,Up,2.0,Normal,False,,Moderate,7.0,1
39838,59,Female,33.07,Asymptomatic,132.0,85.0,72.0,175.0,187.0,54.0,110.0,False,4.9,False,Left Ventricular Hypertrophy,False,0.2,Flat,0.0,Normal,False,False,High,7.0,1
41885,58,Male,26.02,Asymptomatic,107.0,71.0,66.0,168.0,174.0,47.0,94.0,,5.7,False,Normal,False,0.0,Up,0.0,Normal,False,True,High,4.0,0
74934,67,Male,29.19,Asymptomatic,142.0,76.0,81.0,145.0,252.0,35.0,162.0,False,5.0,False,Normal,False,0.0,Flat,0.0,Normal,True,False,Moderate,7.0,1
69380,57,Female,27.2,Non-anginal Pain,122.0,84.0,59.0,187.0,205.0,54.0,119.0,False,5.8,False,ST-T Wave Abnormality,False,0.0,Up,0.0,Normal,False,False,High,2.0,0
29444,67,Female,22.9,Non-anginal Pain,143.0,81.0,55.0,149.0,160.0,58.0,79.0,False,5.6,False,Left Ventricular Hypertrophy,True,0.0,Flat,0.0,Reversible Defect,False,False,High,5.0,0
24868,56,Female,26.5,Atypical Angina,120.0,66.0,118.0,174.0,154.0,51.0,87.0,False,5.3,False,,False,0.4,Up,0.0,Normal,False,True,Moderate,3.0,0
16780,72,Female,23.4,Asymptomatic,137.0,90.0,78.0,,190.0,,119.0,False,6.3,True,Normal,False,0.7,Flat,1.0,Reversible Defect,False,True,Moderate,7.0,0
10095,39,Male,30.9,Asymptomatic,114.0,82.0,63.0,182.0,188.0,45.0,108.0,False,6.0,False,Normal,False,0.0,Flat,0.0,Normal,False,False,High,5.0,0
75632,67,Female,28.3,Asymptomatic,113.0,72.0,52.0,144.0,176.0,33.0,97.0,False,5.2,False,Normal,True,0.0,Flat,1.0,Reversible Defect,False,False,Moderate,1.0,1
4086,68,Female,32.9,Non-anginal Pain,120.0,66.0,85.0,138.0,194.0,56.0,113.0,False,6.1,False,Normal,True,1.2,Flat,1.0,Reversible Defect,False,False,Moderate,4.0,1
80453,66,Male,32.8,Atypical Angina,135.0,89.0,84.0,163.0,276.0,,212.0,False,5.4,False,Normal,False,0.8,Flat,0.0,Reversible Defect,False,False,Low,8.0,1
53509,70,Male,19.5,Non-anginal Pain,141.0,84.0,,171.0,153.0,39.0,104.0,False,4.8,False,Normal,False,0.0,Flat,0.0,Normal,True,True,Moderate,4.0,0
54812,44,Male,25.2,Non-anginal Pain,124.0,75.0,70.0,178.0,152.0,32.0,114.0,False,5.6,False,Normal,False,0.0,Up,0.0,Normal,False,False,Moderate,4.0,0
62055,36,Male,27.7,Typical Angina,124.0,99.0,90.0,179.0,258.0,43.0,195.0,False,5.0,False,Normal,True,0.5,Down,1.0,Reversible Defect,False,True,Moderate,8.0,0
77416,59,Male,35.8,Atypical Angina,117.0,76.0,71.0,154.0,218.0,56.0,145.0,False,5.5,False,Normal,False,0.0,Up,0.0,Reversible Defect,False,False,Moderate,8.0,0
97619,37,Female,31.7,Asymptomatic,127.0,80.0,74.0,187.0,195.0,39.0,138.0,False,4.8,False,Normal,True,3.1,Flat,0.0,Normal,False,False,Low,4.0,0
77859,59,Male,25.74,Asymptomatic,135.0,82.0,60.0,150.0,174.0,42.0,120.0,False,5.3,False,Normal,False,,Up,0.0,Normal,True,False,Low,4.0,0
27654,31,Female,19.2,Asymptomatic,99.0,71.0,56.0,188.0,165.0,45.0,93.0,False,4.7,False,Normal,False,0.3,Up,0.0,Reversible Defect,False,False,High,3.0,0
90369,28,Female,29.6,Non-anginal Pain,108.0,67.0,80.0,201.0,,50.0,148.0,False,4.9,False,Normal,False,0.0,Up,1.0,Normal,True,False,High,5.0,0
20764,68,Female,30.6,Asymptomatic,157.0,84.0,66.0,139.0,198.0,38.0,120.0,False,5.5,False,ST-T Wave Abnormality,False,1.6,Flat,1.0,Normal,False,True,Low,6.0,1
70849,46,Male,28.5,Asymptomatic,133.0,97.0,66.0,180.0,199.0,60.0,99.0,False,5.0,False,Normal,False,1.7,Flat,0.0,Fixed Defect,False,False,High,1.0,1
64898,43,Female,47.4,Asymptomatic,133.0,82.0,86.0,178.0,209.0,35.0,,False,5.3,False,Normal,False,0.4,Up,1.0,Normal,False,True,Moderate,8.0,0
46262,56,Female,21.5,Asymptomatic,125.0,70.0,70.0,173.0,224.0,51.0,135.0,False,4.7,False,Normal,False,0.3,Up,2.0,Normal,False,False,Moderate,4.0,1
68222,43,Male,25.8,Non-anginal Pain,115.0,82.0,58.0,188.0,208.0,42.0,151.0,False,4.7,False,ST-T Wave Abnormality,False,0.0,Flat,0.0,Normal,True,False,Moderate,3.0,0
95351,47,Male,23.66,Asymptomatic,124.0,74.0,75.0,154.0,122.0,41.0,61.0,False,5.6,False,Left Ventricular Hypertrophy,False,,Down,0.0,Normal,False,False,Low,7.0,0
37967,52,Male,26.9,Atypical Angina,119.0,75.0,83.0,172.0,126.0,31.0,94.0,False,5.0,False,Normal,False,0.0,Flat,0.0,Reversible Defect,False,False,Low,7.0,0
94075,31,Female,24.1,Asymptomatic,95.0,74.0,74.0,210.0,165.0,,102.0,False,4.6,False,Normal,False,0.0,Up,1.0,Normal,False,False,High,5.0,0
87978,54,Female,27.15,Asymptomatic,127.0,79.0,80.0,143.0,200.0,45.0,131.0,True,6.4,True,ST-T Wave Abnormality,False,0.8,Flat,3.0,Normal,False,True,Low,5.0,1
27367,42,Female,38.4,Asymptomatic,123.0,92.0,74.0,162.0,271.0,62.0,144.0,False,5.4,False,ST-T Wave Abnormality,False,1.4,Flat,0.0,,False,False,High,6.0,0
75771,70,Male,23.0,Typical Angina,109.0,64.0,87.0,156.0,222.0,57.0,,False,5.2,False,Left Ventricular Hypertrophy,False,0.0,Up,0.0,Normal,False,False,Moderate,4.0,0
65949,81,Female,30.0,Asymptomatic,129.0,80.0,80.0,135.0,281.0,41.0,194.0,True,7.0,True,Normal,True,0.5,Flat,2.0,Normal,False,False,Low,3.0,1
26813,75,Male,34.4,Non-anginal Pain,132.0,,67.0,124.0,206.0,50.0,131.0,True,7.2,True,Normal,False,1.7,Flat,3.0,Normal,,False,Low,3.0,1
2851,73,Male,24.5,Asymptomatic,148.0,82.0,70.0,132.0,166.0,35.0,111.0,False,,False,Left Ventricular Hypertrophy,True,1.2,Up,1.0,Normal,True,True,Moderate,5.0,1
71082,39,Male,29.0,Typical Angina,109.0,77.0,69.0,181.0,172.0,51.0,88.0,False,5.2,False,Normal,True,0.8,Up,0.0,Normal,False,False,Moderate,4.0,0
76618,66,Male,33.1,Asymptomatic,125.0,78.0,79.0,143.0,,53.0,,False,5.5,False,Normal,False,0.0,Up,0.0,Reversible Defect,False,True,Low,5.0,0
60910,37,Male,26.2,Non-anginal Pain,128.0,92.0,70.0,204.0,289.0,48.0,140.0,False,5.5,False,Normal,False,0.0,Up,0.0,Normal,True,False,Moderate,5.0,1
30752,70,Male,31.9,Asymptomatic,123.0,77.0,65.0,152.0,239.0,33.0,164.0,True,9.5,True,ST-T Wave Abnormality,False,2.6,Flat,2.0,Reversible Defect,True,True,Moderate,6.0,1
22367,39,Female,21.7,Atypical Angina,114.0,,68.0,172.0,215.0,55.0,116.0,True,5.5,False,Normal,False,0.0,Up,1.0,Normal,False,False,High,5.0,0
45893,48,Female,,Typical Angina,112.0,66.0,66.0,161.0,202.0,54.0,130.0,False,5.3,False,Normal,False,,Flat,1.0,Normal,False,False,High,6.0,0
59465,41,Male,32.6,Asymptomatic,109.0,81.0,72.0,170.0,165.0,51.0,95.0,False,5.6,False,Normal,True,2.1,Flat,0.0,Reversible Defect,False,True,Low,4.0,0
39231,56,Male,31.3,Non-anginal Pain,133.0,90.0,68.0,159.0,140.0,50.0,70.0,False,5.3,False,Left Ventricular Hypertrophy,False,,Down,1.0,Normal,False,False,High,6.0,0
96072,72,Female,29.7,Asymptomatic,115.0,65.0,62.0,187.0,145.0,42.0,76.0,False,4.7,False,Left Ventricular Hypertrophy,False,0.0,Up,0.0,Reversible Defect,False,False,High,3.0,0
52030,35,Male,33.9,Atypical Angina,123.0,86.0,75.0,160.0,247.0,33.0,115.0,True,7.0,True,Normal,False,5.8,Flat,2.0,Normal,False,True,Low,4.0,0
515,31,Male,30.22,Asymptomatic,118.0,76.0,77.0,200.0,157.0,41.0,77.0,False,5.4,False,Normal,,0.0,Up,0.0,Normal,False,False,Moderate,5.0,0
82501,34,Male,18.7,Atypical Angina,118.0,75.0,72.0,201.0,180.0,37.0,119.0,False,5.2,False,Normal,False,0.4,Flat,0.0,Normal,True,False,High,8.0,0
44107,48,Female,22.97,Non-anginal Pain,113.0,73.0,55.0,170.0,194.0,60.0,106.0,False,5.2,False,Normal,False,0.0,Down,3.0,Normal,False,False,High,6.0,0
11340,40,Male,30.77,Asymptomatic,99.0,79.0,62.0,178.0,229.0,47.0,153.0,False,5.3,False,Left Ventricular Hypertrophy,False,0.0,Up,0.0,Normal,False,False,Moderate,3.0,0
3841,67,Male,27.0,Non-anginal Pain,114.0,70.0,70.0,,182.0,38.0,117.0,False,6.1,False,Normal,False,1.0,Flat,0.0,Normal,False,True,High,5.0,1
77794,48,Female,32.46,Asymptomatic,119.0,85.0,61.0,151.0,188.0,52.0,83.0,False,5.5,False,Normal,False,0.0,Flat,0.0,Normal,False,False,Moderate,3.0,0
12506,64,Female,31.99,Asymptomatic,135.0,79.0,80.0,158.0,165.0,58.0,75.0,False,5.2,False,Left Ventricular Hypertrophy,False,1.5,Up,3.0,Reversible Defect,False,False,Low,3.0,0
53105,68,Male,24.2,Non-anginal Pain,140.0,85.0,76.0,158.0,216.0,40.0,124.0,False,6.2,False,Normal,False,3.3,Flat,0.0,Normal,False,False,Moderate,4.0,0
28363,67,Female,31.4,Asymptomatic,130.0,77.0,68.0,175.0,157.0,,81.0,False,5.4,False,Normal,False,0.0,Up,0.0,Normal,False,False,Low,3.0,0
33249,27,Male,19.0,Asymptomatic,90.0,58.0,72.0,200.0,183.0,35.0,137.0,False,5.2,False,Normal,False,0.1,Up,0.0,Normal,,False,Moderate,7.0,0
1786,72,Male,27.4,Typical Angina,120.0,75.0,84.0,138.0,190.0,48.0,94.0,False,5.6,False,Normal,False,0.0,Up,0.0,Normal,False,False,Low,7.0,0
43925,31,Female,26.25,Asymptomatic,90.0,52.0,62.0,183.0,198.0,53.0,112.0,False,4.7,False,Normal,False,0.0,Up,0.0,Reversible Defect,False,False,High,3.0,0
66775,71,Male,24.3,Atypical Angina,127.0,87.0,74.0,163.0,205.0,61.0,128.0,True,6.8,True,Normal,False,0.3,Up,0.0,Normal,True,False,Low,9.0,0
12374,69,Male,,Atypical Angina,122.0,80.0,92.0,154.0,225.0,25.0,143.0,True,6.8,True,ST-T Wave Abnormality,True,0.3,Flat,1.0,Normal,False,True,Moderate,2.0,1
59163,64,Female,25.65,Asymptomatic,108.0,69.0,70.0,171.0,170.0,51.0,106.0,False,4.6,False,Normal,False,0.0,Up,0.0,Normal,False,True,Moderate,3.0,0
75739,57,Female,22.3,Typical Angina,103.0,65.0,46.0,137.0,231.0,47.0,154.0,False,4.7,False,Normal,False,,Up,0.0,Normal,False,False,Moderate,3.0,0
2899,70,Female,23.1,Non-anginal Pain,133.0,74.0,79.0,171.0,166.0,29.0,118.0,False,5.4,False,Normal,False,0.0,Up,0.0,Normal,True,True,Low,4.0,1
72248,26,Female,20.22,Asymptomatic,98.0,,87.0,196.0,219.0,55.0,132.0,False,5.5,False,Normal,False,0.0,Up,0.0,Normal,False,True,Moderate,2.0,0
76250,71,Male,25.6,Asymptomatic,115.0,89.0,69.0,169.0,161.0,36.0,96.0,False,5.2,False,Normal,True,0.0,Up,0.0,Normal,False,False,Low,7.0,0
57848,85,Male,32.78,Atypical Angina,145.0,94.0,63.0,116.0,215.0,52.0,132.0,False,5.6,True,Left Ventricular Hypertrophy,True,0.0,Up,3.0,Normal,False,False,Moderate,5.0,1
40335,83,Female,30.4,Typical Angina,141.0,82.0,87.0,127.0,216.0,55.0,130.0,False,,True,Left Ventricular Hypertrophy,True,,Flat,0.0,Fixed Defect,False,True,Low,6.0,1
20742,44,Male,20.2,Typical Angina,118.0,81.0,64.0,162.0,151.0,48.0,91.0,False,4.3,False,ST-T Wave Abnormality,False,1.0,Flat,0.0,Normal,False,True,High,4.0,1
81218,53,Male,,Non-anginal Pain,105.0,72.0,57.0,200.0,,66.0,129.0,False,4.6,False,Normal,False,0.2,Up,1.0,Reversible Defect,True,False,High,3.0,0
32701,78,Male,28.92,Typical Angina,123.0,84.0,75.0,168.0,271.0,46.0,198.0,False,5.6,False,Normal,False,0.0,Up,0.0,Normal,False,True,Moderate,6.0,0
95170,35,Female,31.2,Non-anginal Pain,120.0,80.0,68.0,158.0,170.0,56.0,99.0,False,5.2,False,ST-T Wave Abnormality,False,0.7,Flat,1.0,Normal,False,False,High,6.0,0
43077,50,Male,26.07,Asymptomatic,127.0,73.0,75.0,180.0,233.0,39.0,104.0,False,5.5,False,Normal,False,0.0,Up,0.0,,False,True,High,10.0,0
36461,59,Male,25.9,Asymptomatic,123.0,84.0,85.0,157.0,208.0,48.0,118.0,False,7.8,True,Normal,False,0.0,Up,0.0,Fixed Defect,,True,Low,2.0,0
18732,68,Male,29.6,Atypical Angina,136.0,88.0,75.0,145.0,170.0,39.0,104.0,False,5.6,False,,False,0.7,Up,0.0,Normal,False,True,Low,5.0,1
38571,28,Female,30.1,Non-anginal Pain,118.0,68.0,75.0,178.0,284.0,52.0,138.0,True,8.8,True,Normal,False,0.0,Up,0.0,Normal,False,False,High,5.0,0
60545,46,Female,25.1,Typical Angina,106.0,78.0,57.0,181.0,128.0,38.0,71.0,False,5.0,False,Normal,False,0.6,Up,0.0,Reversible Defect,False,False,Moderate,6.0,0
22583,62,Female,17.7,Typical Angina,,76.0,76.0,116.0,190.0,62.0,105.0,False,4.9,False,Normal,True,2.6,Flat,2.0,Normal,False,False,Low,8.0,1
67075,41,Male,21.89,Asymptomatic,102.0,63.0,57.0,196.0,196.0,52.0,128.0,False,5.3,False,Normal,False,1.1,Flat,0.0,Normal,False,False,High,8.0,0
47484,67,Male,28.2,Non-anginal Pain,121.0,75.0,72.0,169.0,236.0,38.0,164.0,False,4.9,False,Normal,False,0.0,Up,0.0,Normal,False,True,Low,1.0,0
86085,61,Male,30.46,Atypical Angina,133.0,73.0,83.0,165.0,213.0,54.0,118.0,False,5.4,False,Normal,False,0.0,Up,0.0,Normal,False,False,Low,6.0,0
31343,49,Male,29.4,Asymptomatic,124.0,90.0,74.0,142.0,165.0,26.0,101.0,True,,False,Normal,False,0.0,Up,2.0,Normal,False,False,Low,2.0,0
24408,33,Male,37.9,Non-anginal Pain,112.0,54.0,77.0,195.0,210.0,42.0,132.0,True,5.1,False,Normal,False,0.6,Flat,0.0,Normal,False,True,Moderate,10.0,1
15910,58,Female,27.4,Asymptomatic,123.0,89.0,77.0,175.0,154.0,,77.0,False,5.6,False,ST-T Wave Abnormality,True,2.0,Flat,0.0,Normal,True,False,High,5.0,0
85977,43,Male,30.1,Asymptomatic,103.0,70.0,72.0,171.0,118.0,36.0,71.0,False,5.1,False,Normal,False,0.8,Flat,0.0,Normal,True,False,Moderate,2.0,0
6711,63,Male,23.6,Asymptomatic,136.0,83.0,70.0,156.0,138.0,54.0,67.0,False,4.3,False,Normal,False,0.0,Up,0.0,Normal,False,False,Moderate,7.0,0
40800,54,Female,27.4,Non-anginal Pain,128.0,83.0,72.0,175.0,201.0,60.0,124.0,,5.8,False,Normal,False,0.7,Up,0.0,Reversible Defect,False,True,High,9.0,1
26795,74,Female,21.9,Non-anginal Pain,130.0,80.0,78.0,126.0,163.0,44.0,98.0,False,5.3,False,Normal,False,0.2,Flat,2.0,Reversible Defect,True,False,Low,3.0,0
56380,80,Male,26.6,Asymptomatic,140.0,87.0,70.0,,153.0,48.0,106.0,False,5.4,False,Normal,False,0.0,Up,0.0,Normal,False,False,Low,6.0,1
25387,81,Male,25.3,Atypical Angina,164.0,101.0,89.0,109.0,257.0,28.0,210.0,False,5.3,False,Normal,False,0.0,Up,1.0,Normal,True,False,Low,6.0,1
57785,55,Male,26.5,Atypical Angina,128.0,71.0,72.0,150.0,182.0,42.0,120.0,False,5.6,False,Normal,True,1.3,Up,1.0,Normal,False,False,Moderate,8.0,0
69304,65,Female,23.7,Atypical Angina,115.0,63.0,68.0,135.0,,24.0,128.0,False,5.3,False,Normal,False,1.8,Flat,1.0,Normal,False,False,High,8.0,0
8650,72,Female,27.8,Asymptomatic,116.0,79.0,68.0,162.0,168.0,35.0,118.0,True,8.2,True,Normal,False,0.3,,0.0,Normal,False,False,Moderate,1.0,0
36043,46,Female,27.1,Atypical Angina,118.0,71.0,65.0,185.0,183.0,61.0,104.0,False,5.4,False,Normal,False,0.0,Up,0.0,,True,True,Moderate,6.0,0
73668,62,Male,33.9,Atypical Angina,116.0,76.0,67.0,145.0,187.0,50.0,86.0,True,8.4,True,ST-T Wave Abnormality,False,2.1,Flat,0.0,Fixed Defect,False,False,Moderate,6.0,0
70850,77,Female,24.4,Asymptomatic,134.0,78.0,77.0,150.0,189.0,54.0,116.0,False,4.7,False,ST-T Wave Abnormality,False,0.0,Up,3.0,Reversible Defect,False,False,Low,3.0,1
78221,72,Male,21.9,Asymptomatic,160.0,96.0,56.0,185.0,245.0,48.0,161.0,,5.1,False,Left Ventricular Hypertrophy,False,0.0,Up,1.0,Normal,False,True,Low,4.0,0
37638,62,Male,,Non-anginal Pain,124.0,84.0,61.0,163.0,191.0,40.0,138.0,False,5.4,False,Normal,False,0.8,Flat,0.0,Normal,False,True,Moderate,8.0,0
68966,44,Female,26.2,Non-anginal Pain,122.0,83.0,84.0,180.0,260.0,42.0,165.0,,,False,Normal,False,1.2,Flat,0.0,Reversible Defect,False,False,Low,4.0,0
34485,65,Male,30.9,Asymptomatic,186.0,106.0,70.0,148.0,161.0,58.0,86.0,False,5.1,False,Normal,False,0.6,Flat,0.0,Normal,False,False,Low,7.0,0
90298,44,Female,22.3,Atypical Angina,103.0,60.0,62.0,196.0,227.0,48.0,,False,6.0,False,Normal,True,0.0,Up,0.0,Reversible Defect,False,False,High,3.0,0
44518,31,Male,24.5,Atypical Angina,120.0,78.0,68.0,165.0,,46.0,78.0,False,5.5,False,Normal,False,0.0,Up,0.0,Fixed Defect,False,False,Moderate,7.0,0
28677,63,Female,37.6,Atypical Angina,140.0,87.0,70.0,,175.0,58.0,101.0,True,11.7,True,Normal,True,0.0,Up,0.0,Normal,True,False,Moderate,5.0,1
16805,52,Female,19.89,Non-anginal Pain,105.0,72.0,69.0,153.0,193.0,46.0,115.0,False,5.3,False,Normal,True,0.0,Up,0.0,Normal,False,False,Low,2.0,0
60631,35,Female,,Asymptomatic,123.0,83.0,74.0,195.0,189.0,66.0,110.0,False,5.9,False,,False,0.0,Flat,1.0,Reversible Defect,False,False,High,9.0,0
22481,83,Female,22.2,Asymptomatic,139.0,76.0,78.0,144.0,126.0,37.0,64.0,False,5.1,False,Normal,True,0.6,Down,2.0,Normal,False,False,Low,1.0,0
83265,35,Female,26.4,Non-anginal Pain,92.0,75.0,70.0,199.0,256.0,51.0,162.0,False,5.4,False,Normal,False,,Up,2.0,Normal,True,False,Moderate,4.0,0
46471,83,Male,30.7,Typical Angina,130.0,67.0,67.0,126.0,197.0,42.0,118.0,False,5.8,False,Normal,True,1.4,Flat,3.0,Reversible Defect,False,False,Low,4.0,1
93314,63,Male,22.3,Typical Angina,131.0,73.0,76.0,154.0,,42.0,109.0,False,5.1,False,ST-T Wave Abnormality,False,4.9,Flat,3.0,Reversible Defect,False,False,Low,4.0,0
72466,59,Male,31.4,Typical Angina,136.0,81.0,71.0,133.0,186.0,47.0,87.0,False,5.5,False,Normal,False,0.0,Flat,0.0,Normal,False,False,Moderate,5.0,0
96947,60,Male,26.8,Asymptomatic,141.0,92.0,89.0,,166.0,42.0,84.0,False,5.2,False,Normal,False,0.0,Up,1.0,Normal,True,False,Low,9.0,0
72489,26,Female,31.1,Atypical Angina,104.0,67.0,75.0,210.0,162.0,22.0,116.0,False,4.4,False,Normal,False,0.0,Up,0.0,Normal,False,True,High,6.0,0
30956,28,Male,22.3,Typical Angina,101.0,76.0,63.0,195.0,124.0,21.0,84.0,False,4.7,False,Normal,True,0.0,,0.0,Normal,False,False,Moderate,4.0,1
51576,41,Male,28.2,Non-anginal Pain,95.0,67.0,81.0,175.0,164.0,34.0,92.0,False,5.4,False,Normal,True,0.0,Up,0.0,Normal,True,False,Low,3.0,0
61259,65,Male,30.5,Asymptomatic,133.0,70.0,72.0,158.0,278.0,70.0,146.0,False,5.7,False,Normal,False,0.0,Flat,2.0,Normal,False,False,Low,2.0,0
49216,48,Male,30.32,,145.0,94.0,79.0,161.0,125.0,32.0,76.0,False,4.9,False,Normal,False,0.0,Flat,0.0,Normal,True,False,Low,6.0,0
46971,75,Male,33.6,Typical Angina,141.0,87.0,73.0,169.0,198.0,53.0,128.0,False,5.6,False,ST-T Wave Abnormality,True,0.0,Flat,3.0,Fixed Defect,True,False,Moderate,3.0,1
61830,31,Female,22.9,Asymptomatic,103.0,73.0,72.0,163.0,249.0,43.0,155.0,False,5.0,False,Normal,False,0.0,Flat,0.0,Normal,False,False,Low,5.0,0
3759,61,Female,19.85,Asymptomatic,116.0,77.0,71.0,127.0,167.0,38.0,103.0,False,4.7,False,Normal,False,1.1,Up,1.0,,False,False,Low,1.0,0
59662,55,Female,22.5,Atypical Angina,113.0,73.0,58.0,160.0,127.0,52.0,58.0,True,8.0,True,Normal,False,,Flat,0.0,Reversible Defect,False,False,Moderate,5.0,0
86949,49,Male,27.76,Asymptomatic,104.0,81.0,74.0,126.0,171.0,37.0,102.0,False,4.9,False,Normal,False,0.8,,3.0,Normal,False,False,Low,7.0,1
49021,63,Male,32.7,Non-anginal Pain,129.0,90.0,69.0,165.0,209.0,27.0,171.0,False,5.5,False,Normal,False,0.4,Up,0.0,Normal,False,False,Moderate,9.0,0
42279,39,Male,27.4,Asymptomatic,128.0,90.0,56.0,181.0,240.0,63.0,147.0,False,4.8,False,,False,0.4,Down,0.0,Reversible Defect,False,True,High,6.0,0
67186,73,Male,23.9,,137.0,,77.0,150.0,187.0,51.0,99.0,False,5.0,False,ST-T Wave Abnormality,False,1.9,Flat,1.0,Normal,True,True,Low,3.0,1
3539,44,Female,24.06,Non-anginal Pain,128.0,73.0,58.0,178.0,249.0,36.0,160.0,False,5.1,False,Normal,False,0.0,Up,0.0,Normal,False,True,Moderate,7.0,0
43678,51,Female,21.8,Non-anginal Pain,128.0,72.0,76.0,186.0,167.0,47.0,108.0,False,5.5,False,Left Ventricular Hypertrophy,False,1.3,Up,1.0,Normal,False,True,High,10.0,1
35720,80,Female,,Asymptomatic,134.0,85.0,78.0,147.0,350.0,43.0,267.0,False,5.7,False,Normal,False,1.0,Flat,0.0,Reversible Defect,False,True,Low,3.0,1
10442,75,Female,29.9,Non-anginal Pain,152.0,92.0,77.0,136.0,259.0,39.0,121.0,True,7.0,True,Normal,False,0.2,Flat,3.0,Fixed Defect,False,True,Moderate,8.0,1
82713,82,Male,33.4,Asymptomatic,146.0,81.0,64.0,154.0,202.0,47.0,119.0,False,6.3,False,,False,0.0,Up,1.0,Normal,False,False,Low,4.0,0
78391,68,Male,21.6,Atypical Angina,121.0,69.0,82.0,129.0,164.0,33.0,81.0,False,5.2,False,Normal,False,0.0,Up,0.0,Normal,False,False,Low,4.0,1
87560,59,Female,25.3,Non-anginal Pain,124.0,84.0,69.0,157.0,252.0,58.0,167.0,False,5.0,False,Normal,False,0.5,Down,1.0,Reversible Defect,False,False,Moderate,4.0,0
50537,44,Female,30.6,Non-anginal Pain,112.0,66.0,74.0,153.0,190.0,45.0,126.0,False,,False,Normal,False,0.4,Flat,0.0,Normal,False,False,Moderate,8.0,0
29021,57,Female,26.5,Asymptomatic,119.0,67.0,70.0,155.0,190.0,,81.0,False,9.7,True,ST-T Wave Abnormality,False,0.0,Flat,0.0,Reversible Defect,True,True,Low,2.0,0
58492,56,Female,,Non-anginal Pain,127.0,73.0,73.0,147.0,154.0,34.0,92.0,True,9.5,True,Normal,False,0.0,Up,2.0,Normal,True,True,Low,5.0,1
50643,38,Male,20.5,Asymptomatic,114.0,86.0,69.0,174.0,178.0,56.0,75.0,False,4.9,False,Normal,False,0.0,Flat,0.0,Normal,False,False,Moderate,5.0,0
43707,51,Female,24.1,Non-anginal Pain,136.0,95.0,90.0,163.0,244.0,54.0,179.0,False,5.4,False,Normal,False,0.3,Up,1.0,Normal,False,False,Moderate,7.0,0
67420,36,Female,23.3,Asymptomatic,93.0,71.0,,190.0,173.0,54.0,87.0,False,5.2,False,Normal,False,1.0,Up,1.0,Reversible Defect,False,False,Moderate,3.0,0
89230,39,Male,24.1,Asymptomatic,114.0,65.0,74.0,172.0,276.0,56.0,193.0,True,5.3,False,Normal,False,0.0,Down,3.0,Reversible Defect,False,False,Moderate,4.0,1
40940,54,Female,24.2,Atypical Angina,112.0,,62.0,169.0,222.0,57.0,,False,5.4,False,,False,0.0,Up,0.0,Normal,False,False,High,4.0,0
2453,81,Male,22.0,Atypical Angina,157.0,104.0,79.0,121.0,168.0,44.0,111.0,True,8.5,True,ST-T Wave Abnormality,False,0.9,Flat,1.0,Normal,,False,Moderate,7.0,1
27287,45,Male,18.2,Non-anginal Pain,96.0,66.0,51.0,167.0,320.0,62.0,228.0,False,5.7,False,Normal,True,0.0,Flat,0.0,Reversible Defect,False,False,High,1.0,0
33401,37,Female,24.3,Atypical Angina,107.0,70.0,67.0,192.0,224.0,46.0,149.0,False,5.5,False,Normal,False,0.4,Flat,0.0,Normal,False,False,Moderate,4.0,0
27004,42,Female,29.54,Asymptomatic,135.0,78.0,72.0,174.0,147.0,48.0,78.0,True,6.4,True,Normal,True,2.4,Flat,0.0,Reversible Defect,False,False,Moderate,5.0,0
59329,45,Female,24.8,Typical Angina,111.0,80.0,67.0,189.0,,54.0,95.0,False,4.8,False,Normal,False,0.3,Flat,2.0,Normal,False,False,High,4.0,0
59613,53,Male,27.2,typical angina,121.0,90.0,60.0,128.0,227.0,40.0,,False,5.7,False,ST-T Wave Abnormality,True,2.3,Flat,,,False,True,Moderate,3.0,1
52906,60,Male,33.44,Typical Angina,104.0,59.0,76.0,162.0,215.0,48.0,98.0,False,,False,Normal,True,,Flat,2.0,Normal,False,False,Moderate,8.0,0
8389,56,Female,20.3,Non-anginal Pain,141.0,87.0,60.0,154.0,152.0,53.0,63.0,False,5.3,False,Normal,True,0.0,Up,0.0,Normal,True,True,Moderate,4.0,0
36721,45,Female,27.9,Atypical Angina,114.0,71.0,77.0,,184.0,54.0,81.0,False,5.3,False,Normal,False,0.0,Up,0.0,Fixed Defect,False,True,High,6.0,0
45122,44,Female,26.7,Typical Angina,113.0,80.0,75.0,175.0,189.0,55.0,107.0,False,4.8,,Normal,False,0.0,Flat,1.0,Normal,True,False,Moderate,8.0,0
91671,53,Female,35.7,Asymptomatic,115.0,67.0,73.0,189.0,197.0,38.0,124.0,False,5.3,False,Left Ventricular Hypertrophy,False,0.0,Down,2.0,Normal,False,False,Low,4.0,1
40023,35,Female,20.1,Asymptomatic,124.0,86.0,,173.0,147.0,47.0,85.0,False,5.2,False,Normal,True,0.0,Flat,0.0,Normal,False,False,High,7.0,0
62127,62,Male,21.5,Non-anginal Pain,120.0,70.0,70.0,131.0,145.0,52.0,64.0,False,5.7,False,Normal,True,1.0,Flat,0.0,Normal,False,False,Low,1.0,0
568,55,Male,22.8,Asymptomatic,108.0,70.0,76.0,154.0,147.0,43.0,89.0,False,5.5,False,Left Ventricular Hypertrophy,False,0.4,Up,0.0,Reversible Defect,False,,Low,2.0,0
90860,72,Female,27.4,Non-anginal Pain,115.0,72.0,66.0,,178.0,52.0,,False,5.2,False,Normal,False,1.6,Up,0.0,Fixed Defect,False,True,Low,,1
64420,66,Female,30.1,Typical Angina,138.0,86.0,72.0,130.0,261.0,56.0,182.0,True,5.1,False,ST-T Wave Abnormality,True,0.0,Flat,0.0,Reversible Defect,False,True,Low,5.0,0
17820,69,Female,21.1,Atypical Angina,118.0,79.0,70.0,150.0,148.0,57.0,78.0,False,5.1,False,Normal,False,0.2,Up,0.0,Normal,False,False,Low,3.0,0
30607,69,Female,41.3,Asymptomatic,125.0,83.0,84.0,160.0,186.0,51.0,101.0,True,8.2,True,Normal,False,0.0,Up,1.0,Normal,False,True,Moderate,6.0,0
95600,45,Male,20.3,Asymptomatic,111.0,71.0,74.0,175.0,146.0,31.0,97.0,False,4.6,False,Normal,False,0.0,Up,0.0,Normal,True,False,Moderate,7.0,0
52621,42,Male,23.3,Non-anginal Pain,123.0,74.0,65.0,175.0,139.0,42.0,89.0,False,5.5,False,Normal,False,0.0,Up,0.0,Normal,True,False,High,5.0,0
68073,46,Male,25.2,Asymptomatic,133.0,90.0,67.0,147.0,179.0,49.0,90.0,False,4.7,False,ST-T Wave Abnormality,False,0.0,Up,1.0,Fixed Defect,True,True,High,7.0,0
84854,31,Male,31.0,Atypical Angina,90.0,75.0,64.0,163.0,173.0,51.0,106.0,False,5.4,False,Normal,False,0.9,Flat,1.0,Normal,True,True,Moderate,6.0,0
40093,41,Female,25.4,Asymptomatic,118.0,81.0,65.0,189.0,250.0,65.0,133.0,False,5.5,False,Normal,True,0.7,Flat,0.0,,False,False,High,4.0,0
57480,51,Female,30.3,Asymptomatic,112.0,65.0,70.0,150.0,361.0,69.0,283.0,False,5.1,False,Normal,False,0.0,Up,0.0,Normal,False,True,Low,4.0,0
26996,47,Female,21.62,Asymptomatic,111.0,83.0,63.0,167.0,227.0,65.0,117.0,False,,False,Normal,True,1.0,Up,2.0,Normal,False,False,High,3.0,0
5079,50,Female,29.67,Asymptomatic,136.0,86.0,61.0,182.0,178.0,45.0,91.0,False,5.5,False,Normal,False,0.0,Up,0.0,Normal,True,False,High,4.0,0
4167,58,Female,32.1,Asymptomatic,109.0,76.0,69.0,155.0,209.0,47.0,139.0,True,4.9,False,Normal,True,0.0,Up,0.0,Normal,False,True,Low,6.0,0
62109,29,Male,26.8,Atypical Angina,116.0,67.0,71.0,188.0,149.0,39.0,113.0,True,9.3,True,Normal,False,4.1,Flat,0.0,Normal,True,False,High,5.0,0
65033,81,Male,25.1,Typical Angina,129.0,84.0,79.0,131.0,194.0,49.0,122.0,False,5.6,False,normal,False,0.1,Flat,1.0,Reversible Defect,False,False,Moderate,6.0,1
88317,30,Male,33.1,Non-anginal Pain,104.0,74.0,78.0,176.0,297.0,36.0,188.0,True,7.6,True,Normal,False,0.0,Flat,0.0,Normal,False,,Low,10.0,1
91442,87,Male,28.8,Non-anginal Pain,154.0,92.0,83.0,111.0,,31.0,146.0,False,5.9,False,ST-T Wave Abnormality,False,0.0,Up,2.0,Reversible Defect,False,False,Low,5.0,1
64788,40,Male,25.5,Atypical Angina,104.0,57.0,63.0,194.0,157.0,43.0,102.0,False,5.1,False,Left Ventricular Hypertrophy,False,0.0,Up,0.0,Normal,False,False,Moderate,1.0,0
38978,52,Male,20.9,Asymptomatic,134.0,73.0,67.0,158.0,176.0,36.0,127.0,False,5.7,False,Normal,False,0.0,Up,1.0,Normal,False,False,Moderate,2.0,0
63733,58,Male,21.5,Non-anginal Pain,104.0,77.0,70.0,157.0,209.0,39.0,110.0,False,5.5,False,Normal,False,0.0,Up,0.0,Normal,False,True,Moderate,8.0,0
88536,82,Female,32.6,Asymptomatic,140.0,90.0,73.0,168.0,190.0,57.0,123.0,False,4.8,False,Normal,False,0.0,Up,0.0,Normal,False,False,High,4.0,0
15046,72,Male,21.2,Asymptomatic,121.0,78.0,61.0,164.0,170.0,46.0,115.0,False,5.6,False,ST-T Wave Abnormality,False,0.0,Up,0.0,Normal,False,True,Moderate,1.0,0
54621,53,Male,25.5,Asymptomatic,117.0,62.0,67.0,147.0,143.0,39.0,70.0,False,4.9,False,Normal,False,0.0,Flat,1.0,Reversible Defect,False,False,Low,6.0,0
77505,57,Male,25.6,Typical Angina,135.0,85.0,75.0,149.0,154.0,41.0,98.0,False,4.6,False,ST-T Wave Abnormality,False,0.0,Up,0.0,Normal,False,True,Low,7.0,0
33812,58,Male,28.5,Non-anginal Pain,125.0,71.0,56.0,152.0,214.0,48.0,107.0,True,10.1,True,Left Ventricular Hypertrophy,False,1.5,Flat,0.0,,True,True,Low,3.0,1
98219,38,Male,21.09,Typical Angina,128.0,74.0,73.0,179.0,183.0,45.0,128.0,False,4.9,False,,False,0.1,Down,0.0,Reversible Defect,True,True,High,2.0,0
20193,44,Female,19.0,Typical Angina,105.0,62.0,86.0,169.0,190.0,57.0,75.0,False,5.0,False,Normal,False,0.0,Up,0.0,,False,True,Moderate,7.0,0
97210,40,Male,23.7,Asymptomatic,112.0,82.0,76.0,173.0,171.0,52.0,101.0,False,4.5,False,Normal,False,0.5,Flat,0.0,Reversible Defect,False,False,Moderate,3.0,0
98255,65,Female,28.4,Typical Angina,137.0,88.0,79.0,134.0,229.0,58.0,114.0,False,5.1,False,Normal,False,1.3,Flat,0.0,Reversible Defect,,False,Low,4.0,0
99250,50,Male,27.3,Non-anginal Pain,115.0,70.0,60.0,181.0,260.0,36.0,150.0,False,6.2,True,Normal,False,0.0,Flat,,Normal,True,True,High,2.0,0
26131,45,Female,33.8,Asymptomatic,107.0,81.0,61.0,171.0,225.0,39.0,153.0,,,False,Normal,False,0.2,Down,0.0,Normal,True,False,Moderate,3.0,0
29912,30,Female,25.1,Asymptomatic,104.0,72.0,62.0,200.0,192.0,49.0,123.0,False,4.7,False,Normal,False,0.0,Up,0.0,Reversible Defect,True,False,Low,6.0,0
32252,43,Female,22.5,Atypical Angina,117.0,81.0,77.0,168.0,142.0,55.0,77.0,False,4.8,False,Normal,True,1.9,Flat,0.0,Normal,True,False,High,7.0,0
216,62,Male,25.8,Atypical Angina,,88.0,82.0,162.0,162.0,28.0,84.0,False,6.0,False,Normal,False,0.8,Flat,1.0,Normal,False,False,Low,5.0,0
8345,35,Female,22.6,Asymptomatic,111.0,75.0,66.0,208.0,213.0,,,False,4.8,False,Normal,False,0.0,Up,0.0,Normal,False,False,Moderate,6.0,0
27203,48,Female,27.5,Asymptomatic,105.0,60.0,,176.0,,52.0,66.0,False,,False,Normal,False,0.0,Up,0.0,Normal,False,False,High,4.0,0
31188,89,Male,23.5,Atypical Angina,159.0,86.0,70.0,124.0,194.0,43.0,129.0,False,5.0,False,ST-T Wave Abnormality,True,0.0,Down,3.0,Reversible Defect,False,False,Moderate,1.0,1
56241,66,Male,29.3,Asymptomatic,132.0,82.0,73.0,138.0,198.0,48.0,115.0,False,5.1,False,Normal,False,0.0,Up,0.0,,False,False,Low,7.0,0
44776,55,Male,27.3,Non-anginal Pain,120.0,81.0,75.0,178.0,158.0,42.0,79.0,False,5.8,False,Normal,False,2.6,Up,0.0,Normal,True,False,Low,5.0,0
6866,50,Female,26.5,Asymptomatic,90.0,50.0,65.0,206.0,175.0,58.0,102.0,False,4.6,False,Normal,False,0.0,Up,0.0,Normal,True,False,High,5.0,0
56149,54,Male,22.5,Asymptomatic,116.0,,70.0,164.0,190.0,,122.0,False,5.4,False,Normal,False,0.4,Up,0.0,Normal,False,False,Low,6.0,0
66945,58,Male,31.72,Non-anginal Pain,121.0,77.0,80.0,145.0,141.0,20.0,112.0,False,5.2,False,Normal,False,0.0,Up,0.0,Normal,False,False,Moderate,7.0,0
53644,38,Male,28.8,Asymptomatic,109.0,67.0,65.0,202.0,161.0,30.0,107.0,False,4.3,False,,True,1.3,Flat,0.0,Normal,True,True,High,5.0,0
125,69,Female,28.85,Non-anginal Pain,133.0,87.0,76.0,162.0,132.0,46.0,71.0,False,5.1,False,Normal,False,0.0,Up,0.0,Normal,False,False,Moderate,7.0,0
35329,64,Male,30.4,Typical Angina,119.0,71.0,80.0,152.0,160.0,30.0,103.0,False,5.0,False,ST-T Wave Abnormality,True,1.9,Down,0.0,Fixed Defect,True,False,Low,,1
47516,44,Male,26.9,Non-anginal Pain,117.0,80.0,67.0,155.0,190.0,32.0,149.0,False,5.1,False,Normal,True,0.3,Flat,0.0,Normal,False,True,,5.0,0
40036,74,Male,31.0,Asymptomatic,116.0,81.0,94.0,130.0,257.0,43.0,165.0,False,5.3,False,Normal,False,0.0,Flat,1.0,Reversible Defect,False,False,Moderate,8.0,1
87745,72,Male,37.5,Atypical Angina,142.0,86.0,76.0,136.0,221.0,48.0,145.0,False,5.7,False,,False,0.0,Down,0.0,Normal,False,False,Low,7.0,0
67826,63,Female,21.9,Asymptomatic,113.0,75.0,74.0,165.0,143.0,51.0,,False,5.3,False,Normal,False,0.0,Flat,0.0,Normal,False,True,Moderate,6.0,0
54836,33,Male,37.1,Non-anginal Pain,104.0,76.0,71.0,167.0,201.0,46.0,125.0,False,5.2,False,Normal,False,0.0,Flat,0.0,Normal,False,True,Moderate,7.0,0
41379,65,Male,29.1,Atypical Angina,120.0,81.0,72.0,156.0,152.0,53.0,71.0,False,5.1,False,ST-T Wave Abnormality,False,1.4,Flat,1.0,Normal,False,False,Moderate,4.0,0
44725,50,Female,38.7,Typical Angina,131.0,86.0,78.0,167.0,190.0,53.0,106.0,False,6.2,True,Normal,False,0.0,Flat,1.0,Reversible Defect,False,False,Moderate,8.0,1
64272,61,Male,30.7,Asymptomatic,140.0,93.0,58.0,171.0,224.0,,162.0,False,5.1,False,Normal,False,0.0,Down,0.0,Normal,False,False,Low,4.0,0
22011,53,Male,17.7,Atypical Angina,100.0,68.0,82.0,151.0,,49.0,83.0,False,4.9,False,Normal,False,0.0,Flat,0.0,Normal,False,False,Low,4.0,0
86481,61,Male,22.3,Asymptomatic,143.0,,80.0,154.0,133.0,40.0,77.0,True,7.3,True,Normal,False,0.0,Up,0.0,Normal,False,False,Moderate,10.0,0
41602,36,Male,30.2,Non-anginal Pain,109.0,66.0,70.0,177.0,209.0,51.0,128.0,False,5.2,False,Normal,False,0.0,Up,3.0,Normal,False,True,Low,7.0,1
59929,33,Male,25.9,Asymptomatic,110.0,69.0,64.0,206.0,178.0,46.0,106.0,False,5.2,False,Normal,False,0.3,Up,0.0,Normal,False,False,High,6.0,0
67008,36,Female,,Asymptomatic,133.0,89.0,73.0,171.0,,,,False,5.6,False,Normal,False,,Down,0.0,Normal,True,True,Low,5.0,0
42107,36,Male,23.5,Typical Angina,94.0,68.0,70.0,189.0,161.0,37.0,63.0,False,5.6,False,Normal,False,0.0,Up,1.0,Normal,False,False,Moderate,4.0,0
76198,54,Female,20.5,Typical Angina,134.0,82.0,67.0,165.0,230.0,48.0,151.0,False,,False,Normal,False,0.1,Up,2.0,Fixed Defect,True,False,Moderate,5.0,0
62235,53,Female,32.9,Asymptomatic,136.0,88.0,64.0,177.0,172.0,,95.0,True,9.3,True,Left Ventricular Hypertrophy,False,0.0,Up,0.0,Normal,False,False,Low,4.0,0
63028,39,Male,27.5,Asymptomatic,128.0,78.0,67.0,189.0,104.0,27.0,43.0,False,,False,ST-T Wave Abnormality,False,0.8,Up,0.0,Fixed Defect,False,False,Moderate,1.0,0
5241,67,Male,30.2,Non-anginal Pain,113.0,76.0,74.0,119.0,229.0,36.0,154.0,False,5.1,False,,False,0.0,Flat,0.0,Normal,False,True,Low,5.0,0
56865,67,Female,,Asymptomatic,134.0,95.0,80.0,128.0,240.0,51.0,160.0,False,5.0,False,Normal,False,,Flat,0.0,Normal,False,False,Low,3.0,1
94958,58,Female,27.3,Asymptomatic,99.0,63.0,61.0,137.0,238.0,48.0,154.0,False,5.6,False,Normal,False,0.0,Flat,0.0,Normal,False,,Moderate,6.0,0
42137,54,Female,24.5,Asymptomatic,117.0,83.0,72.0,181.0,191.0,53.0,119.0,False,5.5,False,Normal,False,0.0,Up,2.0,Normal,False,True,Moderate,2.0,0
51675,50,Male,28.9,Asymptomatic,125.0,92.0,65.0,179.0,181.0,50.0,105.0,True,4.7,False,Normal,False,0.3,Up,0.0,Normal,False,False,High,4.0,0
79719,70,Female,27.7,Asymptomatic,117.0,87.0,80.0,141.0,126.0,37.0,61.0,False,4.4,False,Normal,False,2.5,Flat,2.0,Normal,False,False,Low,4.0,0
40774,49,Female,25.24,Typical Angina,124.0,62.0,59.0,156.0,285.0,51.0,195.0,False,5.3,False,ST-T Wave Abnormality,True,0.9,Flat,1.0,Reversible Defect,False,True,High,2.0,1
10656,38,Male,26.9,Asymptomatic,118.0,65.0,63.0,148.0,245.0,44.0,154.0,False,5.5,,Normal,True,0.5,Flat,1.0,Normal,False,False,Moderate,,0
51379,80,Male,24.7,Non-anginal Pain,129.0,86.0,77.0,157.0,255.0,44.0,185.0,True,10.4,True,Normal,False,0.0,Up,0.0,Normal,False,False,Low,7.0,1
17437,53,Male,39.4,Atypical Angina,119.0,88.0,76.0,169.0,146.0,32.0,78.0,True,11.6,True,Normal,True,0.7,,1.0,Normal,False,False,Low,4.0,1
28026,52,Male,38.3,Typical Angina,98.0,76.0,90.0,160.0,251.0,43.0,181.0,False,5.2,False,Normal,False,1.1,Up,0.0,Normal,False,False,High,3.0,0
29751,38,Male,33.2,Non-anginal Pain,112.0,74.0,83.0,172.0,225.0,46.0,152.0,False,5.6,False,Normal,True,1.6,Flat,0.0,Normal,False,False,Moderate,7.0,0
46339,52,Female,28.34,Non-anginal Pain,125.0,84.0,77.0,137.0,176.0,50.0,96.0,False,5.4,True,Left Ventricular Hypertrophy,False,0.0,Down,2.0,Normal,False,True,Moderate,4.0,1
86413,57,Male,26.5,Atypical Angina,147.0,88.0,66.0,150.0,211.0,50.0,118.0,False,5.1,False,ST-T Wave Abnormality,False,0.0,Up,3.0,Normal,False,False,Low,4.0,1
28218,61,Female,25.19,Asymptomatic,126.0,78.0,81.0,165.0,186.0,51.0,106.0,False,5.0,False,Normal,False,0.0,Up,0.0,Normal,False,False,,5.0,1
9255,62,Female,30.2,Atypical Angina,132.0,86.0,61.0,161.0,149.0,40.0,75.0,False,5.1,False,Normal,True,0.5,,3.0,Reversible Defect,False,,Moderate,6.0,0
81471,51,Male,25.6,Asymptomatic,122.0,88.0,66.0,185.0,155.0,53.0,89.0,False,5.0,False,Normal,False,0.0,Up,0.0,Normal,True,False,Moderate,2.0,0
31261,68,Female,31.7,Asymptomatic,121.0,77.0,,161.0,155.0,58.0,74.0,False,6.4,False,Normal,False,0.0,Up,0.0,Normal,False,False,Moderate,3.0,0
91618,74,Male,34.9,Asymptomatic,159.0,86.0,74.0,139.0,,30.0,180.0,False,5.6,False,Left Ventricular Hypertrophy,False,0.6,Flat,3.0,Normal,False,False,Low,2.0,1
26455,46,Male,26.2,Non-anginal Pain,123.0,74.0,67.0,175.0,163.0,37.0,86.0,False,4.6,False,Normal,True,0.0,Flat,1.0,Normal,False,False,Moderate,6.0,0
84535,72,Male,26.8,Typical Angina,140.0,87.0,69.0,138.0,145.0,34.0,82.0,False,,False,Normal,False,0.0,Flat,2.0,Normal,False,False,Low,4.0,1
42411,40,Female,32.4,Asymptomatic,119.0,81.0,83.0,180.0,204.0,50.0,123.0,False,4.6,False,Normal,False,0.0,Up,0.0,Normal,False,False,Low,8.0,0
18935,67,Male,25.73,Atypical Angina,132.0,85.0,84.0,165.0,176.0,46.0,97.0,True,6.4,True,Normal,False,0.1,Up,0.0,Reversible Defect,False,False,Low,4.0,0
99812,30,Female,27.7,Asymptomatic,104.0,78.0,79.0,187.0,,58.0,61.0,False,4.9,False,Normal,False,0.5,Up,0.0,Normal,False,True,High,1.0,0
67528,26,Male,21.75,Atypical Angina,116.0,64.0,75.0,177.0,400.0,44.0,270.0,True,5.2,False,Normal,False,0.0,Down,0.0,Normal,True,False,High,8.0,0
77041,59,Male,24.44,Asymptomatic,90.0,63.0,75.0,157.0,228.0,48.0,159.0,False,4.5,False,Normal,True,1.2,,2.0,Normal,False,False,Moderate,6.0,0
59067,45,Female,27.0,Non-anginal Pain,127.0,81.0,72.0,164.0,251.0,59.0,132.0,False,4.6,False,Normal,False,1.2,Flat,1.0,Normal,False,True,High,6.0,0
87754,48,Female,28.4,Non-anginal Pain,112.0,91.0,69.0,161.0,,35.0,96.0,False,4.6,False,Normal,False,0.0,Up,0.0,Normal,False,False,Low,4.0,0
7930,74,Male,40.7,Typical Angina,144.0,83.0,79.0,144.0,198.0,53.0,115.0,False,5.9,False,Left Ventricular Hypertrophy,False,1.4,Up,0.0,Normal,False,False,Moderate,6.0,1
41689,65,Male,28.4,Typical Angina,116.0,72.0,71.0,151.0,197.0,,,False,5.6,False,Normal,True,1.6,Flat,1.0,Normal,False,False,High,5.0,1
84818,73,Male,32.4,Typical Angina,158.0,97.0,69.0,142.0,209.0,50.0,121.0,False,4.6,False,Normal,False,0.0,Flat,1.0,Normal,False,True,Moderate,4.0,1
24976,89,Female,,,151.0,86.0,73.0,133.0,210.0,65.0,128.0,False,6.1,False,Normal,False,0.0,Flat,3.0,Normal,False,False,Low,7.0,1
95623,74,Male,25.2,Typical Angina,151.0,85.0,78.0,146.0,253.0,29.0,176.0,False,5.5,False,Normal,True,1.0,Flat,1.0,Normal,False,False,Low,4.0,1
955,44,Female,37.6,Asymptomatic,94.0,67.0,83.0,159.0,223.0,56.0,156.0,False,5.0,False,Normal,False,0.0,Up,0.0,Normal,False,False,Moderate,10.0,0
86350,54,Male,25.9,Asymptomatic,124.0,74.0,70.0,161.0,308.0,47.0,185.0,False,5.2,False,Normal,False,2.1,Flat,0.0,Normal,False,False,Moderate,2.0,0
98916,50,Female,27.0,Non-anginal Pain,121.0,71.0,74.0,177.0,,61.0,164.0,False,5.0,False,Normal,False,0.0,Up,,Normal,True,False,High,6.0,0
76159,46,Female,20.8,Non-anginal Pain,134.0,82.0,,169.0,135.0,48.0,57.0,False,5.4,False,Normal,False,0.0,Down,0.0,Reversible Defect,False,False,Moderate,5.0,0
74179,62,Male,27.2,Typical Angina,138.0,81.0,93.0,160.0,201.0,,120.0,False,5.2,,Normal,False,0.0,Down,1.0,Normal,True,True,Moderate,4.0,0
85995,47,Male,27.94,Asymptomatic,112.0,65.0,72.0,174.0,141.0,49.0,65.0,,4.6,False,Normal,False,0.2,Flat,1.0,Fixed Defect,False,False,,4.0,0
46660,55,Male,26.62,Asymptomatic,122.0,80.0,75.0,161.0,200.0,44.0,134.0,False,4.9,False,Normal,True,0.0,Flat,0.0,Reversible Defect,False,False,Moderate,,0
45957,34,Male,23.5,Atypical Angina,119.0,80.0,82.0,160.0,236.0,60.0,146.0,False,5.6,False,Normal,False,0.9,Flat,0.0,Normal,False,False,High,7.0,0
24773,62,Male,27.5,Asymptomatic,123.0,87.0,69.0,145.0,201.0,48.0,127.0,,9.4,True,Normal,False,0.8,Flat,1.0,Normal,True,True,High,6.0,1
4745,47,Male,23.0,Asymptomatic,98.0,65.0,53.0,152.0,139.0,56.0,70.0,False,5.4,False,Normal,False,0.0,Up,0.0,Normal,False,True,High,4.0,0
3571,54,Male,27.6,Typical Angina,106.0,73.0,72.0,174.0,293.0,24.0,252.0,False,5.2,False,Normal,False,0.8,Flat,0.0,Fixed Defect,False,False,Low,3.0,0
64722,57,Male,29.2,Asymptomatic,120.0,84.0,84.0,176.0,189.0,37.0,121.0,True,9.4,True,Normal,False,0.3,Flat,0.0,Reversible Defect,False,True,Moderate,5.0,0
28552,56,Female,18.5,Atypical Angina,116.0,79.0,73.0,179.0,213.0,55.0,133.0,False,5.4,False,Normal,False,0.2,Flat,1.0,Normal,False,False,Moderate,6.0,0
91815,47,Male,27.5,Atypical Angina,125.0,91.0,72.0,163.0,113.0,40.0,73.0,False,5.9,False,Normal,False,,Flat,0.0,Fixed Defect,False,False,Low,4.0,0
3751,73,Female,30.4,Asymptomatic,128.0,83.0,71.0,162.0,201.0,53.0,127.0,False,5.5,False,Normal,False,0.3,Flat,0.0,Fixed Defect,False,True,Moderate,6.0,0
55537,47,Male,18.8,Typical Angina,118.0,76.0,70.0,144.0,189.0,52.0,122.0,False,4.8,False,,False,0.0,Up,0.0,,False,False,Low,5.0,0
69482,55,Male,27.8,Typical Angina,,89.0,82.0,165.0,186.0,54.0,108.0,False,5.4,False,Normal,True,0.0,Flat,0.0,Normal,True,False,Low,7.0,1
22452,67,Female,26.5,Asymptomatic,106.0,75.0,63.0,139.0,234.0,52.0,154.0,True,8.0,True,Normal,False,0.0,Up,2.0,Normal,False,True,Moderate,6.0,0
56842,72,FEMALE,21.7,Asymptomatic,123.0,76.0,68.0,156.0,149.0,37.0,99.0,True,8.3,True,Normal,False,0.0,Up,0.0,Normal,False,False,Moderate,3.0,0
117,79,Female,22.6,Non-anginal Pain,132.0,78.0,61.0,153.0,227.0,51.0,170.0,False,5.3,False,Normal,False,0.0,Flat,0.0,Normal,False,False,Low,6.0,1
1583,62,Female,28.9,Non-anginal Pain,140.0,89.0,80.0,161.0,214.0,36.0,154.0,False,5.1,False,Normal,True,0.0,Up,0.0,Normal,False,True,Moderate,10.0,0
748,65,Male,27.3,Non-anginal Pain,124.0,68.0,81.0,146.0,247.0,45.0,155.0,False,5.6,False,ST-T Wave Abnormality,True,1.1,Flat,3.0,Fixed Defect,False,False,Low,4.0,1
11308,53,Male,,Asymptomatic,123.0,80.0,52.0,163.0,171.0,30.0,107.0,False,,False,Normal,False,0.0,Up,0.0,Normal,False,False,Low,1.0,0
54854,61,Female,29.9,Atypical Angina,126.0,67.0,73.0,155.0,187.0,46.0,106.0,False,5.9,False,Normal,False,0.1,,0.0,Normal,False,True,Low,7.0,0
46774,81,Female,31.5,Non-anginal Pain,130.0,84.0,75.0,,169.0,59.0,88.0,True,6.2,True,ST-T Wave Abnormality,False,0.0,Up,3.0,Normal,False,False,Moderate,6.0,1
16872,63,Male,22.2,Asymptomatic,130.0,83.0,72.0,163.0,162.0,38.0,97.0,False,5.5,False,Normal,False,0.4,Flat,1.0,Normal,True,True,High,7.0,0
47120,60,Female,18.8,Asymptomatic,127.0,83.0,,170.0,,51.0,131.0,False,4.9,False,Normal,False,0.8,Up,0.0,Normal,False,False,Moderate,10.0,0
85650,65,Male,33.3,Asymptomatic,136.0,88.0,86.0,171.0,206.0,49.0,129.0,False,4.9,False,Normal,True,0.6,Flat,0.0,Normal,False,False,Low,4.0,0
3736,53,Female,24.9,Asymptomatic,112.0,84.0,69.0,178.0,198.0,50.0,108.0,False,5.6,False,Normal,,0.0,Up,0.0,Normal,False,True,High,2.0,0
51430,74,Female,33.1,Non-anginal Pain,126.0,86.0,84.0,141.0,245.0,36.0,170.0,False,5.7,False,Left Ventricular Hypertrophy,True,1.5,Up,0.0,Reversible Defect,False,True,Low,4.0,1
72257,51,Female,29.0,Asymptomatic,116.0,78.0,64.0,167.0,211.0,59.0,,False,4.7,False,Normal,False,0.0,Up,0.0,Normal,False,False,High,6.0,0
88689,70,Male,25.3,Atypical Angina,129.0,91.0,64.0,126.0,173.0,48.0,111.0,True,8.7,True,ST-T Wave Abnormality,False,0.1,Flat,1.0,Reversible Defect,False,False,Moderate,1.0,1
73270,56,Female,25.5,Asymptomatic,125.0,87.0,86.0,134.0,209.0,57.0,114.0,False,4.6,False,Normal,False,0.0,Up,1.0,Normal,False,False,Moderate,7.0,0
881,55,Male,29.5,Typical angina,,87.0,79.0,163.0,153.0,27.0,97.0,False,5.7,False,Normal,True,0.0,Up,0.0,Normal,False,False,Low,4.0,0
69995,47,Male,15.0,Atypical Angina,99.0,80.0,71.0,169.0,153.0,58.0,86.0,False,5.9,False,Normal,False,1.6,Flat,0.0,Normal,True,True,Moderate,4.0,0
55404,57,Male,26.2,Atypical Angina,141.0,73.0,60.0,149.0,158.0,43.0,103.0,False,5.5,False,Normal,True,1.9,Up,2.0,Reversible Defect,False,True,Low,3.0,1
88604,40,Female,22.2,Typical Angina,115.0,73.0,66.0,184.0,170.0,56.0,87.0,False,4.9,False,Normal,False,0.5,Flat,0.0,Normal,True,True,Moderate,4.0,0
66256,39,Female,22.48,Typical Angina,123.0,62.0,74.0,156.0,143.0,51.0,81.0,False,5.5,False,Normal,True,1.8,Flat,1.0,Fixed Defect,False,False,Moderate,8.0,1
19501,36,Female,26.8,Asymptomatic,114.0,72.0,87.0,121.0,100.0,24.0,52.0,False,5.1,False,ST-T Wave Abnormality,False,0.6,Flat,0.0,Normal,False,True,Low,6.0,0
407,57,Male,30.8,Atypical Angina,131.0,80.0,67.0,170.0,202.0,46.0,120.0,False,5.3,False,Normal,False,0.1,Up,0.0,Reversible Defect,False,True,Moderate,6.0,0
27160,57,Male,26.9,Atypical Angina,151.0,83.0,109.0,177.0,287.0,53.0,210.0,False,5.6,False,Normal,False,0.0,Flat,1.0,Reversible Defect,False,False,High,6.0,1
78211,51,Female,21.0,Non-anginal Pain,130.0,86.0,72.0,162.0,161.0,53.0,,False,5.5,False,Normal,False,0.0,Up,2.0,Normal,False,False,Moderate,4.0,0
78175,62,Male,30.01,Typical Angina,,78.0,128.0,155.0,,33.0,126.0,False,5.5,False,Normal,False,0.4,Up,0.0,Normal,False,False,Low,5.0,0
34232,58,Male,29.03,Atypical Angina,119.0,79.0,87.0,127.0,211.0,46.0,136.0,True,6.0,True,,False,0.0,Flat,3.0,Normal,True,False,Low,4.0,0
44409,27,Female,19.97,Non-anginal Pain,109.0,81.0,,186.0,,66.0,111.0,False,4.9,False,,False,0.0,Up,0.0,Normal,False,True,High,5.0,0
31271,64,Female,32.5,Asymptomatic,127.0,77.0,83.0,146.0,198.0,52.0,110.0,False,4.9,False,Normal,,0.0,Up,0.0,Normal,False,False,Low,3.0,0
2127,49,Female,24.8,Non-anginal Pain,115.0,91.0,65.0,129.0,197.0,49.0,126.0,False,4.9,False,,False,,Flat,1.0,Normal,False,False,Moderate,7.0,0
72224,59,Female,26.2,Atypical Angina,139.0,86.0,81.0,161.0,185.0,49.0,114.0,False,,False,Normal,True,0.0,Flat,1.0,Reversible Defect,True,True,Low,8.0,1
84775,67,Male,27.8,Asymptomatic,123.0,80.0,65.0,157.0,169.0,48.0,94.0,False,4.5,False,Normal,False,0.0,Flat,0.0,Normal,,True,High,7.0,0
26723,37,Female,22.0,Non-anginal Pain,117.0,71.0,58.0,159.0,174.0,46.0,96.0,False,5.1,False,Normal,False,0.0,Up,0.0,Normal,,True,Moderate,5.0,0
47179,58,Female,23.9,Asymptomatic,119.0,71.0,52.0,191.0,291.0,75.0,198.0,False,5.7,False,Normal,False,0.2,Up,1.0,Normal,True,False,High,5.0,0
15719,61,Male,40.2,Atypical Angina,,101.0,64.0,152.0,265.0,56.0,176.0,False,5.7,False,Normal,False,1.0,Down,2.0,Reversible Defect,False,False,Moderate,6.0,0
27635,53,Female,30.1,Asymptomatic,90.0,65.0,76.0,173.0,,,,False,5.7,False,Normal,False,0.0,Up,0.0,Normal,True,False,Moderate,4.0,0
2505,79,Female,25.9,Atypical Angina,141.0,88.0,82.0,141.0,163.0,,93.0,False,4.9,False,,False,0.0,Flat,0.0,Normal,False,True,,8.0,0
55086,83,Male,35.5,Non-anginal Pain,120.0,79.0,76.0,143.0,148.0,37.0,84.0,False,5.5,False,Normal,False,0.0,Up,0.0,Reversible Defect,False,True,Moderate,3.0,1
32155,32,Female,35.2,Asymptomatic,130.0,92.0,77.0,172.0,183.0,29.0,144.0,False,4.7,False,Normal,True,1.0,Flat,0.0,Normal,True,False,Low,2.0,0
34264,48,Female,25.4,Asymptomatic,111.0,74.0,80.0,174.0,180.0,56.0,,False,5.0,False,ST-T Wave Abnormality,,0.3,Up,0.0,Normal,True,False,High,6.0,0
64116,58,Female,33.2,Non-anginal Pain,126.0,77.0,74.0,131.0,249.0,49.0,163.0,False,5.3,False,Left Ventricular Hypertrophy,False,2.6,Flat,1.0,Normal,False,False,Low,6.0,1
56315,48,Female,24.6,Non-anginal Pain,116.0,62.0,72.0,187.0,182.0,46.0,127.0,False,5.1,False,Normal,False,1.0,Flat,0.0,Normal,False,True,Moderate,3.0,0
10263,63,Female,28.9,Asymptomatic,139.0,80.0,77.0,132.0,180.0,39.0,85.0,False,,False,Normal,False,0.5,Flat,1.0,Normal,False,True,Low,7.0,0
63591,60,Male,34.17,Asymptomatic,124.0,71.0,72.0,155.0,152.0,51.0,90.0,,5.2,False,Normal,False,2.0,Up,1.0,Reversible Defect,True,True,Moderate,5.0,1
66486,70,Female,22.1,Atypical Angina,131.0,67.0,66.0,,220.0,61.0,143.0,False,5.2,False,Normal,True,0.9,Flat,0.0,Normal,False,False,Moderate,5.0,0
35708,71,Male,31.7,Atypical Angina,150.0,90.0,87.0,134.0,168.0,29.0,121.0,False,5.2,False,Normal,False,0.1,Flat,0.0,Normal,False,False,Low,5.0,0
65368,44,Female,24.4,Typical Angina,114.0,79.0,91.0,173.0,192.0,50.0,94.0,False,5.5,False,,False,,Flat,0.0,Normal,False,False,High,8.0,0
21072,54,Male,32.63,Atypical Angina,211.0,113.0,64.0,193.0,148.0,46.0,73.0,False,5.9,False,Left Ventricular Hypertrophy,False,0.0,Up,0.0,Normal,False,False,High,5.0,0
93961,44,Male,26.02,Asymptomatic,125.0,78.0,71.0,,232.0,35.0,147.0,False,8.0,True,Normal,False,0.0,Flat,0.0,Normal,False,False,Moderate,7.0,0
26495,46,Male,24.3,Asymptomatic,121.0,81.0,,197.0,229.0,,128.0,False,4.9,False,Normal,False,0.0,Down,1.0,Normal,False,False,High,6.0,0
10604,37,Female,29.7,Non-anginal Pain,90.0,67.0,67.0,199.0,209.0,46.0,94.0,False,5.3,False,Normal,False,0.0,Up,0.0,Normal,False,True,Moderate,7.0,0
15014,60,Male,25.0,Non-anginal Pain,143.0,82.0,62.0,171.0,238.0,55.0,149.0,False,5.5,False,Normal,False,1.5,Flat,0.0,Normal,False,False,High,5.0,1
60920,34,Male,30.2,Asymptomatic,120.0,69.0,71.0,194.0,131.0,31.0,80.0,False,5.4,True,Normal,False,,Up,0.0,Normal,False,True,Moderate,6.0,0
66052,65,Male,25.75,Atypical Angina,129.0,82.0,76.0,167.0,217.0,48.0,129.0,False,5.6,False,ST-T Wave Abnormality,False,1.9,Flat,1.0,Normal,False,False,High,10.0,0
49002,45,Female,32.85,Typical Angina,107.0,76.0,65.0,184.0,136.0,44.0,79.0,False,4.8,False,Normal,False,0.0,Flat,0.0,Reversible Defect,True,False,Moderate,5.0,0
88407,51,Female,34.2,Asymptomatic,108.0,65.0,72.0,161.0,173.0,54.0,86.0,False,5.3,False,Normal,False,0.8,Flat,0.0,Normal,False,False,Moderate,6.0,0
53761,39,Male,26.7,Typical Angina,105.0,69.0,81.0,169.0,171.0,37.0,,True,5.7,False,Normal,False,1.6,Flat,0.0,,False,True,Moderate,6.0,0
61078,49,Male,28.9,Non-anginal Pain,111.0,70.0,82.0,157.0,169.0,61.0,71.0,False,5.0,False,Normal,False,0.0,Up,0.0,Normal,False,True,Low,3.0,1
14353,38,Male,29.6,Typical Angina,111.0,81.0,74.0,198.0,194.0,,134.0,False,5.4,False,Normal,False,0.0,Up,3.0,Reversible Defect,False,False,High,4.0,0
87980,80,Male,,Typical Angina,142.0,86.0,67.0,138.0,212.0,50.0,142.0,,5.5,False,Normal,False,0.4,Flat,1.0,Normal,False,False,High,3.0,1
81405,61,Male,30.61,Atypical Angina,145.0,84.0,83.0,152.0,247.0,62.0,166.0,True,,False,Normal,True,1.1,Flat,1.0,Normal,False,True,Moderate,9.0,1
10358,71,Female,28.52,Atypical Angina,138.0,80.0,61.0,158.0,167.0,50.0,94.0,False,5.2,False,ST-T Wave Abnormality,False,0.0,Up,0.0,Normal,False,True,Moderate,3.0,0
30219,31,Female,30.5,Non-anginal Pain,114.0,85.0,63.0,141.0,206.0,50.0,114.0,False,4.2,False,Normal,False,,Flat,0.0,Normal,True,False,Moderate,7.0,0
18263,51,Female,28.7,Asymptomatic,137.0,79.0,83.0,157.0,191.0,51.0,91.0,False,5.1,False,Normal,False,0.0,Up,1.0,Reversible Defect,False,False,Moderate,9.0,0
48207,64,Male,23.6,Atypical Angina,120.0,65.0,76.0,150.0,269.0,48.0,138.0,False,5.6,False,Normal,False,0.0,Down,3.0,Reversible Defect,False,False,Low,2.0,1
36636,79,Male,27.13,Typical Angina,161.0,76.0,90.0,140.0,244.0,44.0,143.0,False,4.9,False,Normal,True,0.7,Flat,2.0,Reversible Defect,False,False,Low,5.0,1
24893,73,Female,36.7,Typical Angina,159.0,98.0,97.0,139.0,211.0,40.0,135.0,False,5.4,True,Left Ventricular Hypertrophy,True,1.1,Flat,1.0,Reversible Defect,False,True,Low,7.0,1
52931,35,Female,24.7,Asymptomatic,110.0,74.0,64.0,168.0,,,79.0,True,4.4,False,Normal,True,0.7,Flat,0.0,Normal,False,False,Moderate,3.0,0
21388,83,Male,32.5,Asymptomatic,154.0,84.0,79.0,139.0,238.0,40.0,133.0,False,5.3,False,Normal,False,0.7,Flat,0.0,,True,False,Moderate,4.0,1
28121,85,Male,23.6,Non-anginal Pain,144.0,80.0,79.0,110.0,,33.0,103.0,True,6.8,True,Normal,False,0.0,Up,2.0,Normal,True,True,Low,7.0,1
16449,53,Female,29.5,Atypical Angina,110.0,77.0,72.0,160.0,341.0,60.0,206.0,False,5.1,False,,False,0.0,Up,1.0,Normal,False,False,Moderate,1.0,1
16715,73,Male,31.4,Non-anginal Pain,119.0,73.0,70.0,162.0,327.0,57.0,236.0,False,5.1,False,Normal,True,0.6,Down,0.0,Reversible Defect,True,False,Low,3.0,1
98673,64,Male,32.6,Asymptomatic,124.0,78.0,70.0,152.0,251.0,56.0,175.0,True,9.9,True,Normal,False,0.0,Up,0.0,Normal,False,False,Moderate,,0
40007,73,Male,30.6,Atypical Angina,102.0,66.0,77.0,161.0,162.0,38.0,99.0,False,5.7,False,Normal,False,0.0,Up,0.0,Normal,False,True,Low,5.0,0
57394,38,Male,30.1,Asymptomatic,106.0,73.0,71.0,206.0,247.0,40.0,185.0,True,6.8,True,Left Ventricular Hypertrophy,False,0.0,Up,1.0,Normal,False,True,High,5.0,0
5927,77,Female,25.7,Asymptomatic,139.0,92.0,92.0,124.0,219.0,76.0,111.0,False,5.4,False,ST-T Wave Abnormality,False,0.7,Flat,2.0,Reversible Defect,False,False,Moderate,7.0,1
28368,69,MALE,31.2,Asymptomatic,126.0,81.0,66.0,172.0,182.0,38.0,117.0,False,5.4,False,Normal,False,1.3,Flat,0.0,Normal,True,True,Moderate,7.0,0
83363,36,Female,24.2,Asymptomatic,111.0,77.0,78.0,166.0,170.0,54.0,98.0,False,5.8,False,Normal,False,0.0,Up,0.0,Normal,False,False,Low,6.0,0
83911,69,Male,23.7,Typical Angina,106.0,71.0,116.0,162.0,247.0,46.0,178.0,False,5.8,False,Normal,False,0.0,Up,0.0,Normal,True,True,High,6.0,1
90041,67,Female,30.18,Asymptomatic,219.0,119.0,79.0,147.0,195.0,39.0,127.0,False,5.2,False,Normal,,1.2,Flat,1.0,Normal,False,False,Low,3.0,1
2654,40,Male,32.0,Asymptomatic,98.0,73.0,77.0,194.0,142.0,45.0,69.0,False,5.8,False,Normal,False,,Up,0.0,Normal,False,False,Moderate,4.0,0
38231,83,Female,39.7,Asymptomatic,145.0,78.0,75.0,128.0,181.0,45.0,82.0,False,6.1,True,ST-T Wave Abnormality,False,1.6,Up,0.0,Normal,False,True,Low,5.0,0
87369,76,Female,26.59,Non-anginal Pain,120.0,74.0,76.0,154.0,195.0,39.0,140.0,False,5.4,False,Normal,False,0.0,Flat,0.0,Normal,False,False,Moderate,5.0,0
34310,64,Male,25.7,Non-anginal Pain,122.0,79.0,58.0,155.0,226.0,38.0,157.0,False,5.6,False,ST-T Wave Abnormality,False,0.0,Up,0.0,Normal,False,False,Moderate,1.0,0
56584,77,Male,30.8,Atypical Angina,125.0,84.0,61.0,137.0,234.0,41.0,148.0,False,5.3,False,Normal,False,1.0,Up,2.0,Normal,False,False,Moderate,3.0,0
19219,58,Female,20.7,Asymptomatic,119.0,71.0,84.0,158.0,165.0,46.0,70.0,True,5.5,False,Normal,False,0.0,Up,0.0,Normal,True,True,Low,6.0,1
70076,70,Male,29.5,Non-anginal Pain,131.0,88.0,85.0,142.0,151.0,47.0,89.0,False,5.5,False,Left Ventricular Hypertrophy,False,0.0,Up,1.0,Normal,False,False,Moderate,6.0,0
75551,74,Male,50.0,Asymptomatic,141.0,81.0,62.0,118.0,201.0,25.0,119.0,True,8.6,True,Normal,False,0.7,Up,1.0,Normal,False,False,Low,5.0,1
58058,44,Male,20.4,Typical Angina,135.0,86.0,63.0,193.0,252.0,52.0,182.0,True,5.2,False,Left Ventricular Hypertrophy,True,2.1,Flat,0.0,Normal,False,False,High,3.0,0
62860,66,Female,25.7,Asymptomatic,129.0,85.0,74.0,160.0,222.0,44.0,165.0,False,5.7,False,Normal,False,0.6,Up,0.0,Normal,False,False,Low,6.0,0
74369,67,Male,30.6,Asymptomatic,135.0,86.0,83.0,172.0,243.0,49.0,171.0,True,8.6,True,,False,1.2,Up,0.0,Normal,False,True,Moderate,4.0,0
66568,68,Male,25.3,Non-anginal Pain,135.0,93.0,73.0,145.0,230.0,41.0,172.0,False,5.8,False,Normal,False,0.0,Flat,0.0,Normal,False,False,Moderate,3.0,1
1188,35,Female,30.7,Asymptomatic,94.0,68.0,63.0,174.0,178.0,42.0,123.0,False,5.4,False,Normal,False,0.0,Up,0.0,Normal,False,False,High,8.0,0
76604,53,Male,23.1,Typical Angina,114.0,78.0,67.0,164.0,159.0,43.0,66.0,False,,False,Normal,True,,Up,0.0,Normal,False,False,Moderate,5.0,0
86241,90,Male,32.0,Atypical Angina,155.0,83.0,,95.0,269.0,32.0,196.0,False,5.7,False,ST-T Wave Abnormality,False,0.5,Down,2.0,,False,True,Low,5.0,1
89896,66,Male,29.2,Atypical Angina,139.0,73.0,67.0,173.0,158.0,,102.0,False,,False,ST-T Wave Abnormality,False,0.2,Up,1.0,Normal,False,False,Moderate,4.0,1
80711,71,Male,29.4,Asymptomatic,112.0,75.0,78.0,131.0,205.0,38.0,99.0,False,5.2,False,Normal,False,0.0,Up,1.0,Normal,False,False,Low,5.0,0
12666,58,Male,29.7,Atypical Angina,125.0,73.0,87.0,146.0,216.0,49.0,118.0,False,5.2,False,ST-T Wave Abnormality,False,5.7,Flat,1.0,Reversible Defect,False,False,Moderate,7.0,1
97769,40,Male,23.8,Asymptomatic,90.0,66.0,77.0,176.0,187.0,42.0,127.0,False,,False,Normal,False,0.9,Up,1.0,Normal,True,False,Low,6.0,0
97332,45,Male,17.63445,Asymptomatic,107.0,67.0,60.0,148.0,143.0,53.0,,False,4.6,False,Normal,False,0.7,Up,0.0,Normal,False,False,Low,5.0,0
290,45,Female,22.2,Asymptomatic,,67.0,69.0,207.0,257.0,51.0,168.0,False,5.5,False,Normal,False,0.0,Flat,0.0,Normal,False,False,High,6.0,0
24535,36,Male,27.4,Atypical Angina,110.0,76.0,60.0,168.0,274.0,44.0,92.0,False,5.7,False,Normal,False,0.7,Flat,0.0,Normal,False,False,Moderate,8.0,0
77489,66,Female,21.8,Asymptomatic,125.0,87.0,75.0,148.0,216.0,66.0,127.0,False,4.5,False,Normal,False,0.0,Flat,0.0,Fixed Defect,False,True,Moderate,2.0,0
17517,65,Male,46.4,Non-anginal Pain,132.0,83.0,82.0,152.0,293.0,20.0,210.0,True,6.3,True,Normal,False,1.0,Flat,0.0,Reversible Defect,False,False,Low,8.0,1
21915,51,Male,35.8,Non-anginal Pain,115.0,76.0,79.0,166.0,208.0,27.0,156.0,False,4.4,False,Normal,False,0.0,Up,0.0,Normal,False,True,Low,2.0,1
48545,37,Male,23.9,Non-anginal Pain,115.0,76.0,83.0,175.0,192.0,34.0,128.0,False,5.3,False,Normal,False,0.0,Flat,0.0,Normal,False,True,Moderate,9.0,0
60636,61,Male,23.3,Non-anginal Pain,139.0,87.0,81.0,153.0,218.0,40.0,121.0,False,4.8,False,ST-T Wave Abnormality,False,0.3,Flat,1.0,Normal,False,True,Moderate,5.0,1
5379,66,Male,31.5,Typical Angina,133.0,79.0,59.0,135.0,178.0,49.0,84.0,False,5.6,False,Normal,False,0.0,Up,1.0,Normal,False,False,Moderate,5.0,0
67616,61,Male,29.1,Atypical Angina,105.0,78.0,78.0,150.0,150.0,49.0,72.0,False,5.4,False,Normal,False,0.0,Down,0.0,Normal,False,False,Moderate,4.0,0
90688,35,Female,19.8,Non-anginal Pain,134.0,84.0,68.0,206.0,163.0,,79.0,False,6.0,False,Left Ventricular Hypertrophy,False,0.0,Up,0.0,Normal,False,True,Low,5.0,0
86623,73,Male,26.8,Non-anginal Pain,126.0,76.0,86.0,146.0,168.0,48.0,97.0,True,7.3,True,,False,0.0,Up,2.0,Normal,False,False,Moderate,8.0,0
73540,62,Male,23.5,Atypical Angina,125.0,73.0,,155.0,182.0,53.0,96.0,False,5.2,False,,True,0.0,Flat,0.0,Normal,False,,Low,3.0,0
48756,45,Female,25.94,Asymptomatic,,75.0,74.0,173.0,228.0,47.0,166.0,False,5.6,False,Normal,True,0.0,Flat,0.0,,False,False,Moderate,7.0,0
42439,42,Male,34.6,Asymptomatic,107.0,72.0,77.0,163.0,199.0,49.0,118.0,False,5.2,False,Normal,False,0.0,Up,0.0,Normal,False,False,Low,6.0,0
28799,58,Male,18.8,Asymptomatic,94.0,72.0,66.0,184.0,224.0,50.0,164.0,False,4.8,False,Normal,True,0.0,Up,1.0,Normal,False,False,Moderate,7.0,0
31530,43,Male,26.3,Asymptomatic,105.0,71.0,68.0,173.0,189.0,68.0,101.0,False,5.2,False,Normal,False,0.0,Up,0.0,Normal,False,False,High,6.0,0
15316,39,Female,25.85,Asymptomatic,121.0,80.0,84.0,160.0,180.0,52.0,113.0,False,5.1,False,Normal,False,,Down,1.0,Normal,True,False,Moderate,6.0,0
51996,48,Male,24.1,Non-anginal Pain,134.0,85.0,70.0,170.0,222.0,43.0,132.0,True,8.6,True,Normal,True,1.6,Down,0.0,Reversible Defect,True,True,High,3.0,1
22484,59,Male,20.6,Non-anginal Pain,125.0,,67.0,,173.0,57.0,91.0,False,5.4,False,Normal,False,0.0,Flat,0.0,Reversible Defect,False,True,High,7.0,0
23465,38,Male,37.1,Asymptomatic,129.0,81.0,73.0,159.0,149.0,31.0,96.0,True,5.4,True,Normal,False,0.0,Up,1.0,,False,False,Low,7.0,0
45748,66,Female,32.2,Asymptomatic,126.0,71.0,80.0,156.0,256.0,36.0,150.0,False,5.4,False,Normal,False,1.7,,0.0,Normal,False,True,Low,6.0,1
37648,31,Male,26.0,Asymptomatic,99.0,72.0,69.0,194.0,175.0,40.0,111.0,True,7.1,True,Normal,False,0.0,Flat,1.0,Normal,,False,,1.0,0
86012,57,Female,26.1,Typical Angina,134.0,74.0,77.0,138.0,199.0,27.0,160.0,False,5.8,False,Normal,True,,Flat,0.0,Reversible Defect,False,False,Low,7.0,1
16115,37,Male,19.95,Non-anginal Pain,104.0,74.0,63.0,169.0,254.0,50.0,169.0,False,5.5,False,Normal,False,0.0,Flat,1.0,Reversible Defect,True,True,High,10.0,0
52041,59,Female,24.2,,108.0,,68.0,170.0,183.0,67.0,100.0,False,5.4,False,Normal,False,0.0,Up,0.0,Normal,False,False,Moderate,6.0,0
75585,40,Male,37.3,Asymptomatic,111.0,78.0,52.0,180.0,182.0,46.0,111.0,True,5.0,False,Normal,False,0.0,Flat,0.0,Normal,False,True,High,7.0,0
13207,39,Male,26.6,Asymptomatic,127.0,92.0,67.0,170.0,191.0,45.0,112.0,False,4.7,False,Normal,False,0.4,Down,0.0,Normal,False,False,Moderate,6.0,0
89069,39,MALE,24.7,Atypical Angina,91.0,58.0,75.0,167.0,194.0,46.0,107.0,False,4.8,False,Normal,False,0.4,Up,0.0,Normal,False,False,High,7.0,0
42151,46,Male,29.7,Asymptomatic,119.0,73.0,53.0,174.0,210.0,53.0,126.0,False,5.7,False,Normal,False,1.4,Flat,1.0,Fixed Defect,False,False,High,7.0,0
38113,58,Male,29.7,Asymptomatic,118.0,78.0,72.0,168.0,224.0,50.0,153.0,False,5.4,False,,False,0.0,Up,0.0,Normal,True,False,Moderate,6.0,0
518,68,Female,20.2,Atypical Angina,132.0,74.0,64.0,156.0,195.0,76.0,101.0,False,5.8,False,ST-T Wave Abnormality,False,,Down,0.0,Fixed Defect,False,False,High,3.0,0
82078,75,Male,30.3,Asymptomatic,130.0,78.0,76.0,126.0,146.0,20.0,98.0,True,4.9,False,Normal,False,0.1,Down,0.0,Reversible Defect,False,True,Low,5.0,0
47627,35,Male,33.1,Asymptomatic,120.0,77.0,77.0,170.0,197.0,48.0,134.0,False,5.5,False,Normal,False,0.0,Flat,0.0,Reversible Defect,False,True,Moderate,5.0,0
62973,53,Male,26.0,Atypical Angina,135.0,82.0,85.0,130.0,216.0,49.0,140.0,False,5.1,False,Normal,True,0.6,Flat,3.0,Normal,False,False,High,8.0,0
78901,63,Male,24.26,Asymptomatic,117.0,76.0,75.0,138.0,137.0,34.0,86.0,False,,False,Left Ventricular Hypertrophy,False,0.0,Flat,0.0,Normal,False,True,Low,4.0,0
85496,70,Male,27.8,Atypical Angina,133.0,91.0,68.0,166.0,208.0,32.0,149.0,True,7.4,True,Normal,False,1.1,Flat,0.0,Normal,False,False,Low,3.0,1
87250,42,Male,29.9,Non-anginal Pain,113.0,94.0,83.0,150.0,186.0,25.0,126.0,False,5.0,False,Normal,False,0.0,Up,1.0,Normal,False,True,Low,5.0,0
86550,30,Female,27.9,Non-anginal Pain,113.0,84.0,74.0,169.0,,56.0,147.0,True,6.1,False,,False,0.0,Up,0.0,Normal,False,False,Low,5.0,0
15189,83,Female,26.84,Non-anginal Pain,148.0,84.0,87.0,145.0,195.0,55.0,110.0,False,5.8,False,Normal,False,0.0,Flat,2.0,Normal,False,False,Low,8.0,1
61808,58,Male,26.8,Asymptomatic,133.0,76.0,64.0,141.0,209.0,48.0,130.0,False,5.4,False,Left Ventricular Hypertrophy,True,0.9,Flat,1.0,,True,True,High,3.0,0
76575,50,Male,39.6,Typical Angina,131.0,73.0,64.0,160.0,333.0,31.0,244.0,False,5.7,False,Normal,False,0.0,Flat,0.0,Normal,True,False,Low,6.0,1
88823,34,Male,22.0,Asymptomatic,99.0,71.0,70.0,193.0,148.0,47.0,93.0,False,4.6,False,Normal,False,0.0,Flat,0.0,normal,True,,High,7.0,0
94334,48,Male,23.32,Non-anginal Pain,97.0,66.0,71.0,166.0,217.0,42.0,132.0,True,5.0,False,Normal,False,0.0,Up,0.0,Normal,True,True,Low,2.0,0
39946,58,Female,25.7,Typical Angina,103.0,72.0,84.0,160.0,160.0,49.0,106.0,False,4.8,False,ST-T Wave Abnormality,False,0.4,Up,0.0,Normal,False,True,Moderate,5.0,0
30857,73,Male,38.37,Non-anginal Pain,131.0,76.0,70.0,152.0,278.0,48.0,192.0,False,5.5,False,Normal,False,0.7,Up,2.0,Normal,False,False,Low,7.0,1
11183,51,Male,25.1,,139.0,82.0,77.0,172.0,144.0,44.0,82.0,False,,False,Normal,False,0.0,Up,0.0,Normal,False,False,High,8.0,0
79265,70,Female,25.4,Non-anginal Pain,134.0,82.0,84.0,148.0,137.0,42.0,79.0,False,5.3,False,Normal,False,0.1,Flat,3.0,Normal,False,False,Low,7.0,1
33139,72,Male,28.8,Atypical Angina,142.0,79.0,87.0,137.0,241.0,,,False,5.1,False,Left Ventricular Hypertrophy,False,1.3,Flat,3.0,Reversible Defect,False,True,Low,1.0,0
43933,69,Female,45.0,Non-anginal Pain,146.0,91.0,64.0,139.0,219.0,48.0,145.0,False,5.3,False,Normal,False,0.0,Up,0.0,Normal,True,False,Low,9.0,0
79698,44,Female,35.2,Asymptomatic,146.0,85.0,73.0,172.0,334.0,44.0,152.0,False,5.2,False,ST-T Wave Abnormality,False,0.6,Flat,0.0,Reversible Defect,False,True,Moderate,6.0,0
43347,52,Male,21.5,Asymptomatic,123.0,75.0,69.0,166.0,180.0,38.0,111.0,False,5.2,False,Normal,False,0.0,,1.0,Normal,False,False,Low,4.0,0
5260,60,Male,26.76,Non-anginal Pain,138.0,80.0,82.0,130.0,214.0,,136.0,False,5.1,False,Normal,True,0.0,Up,2.0,Normal,False,False,Moderate,10.0,1
35900,81,Male,32.5,Atypical Angina,130.0,90.0,82.0,132.0,220.0,50.0,136.0,True,11.2,True,Left Ventricular Hypertrophy,False,0.0,Up,2.0,Normal,True,False,Low,,1
76540,61,Female,25.1,Atypical Angina,130.0,88.0,76.0,175.0,209.0,54.0,99.0,False,5.3,False,Left Ventricular Hypertrophy,False,1.4,Down,0.0,Fixed Defect,False,True,Moderate,8.0,1
14417,58,Female,29.5,Non-anginal Pain,139.0,76.0,72.0,123.0,226.0,50.0,119.0,True,5.1,False,Normal,False,0.0,Up,3.0,Reversible Defect,False,False,Low,7.0,1
48084,35,Male,32.4,Non-anginal Pain,106.0,78.0,67.0,188.0,199.0,30.0,145.0,False,5.4,False,Normal,False,0.0,Up,0.0,Normal,False,True,Low,3.0,0
99326,50,Male,30.38,Asymptomatic,134.0,81.0,78.0,162.0,293.0,49.0,196.0,False,5.5,False,Normal,False,0.0,Flat,0.0,Normal,False,False,Moderate,4.0,0
10549,34,Male,32.8,Typical Angina,99.0,70.0,54.0,,168.0,60.0,77.0,False,4.9,False,Normal,False,0.0,Up,0.0,Normal,False,False,Moderate,9.0,0
17382,43,Female,43.5,Typical angina,106.0,84.0,63.0,184.0,213.0,42.0,155.0,False,5.3,False,Normal,False,0.0,Flat,0.0,Normal,False,False,Moderate,5.0,0
82438,30,Male,22.4,Asymptomatic,104.0,77.0,48.0,183.0,183.0,53.0,97.0,False,4.6,False,Normal,True,1.9,Up,0.0,Normal,False,True,High,3.0,0
72715,81,Male,22.61,Asymptomatic,122.0,70.0,79.0,152.0,235.0,49.0,132.0,False,5.9,False,Normal,False,0.7,Flat,1.0,Reversible Defect,False,False,Low,8.0,1
81940,39,Male,27.31,Atypical Angina,107.0,80.0,69.0,189.0,206.0,51.0,115.0,True,10.1,True,Normal,True,0.0,Up,0.0,Normal,False,True,Low,4.0,1
42374,63,Male,31.26,Asymptomatic,121.0,78.0,73.0,,171.0,47.0,92.0,False,5.9,False,Normal,False,1.1,Flat,2.0,Reversible Defect,False,False,Low,4.0,0
3102,54,Male,26.1,Atypical Angina,114.0,77.0,71.0,142.0,225.0,48.0,164.0,False,5.7,False,Left Ventricular Hypertrophy,True,0.0,Flat,0.0,Normal,True,False,Moderate,3.0,1
42173,55,Female,29.2,Typical Angina,126.0,85.0,80.0,172.0,268.0,55.0,198.0,False,5.1,False,Normal,False,1.2,Down,0.0,,False,False,Moderate,7.0,1
33487,48,Male,27.8,Non-anginal Pain,100.0,76.0,77.0,148.0,171.0,45.0,85.0,False,5.0,False,Normal,False,1.6,Flat,0.0,,False,False,Moderate,7.0,0
28311,54,Female,23.2,Typical Angina,110.0,81.0,79.0,159.0,174.0,50.0,109.0,False,5.2,False,Left Ventricular Hypertrophy,False,0.5,Up,0.0,Normal,False,False,Low,7.0,0
22620,40,Female,28.9,Non-anginal Pain,105.0,79.0,69.0,174.0,234.0,,134.0,False,5.0,False,Normal,False,0.0,Up,0.0,Normal,False,True,High,7.0,0
54555,55,Female,32.9,Asymptomatic,144.0,83.0,86.0,153.0,,,,False,5.2,False,ST-T Wave Abnormality,False,0.0,Flat,0.0,Normal,False,False,Low,,0
6259,38,Male,24.0,Typical Angina,117.0,69.0,74.0,198.0,180.0,,105.0,False,5.6,False,Normal,False,0.0,Flat,0.0,Normal,False,False,High,7.0,0
26182,34,Female,22.9,Atypical Angina,108.0,72.0,91.0,194.0,148.0,20.0,103.0,False,5.3,False,Left Ventricular Hypertrophy,False,0.0,Up,0.0,Normal,False,False,High,7.0,0
75394,61,Male,20.3,Asymptomatic,111.0,71.0,61.0,159.0,307.0,57.0,215.0,True,7.6,True,,False,0.0,Flat,1.0,Normal,False,False,Moderate,7.0,0
13345,50,Female,27.1,Asymptomatic,114.0,77.0,86.0,174.0,168.0,61.0,70.0,False,5.3,False,Normal,False,0.0,Flat,0.0,Normal,False,False,Low,,0
79419,60,Female,36.1,Atypical Angina,128.0,89.0,67.0,155.0,227.0,55.0,138.0,False,5.2,False,Normal,False,0.0,Up,3.0,Reversible Defect,False,False,Low,6.0,1
88611,73,Female,29.2,Non-anginal Pain,140.0,80.0,74.0,141.0,174.0,39.0,106.0,False,5.2,False,Normal,False,1.0,Flat,0.0,normal,True,False,Low,5.0,0
35221,57,Female,30.1,Asymptomatic,121.0,76.0,71.0,159.0,153.0,58.0,,True,5.8,False,Normal,True,1.5,Up,0.0,Normal,False,False,Low,6.0,0
9915,78,Female,30.9,Asymptomatic,125.0,80.0,82.0,166.0,207.0,,138.0,False,4.7,False,Normal,False,0.0,Up,1.0,,False,False,Low,5.0,0
86093,81,Male,35.2,Non-anginal Pain,159.0,97.0,86.0,136.0,166.0,61.0,93.0,False,7.1,True,ST-T Wave Abnormality,True,2.0,Down,0.0,Reversible Defect,False,False,Moderate,4.0,1
6460,39,Female,18.4,Asymptomatic,98.0,65.0,52.0,184.0,194.0,53.0,118.0,False,5.2,False,Normal,False,0.0,Up,1.0,Reversible Defect,False,,High,6.0,0
41139,37,Female,28.21,Atypical Angina,113.0,70.0,62.0,165.0,143.0,60.0,63.0,False,5.8,False,Normal,False,0.0,Flat,0.0,Reversible Defect,True,False,High,5.0,0
12563,56,Male,21.5,Typical Angina,122.0,81.0,79.0,136.0,195.0,50.0,128.0,False,5.6,False,Normal,False,0.0,Flat,1.0,Normal,True,False,Low,3.0,0
66812,45,Female,35.0,Typical Angina,123.0,81.0,74.0,176.0,114.0,29.0,63.0,True,7.5,True,Left Ventricular Hypertrophy,False,0.0,Down,0.0,Fixed Defect,False,False,Low,7.0,0
47750,42,Female,35.34,Asymptomatic,117.0,66.0,49.0,202.0,378.0,53.0,248.0,True,7.6,True,Normal,False,,Up,0.0,Reversible Defect,False,False,High,2.0,0
82307,76,Male,33.5,Asymptomatic,,88.0,93.0,151.0,184.0,46.0,89.0,False,5.2,False,ST-T Wave Abnormality,True,0.0,Flat,0.0,Normal,True,False,Low,5.0,1
58974,65,Female,30.2,Asymptomatic,130.0,57.0,80.0,147.0,213.0,,143.0,False,6.0,False,ST-T Wave Abnormality,False,0.0,Up,0.0,Normal,False,False,Low,9.0,0
30769,56,Male,31.0,Asymptomatic,120.0,70.0,70.0,164.0,201.0,43.0,114.0,False,5.0,False,Normal,False,1.4,Flat,1.0,Normal,False,False,,6.0,0
17559,67,Female,19.5,Typical Angina,128.0,77.0,72.0,161.0,186.0,66.0,95.0,False,5.0,False,ST-T Wave Abnormality,True,0.0,Up,3.0,Normal,False,False,High,4.0,0
95866,67,Male,31.8,Non-anginal Pain,136.0,91.0,65.0,164.0,177.0,48.0,105.0,False,4.7,False,Normal,False,0.0,Flat,1.0,Normal,False,False,Moderate,2.0,0
40645,51,Female,30.1,Non-anginal Pain,121.0,83.0,65.0,152.0,201.0,56.0,80.0,False,5.2,False,Normal,False,0.0,Up,1.0,Reversible Defect,False,True,Moderate,1.0,0
50741,36,Male,22.3,Atypical Angina,99.0,73.0,65.0,193.0,167.0,,101.0,False,5.3,False,Normal,False,0.4,Up,0.0,Normal,False,,Moderate,6.0,0
74135,59,Male,24.4,Typical Angina,129.0,81.0,69.0,162.0,236.0,,149.0,False,6.0,False,Normal,False,0.7,Flat,1.0,Normal,False,True,Moderate,2.0,0
99942,31,Female,22.4,Asymptomatic,95.0,,71.0,203.0,250.0,61.0,184.0,False,5.3,False,Normal,False,0.0,Up,0.0,Normal,False,False,Low,3.0,0
83912,52,Male,20.1,Atypical Angina,96.0,74.0,67.0,186.0,165.0,,69.0,False,5.6,False,Normal,False,0.0,Up,3.0,Normal,False,False,Moderate,2.0,0
82189,40,Female,21.1,Non-anginal Pain,100.0,73.0,67.0,210.0,190.0,63.0,93.0,False,5.0,False,,False,0.0,Up,,Normal,True,False,High,8.0,0
24264,39,Female,32.84,Typical Angina,116.0,85.0,69.0,201.0,181.0,49.0,104.0,False,,False,Normal,False,0.8,Up,0.0,Normal,False,False,Low,6.0,0
91549,54,Male,24.9,Asymptomatic,125.0,,73.0,177.0,256.0,57.0,131.0,False,4.9,False,Normal,False,0.0,Up,3.0,,False,False,Moderate,8.0,1
48778,39,Male,25.7,Asymptomatic,113.0,86.0,68.0,167.0,228.0,40.0,177.0,False,5.2,False,Normal,True,0.0,Flat,0.0,Normal,True,False,Moderate,7.0,0
48523,27,Male,27.6,Non-anginal Pain,126.0,78.0,72.0,174.0,205.0,55.0,114.0,False,,False,Left Ventricular Hypertrophy,False,0.8,Up,1.0,Normal,False,False,High,8.0,0
52439,45,Female,26.6,Asymptomatic,93.0,71.0,68.0,190.0,,52.0,107.0,False,5.1,False,Normal,False,0.0,Flat,0.0,Normal,,False,High,4.0,0
78007,46,Female,32.6,Atypical Angina,120.0,88.0,74.0,178.0,207.0,44.0,89.0,False,4.8,False,Normal,False,0.0,Flat,1.0,Normal,True,True,,3.0,0
12106,84,Male,24.2,Typical Angina,151.0,87.0,78.0,146.0,168.0,35.0,97.0,False,5.4,False,ST-T Wave Abnormality,False,0.2,Up,1.0,Reversible Defect,False,True,Moderate,3.0,1
63754,74,Male,26.3,Typical Angina,114.0,70.0,69.0,167.0,201.0,66.0,,False,5.6,False,ST-T Wave Abnormality,False,0.0,Flat,0.0,Normal,False,False,High,6.0,1
53779,37,Male,21.1,Asymptomatic,108.0,69.0,57.0,189.0,181.0,55.0,112.0,False,4.8,False,Normal,False,0.2,Flat,0.0,Normal,False,False,High,4.0,0
25613,48,Male,23.76,Atypical Angina,119.0,78.0,67.0,160.0,167.0,50.0,99.0,False,4.9,False,,False,0.0,Flat,0.0,Reversible Defect,False,False,High,8.0,0
435,42,Male,19.3,Atypical Angina,117.0,71.0,53.0,187.0,177.0,53.0,100.0,False,5.2,False,Normal,False,5.5,Flat,1.0,Reversible Defect,True,False,High,4.0,0
23890,62,Male,27.2,Non-anginal Pain,132.0,79.0,57.0,151.0,274.0,43.0,170.0,True,6.2,True,Normal,False,0.0,Up,0.0,Normal,False,True,Moderate,3.0,0
18874,67,Female,23.1,,124.0,76.0,82.0,144.0,167.0,49.0,101.0,False,5.0,False,ST-T Wave Abnormality,False,0.0,Flat,3.0,Reversible Defect,False,False,,6.0,0
45035,45,Male,29.62504,Non-anginal Pain,139.0,85.0,54.0,175.0,173.0,33.0,92.0,False,5.2,False,Normal,False,0.0,Up,0.0,Reversible Defect,False,False,Moderate,5.0,0
52502,70,Male,35.0,Non-anginal Pain,147.0,92.0,73.0,161.0,157.0,45.0,81.0,False,5.6,False,ST-T Wave Abnormality,True,0.0,Up,3.0,Normal,False,True,Moderate,3.0,1
84257,40,Male,19.2,Non-anginal Pain,113.0,81.0,66.0,191.0,166.0,40.0,114.0,False,5.1,False,Normal,False,0.0,Flat,0.0,Normal,True,False,Moderate,6.0,1
74114,49,Female,,Non-anginal Pain,130.0,84.0,76.0,154.0,201.0,26.0,148.0,False,5.5,False,Normal,False,0.0,Up,0.0,Normal,False,True,Low,9.0,0
99973,34,Male,22.7,Asymptomatic,90.0,52.0,64.0,189.0,167.0,65.0,80.0,False,4.9,False,Normal,False,0.0,Up,0.0,Normal,False,False,High,5.0,0
87049,38,Male,21.6,Typical Angina,111.0,63.0,74.0,180.0,169.0,49.0,108.0,False,4.9,False,ST-T Wave Abnormality,False,0.0,Up,0.0,Normal,False,False,Moderate,7.0,0
21378,65,Male,29.95,Non-anginal Pain,119.0,79.0,85.0,146.0,140.0,26.0,90.0,True,8.5,True,Normal,False,0.0,Flat,1.0,Fixed Defect,False,False,Low,7.0,1
7370,61,Male,27.1,Asymptomatic,123.0,82.0,67.0,177.0,192.0,39.0,120.0,False,5.6,False,Normal,False,2.3,Flat,0.0,Normal,True,False,Low,3.0,0
21355,67,Male,26.9,Asymptomatic,126.0,79.0,70.0,150.0,192.0,35.0,98.0,False,5.7,False,Normal,False,0.0,Up,0.0,Normal,False,False,Moderate,6.0,0
66420,50,Female,24.85,Non-anginal Pain,117.0,88.0,73.0,175.0,147.0,56.0,72.0,False,5.3,False,Normal,False,0.0,Flat,0.0,Normal,True,False,High,6.0,0
5983,39,Male,24.6,Atypical Angina,108.0,68.0,71.0,,173.0,35.0,102.0,False,5.3,False,Normal,True,,Up,1.0,Normal,False,True,Moderate,6.0,1
77383,49,Male,19.9,Asymptomatic,127.0,80.0,72.0,163.0,213.0,40.0,148.0,False,5.3,False,,False,0.0,Up,0.0,Normal,True,False,Low,2.0,0
81512,67,Male,,Non-anginal Pain,120.0,67.0,82.0,133.0,228.0,47.0,147.0,False,,True,Normal,False,0.3,Up,0.0,Reversible Defect,False,False,Low,7.0,0
60197,56,Female,30.53,Atypical Angina,129.0,76.0,81.0,152.0,196.0,48.0,147.0,False,5.8,False,Normal,False,0.0,Up,0.0,Normal,True,False,Low,8.0,0
6960,48,Male,24.8,Typical Angina,120.0,63.0,55.0,184.0,195.0,48.0,94.0,False,5.2,False,Normal,False,1.2,Up,0.0,Normal,True,True,Moderate,8.0,1
21773,53,Male,20.5,Non-anginal Pain,138.0,77.0,73.0,178.0,142.0,41.0,96.0,True,5.0,False,Normal,True,0.4,Flat,0.0,Normal,False,True,Low,5.0,0
97652,41,Male,32.6,Asymptomatic,133.0,88.0,83.0,160.0,243.0,51.0,165.0,False,5.3,False,Normal,False,0.2,Up,0.0,Reversible Defect,False,False,Moderate,6.0,0
25600,62,Male,44.3,Non-anginal Pain,133.0,84.0,73.0,147.0,,48.0,124.0,True,7.6,True,Normal,False,0.5,Up,1.0,Reversible Defect,True,False,,,1
94139,30,Male,24.1,Asymptomatic,123.0,76.0,70.0,193.0,137.0,45.0,80.0,False,4.7,False,Left Ventricular Hypertrophy,False,0.0,Up,0.0,Normal,False,False,Low,1.0,0
19180,45,Male,24.3,Asymptomatic,118.0,79.0,59.0,183.0,167.0,42.0,85.0,False,5.3,,,False,0.2,Up,0.0,Normal,True,False,Moderate,5.0,0
65058,35,Male,26.4,Atypical Angina,107.0,73.0,62.0,183.0,,43.0,120.0,False,5.1,False,Normal,False,0.0,Down,1.0,Reversible Defect,True,False,Low,3.0,1
5665,53,Female,26.7,Atypical Angina,109.0,71.0,77.0,144.0,202.0,52.0,110.0,False,4.3,False,Normal,False,0.0,Flat,0.0,Normal,False,True,Moderate,6.0,1
79282,34,Female,28.4,Atypical Angina,96.0,68.0,78.0,175.0,204.0,51.0,127.0,False,,False,Normal,True,1.0,Flat,0.0,Normal,False,False,Moderate,7.0,0
25543,72,Female,31.1,Atypical Angina,122.0,72.0,74.0,160.0,181.0,36.0,121.0,False,4.9,False,Normal,False,0.0,Up,1.0,Normal,False,False,Moderate,,0
20918,44,Male,29.6,Atypical Angina,195.0,116.0,70.0,173.0,157.0,46.0,82.0,False,4.6,False,Left Ventricular Hypertrophy,True,0.0,Up,0.0,Normal,False,False,Low,2.0,1
24653,80,Male,34.0,Asymptomatic,,68.0,79.0,138.0,237.0,,119.0,False,5.1,False,,True,1.6,Up,0.0,Normal,False,True,Low,5.0,1
94244,56,Male,26.4,Typical Angina,119.0,88.0,81.0,189.0,230.0,35.0,129.0,False,6.2,True,ST-T Wave Abnormality,False,0.6,Flat,0.0,Normal,False,False,Moderate,4.0,1
56924,62,Male,23.3,Asymptomatic,129.0,84.0,82.0,137.0,264.0,41.0,174.0,False,5.8,False,Left Ventricular Hypertrophy,False,0.0,Up,0.0,Reversible Defect,False,False,Low,5.0,1
31480,50,Male,22.5,Asymptomatic,136.0,86.0,67.0,176.0,217.0,44.0,147.0,True,5.0,False,Normal,False,0.0,Up,0.0,Normal,False,False,Moderate,4.0,0
90291,38,Female,,Non-anginal Pain,108.0,74.0,73.0,180.0,157.0,47.0,75.0,False,5.3,False,Normal,True,0.6,Flat,1.0,Fixed Defect,False,False,High,9.0,0
59517,39,Female,30.0,Non-anginal Pain,111.0,80.0,71.0,167.0,194.0,,113.0,True,5.7,False,Normal,False,1.5,Flat,0.0,,False,False,Moderate,4.0,0
76232,51,Male,28.3,Non-anginal Pain,94.0,66.0,71.0,146.0,171.0,45.0,105.0,True,8.3,True,Normal,False,0.0,Up,0.0,Normal,,False,Moderate,1.0,0
8360,57,Female,28.25,Asymptomatic,109.0,77.0,73.0,165.0,,,,False,5.3,False,Normal,False,0.0,Up,1.0,Fixed Defect,False,True,Moderate,4.0,0
84420,35,Male,,Non-anginal Pain,95.0,71.0,65.0,180.0,167.0,43.0,95.0,False,5.2,False,Normal,False,0.0,Up,0.0,Normal,False,True,Moderate,5.0,0
92371,31,Male,29.0,Asymptomatic,125.0,69.0,76.0,186.0,190.0,47.0,107.0,False,6.2,False,Normal,False,0.0,Up,1.0,Reversible Defect,False,False,Low,5.0,0
49382,37,Female,28.4,Typical Angina,109.0,74.0,78.0,145.0,165.0,27.0,95.0,False,5.8,False,Normal,False,0.3,Flat,0.0,Normal,False,True,Moderate,3.0,0
73664,83,Male,28.5,Atypical Angina,146.0,86.0,73.0,139.0,189.0,45.0,119.0,False,5.4,False,Normal,False,0.0,Flat,0.0,Normal,False,False,Low,4.0,0
78623,44,Male,27.9,Asymptomatic,112.0,75.0,87.0,157.0,173.0,39.0,102.0,True,7.9,True,Normal,False,0.2,Flat,1.0,Reversible Defect,True,True,Moderate,4.0,0
23098,61,Male,,Asymptomatic,121.0,75.0,62.0,153.0,290.0,41.0,218.0,False,5.1,False,Normal,False,0.0,Up,0.0,Normal,False,False,Moderate,6.0,1
610,50,Male,,Non-anginal Pain,99.0,64.0,53.0,172.0,194.0,47.0,133.0,False,5.6,False,Normal,False,0.0,Up,0.0,Normal,True,False,High,5.0,0
35155,30,Male,37.2,Asymptomatic,117.0,69.0,82.0,195.0,,,,False,5.4,False,Normal,False,0.0,Up,1.0,Normal,False,False,High,6.0,0
53758,47,Female,24.58,Non-anginal Pain,120.0,82.0,61.0,155.0,164.0,53.0,92.0,False,4.8,False,Normal,True,0.5,Up,0.0,Normal,False,True,Moderate,3.0,0
8606,36,Female,19.8,Atypical Angina,118.0,75.0,74.0,,169.0,50.0,93.0,False,5.2,False,Normal,False,0.0,Up,0.0,Reversible Defect,False,False,Moderate,5.0,0
52342,55,Male,30.36,Typical Angina,111.0,76.0,56.0,173.0,234.0,39.0,175.0,False,5.6,False,Normal,False,0.0,Up,0.0,Normal,False,False,Moderate,1.0,1
81178,36,Male,23.3,Atypical Angina,112.0,60.0,60.0,170.0,146.0,39.0,105.0,False,4.8,False,Normal,False,,Up,0.0,Normal,False,False,High,4.0,0
4084,52,Male,40.33,Asymptomatic,128.0,77.0,60.0,169.0,203.0,43.0,128.0,True,7.6,True,Normal,False,0.0,Down,0.0,Normal,False,False,Moderate,6.0,1
28031,76,Male,31.0,Asymptomatic,126.0,72.0,74.0,132.0,219.0,60.0,147.0,False,5.4,False,Left Ventricular Hypertrophy,False,0.0,Up,1.0,Normal,False,True,Moderate,7.0,0
33511,49,Female,18.1,Non-anginal Pain,117.0,83.0,56.0,182.0,175.0,61.0,93.0,False,5.5,False,ST-T Wave Abnormality,False,0.8,Up,1.0,Normal,False,True,High,5.0,0
56717,72,Female,30.8,Typical Angina,149.0,91.0,68.0,171.0,212.0,57.0,142.0,False,4.7,False,ST-T Wave Abnormality,False,4.3,Flat,2.0,Normal,False,False,Moderate,5.0,1
97712,54,Male,35.9,Non-anginal Pain,126.0,81.0,82.0,159.0,184.0,,127.0,False,5.4,False,Normal,False,1.3,Flat,1.0,Normal,False,False,Low,6.0,0
85836,37,Female,19.5,Asymptomatic,91.0,66.0,64.0,182.0,152.0,44.0,84.0,False,5.3,False,Normal,False,0.0,Flat,2.0,Normal,False,False,High,10.0,0
69101,70,Male,30.9,Typical Angina,126.0,86.0,72.0,146.0,174.0,32.0,96.0,True,8.4,True,Normal,False,0.0,Up,2.0,Normal,False,True,Low,5.0,0
69261,35,Female,31.2,Non-anginal Pain,99.0,80.0,67.0,191.0,211.0,,124.0,False,5.4,False,Normal,False,0.4,Up,0.0,Normal,False,False,High,3.0,0
98662,76,Female,25.3,Atypical Angina,156.0,95.0,79.0,163.0,287.0,71.0,198.0,True,8.4,True,Normal,False,0.0,Up,1.0,Normal,False,False,High,4.0,1
59467,41,Female,23.7,Asymptomatic,116.0,80.0,72.0,168.0,145.0,41.0,65.0,,5.1,False,Normal,False,0.0,Down,0.0,Normal,False,True,Low,3.0,0
93447,41,Male,33.1,Asymptomatic,100.0,75.0,55.0,190.0,,48.0,166.0,False,5.1,False,Normal,False,0.0,Up,0.0,Normal,False,True,Moderate,10.0,0
99574,38,Female,27.0,Asymptomatic,90.0,54.0,59.0,192.0,172.0,38.0,92.0,False,4.8,False,ST-T Wave Abnormality,False,0.8,Up,0.0,,,True,Moderate,3.0,0
44529,58,Male,27.7,Asymptomatic,131.0,80.0,81.0,154.0,175.0,45.0,103.0,False,5.4,False,Normal,True,0.9,Up,0.0,Normal,True,False,Low,5.0,1
88466,77,Male,,Asymptomatic,134.0,80.0,92.0,147.0,197.0,50.0,119.0,False,5.6,False,Normal,False,0.0,Up,2.0,Normal,False,True,,7.0,1
59648,63,Female,18.4,Non-anginal Pain,143.0,,68.0,135.0,225.0,63.0,125.0,False,4.9,False,ST-T Wave Abnormality,False,0.0,Up,1.0,Normal,False,False,High,5.0,0
61054,66,Male,39.1,Atypical Angina,138.0,86.0,78.0,155.0,190.0,29.0,104.0,False,5.7,False,ST-T Wave Abnormality,False,2.1,Flat,1.0,Reversible Defect,False,False,Low,4.0,0
23596,36,Male,27.2,Atypical Angina,140.0,,79.0,150.0,179.0,61.0,96.0,False,5.0,False,ST-T Wave Abnormality,True,0.0,Up,0.0,Normal,False,False,Low,7.0,0
33978,61,Female,22.8,Typical Angina,124.0,,68.0,154.0,179.0,54.0,109.0,False,5.0,False,ST-T Wave Abnormality,True,0.4,Flat,3.0,Normal,,False,Low,7.0,1
8886,75,Male,23.8,Non-anginal Pain,135.0,93.0,77.0,135.0,222.0,47.0,150.0,False,5.6,False,Normal,False,1.9,Flat,3.0,Normal,False,False,Moderate,4.0,0
79223,46,Male,20.7,Atypical Angina,96.0,71.0,65.0,172.0,228.0,48.0,162.0,False,4.7,False,ST-T Wave Abnormality,False,0.8,Down,0.0,Normal,False,False,Moderate,7.0,1
16342,75,Male,31.0,Typical Angina,153.0,85.0,125.0,159.0,286.0,59.0,185.0,True,7.7,True,Normal,False,0.0,Down,1.0,Reversible Defect,False,False,Low,7.0,1
53390,72,Male,22.7,Atypical Angina,152.0,90.0,68.0,123.0,206.0,52.0,125.0,False,5.8,False,Normal,True,0.0,Down,1.0,Normal,False,False,Low,1.0,0
89222,37,Male,22.3,Asymptomatic,134.0,78.0,64.0,191.0,153.0,52.0,72.0,False,5.0,False,Normal,False,1.0,Flat,0.0,Reversible Defect,False,False,Moderate,7.0,0
72118,44,Female,27.6,Asymptomatic,125.0,77.0,69.0,168.0,153.0,47.0,92.0,False,5.4,False,Normal,False,0.0,Flat,1.0,Normal,False,False,Moderate,7.0,0
79648,38,Male,17.1,Non-anginal Pain,114.0,76.0,76.0,172.0,152.0,45.0,54.0,False,4.6,False,Normal,True,0.7,Up,0.0,Normal,False,False,High,7.0,0
65010,43,Male,22.7,Typical Angina,119.0,93.0,69.0,183.0,173.0,36.0,100.0,False,5.9,False,,True,5.2,Flat,0.0,Fixed Defect,False,False,Moderate,4.0,1
40304,65,Female,23.9,Atypical Angina,134.0,75.0,68.0,162.0,219.0,48.0,87.0,False,5.1,False,Normal,True,0.4,Up,1.0,Normal,True,False,Moderate,4.0,0
41674,29,Male,25.7,Asymptomatic,90.0,75.0,51.0,200.0,172.0,62.0,76.0,False,4.0,False,Normal,False,0.0,Up,0.0,Normal,False,False,Moderate,1.0,0
76077,49,Male,20.66,Non-anginal Pain,109.0,77.0,89.0,166.0,196.0,,120.0,False,4.9,False,Normal,False,0.0,Up,0.0,Normal,False,False,Moderate,7.0,0
72931,86,Female,34.7,Non-anginal Pain,159.0,83.0,73.0,146.0,279.0,31.0,,True,5.6,True,ST-T Wave Abnormality,False,0.0,Up,0.0,Reversible Defect,False,True,Low,5.0,1
39395,72,Female,30.4,Asymptomatic,123.0,82.0,74.0,149.0,194.0,52.0,100.0,False,5.2,False,ST-T Wave Abnormality,True,0.5,Flat,0.0,Normal,False,False,Low,7.0,0
46098,44,Male,23.1,Asymptomatic,107.0,59.0,58.0,185.0,129.0,34.0,77.0,False,5.4,False,Normal,False,0.0,Up,0.0,Normal,True,True,Low,5.0,0
2771,39,Female,30.4,Atypical Angina,116.0,75.0,90.0,164.0,138.0,52.0,69.0,False,5.7,False,Normal,True,2.0,Flat,3.0,Fixed Defect,True,,Moderate,5.0,0
74590,67,Male,26.5,Asymptomatic,150.0,98.0,71.0,162.0,162.0,44.0,92.0,False,5.2,False,Normal,True,0.0,Up,0.0,Normal,False,False,Low,4.0,0
19868,45,Male,,Asymptomatic,138.0,89.0,66.0,165.0,222.0,45.0,160.0,False,4.6,False,Normal,False,0.0,Up,0.0,Normal,True,False,Low,6.0,0
63765,62,Male,27.7,Typical Angina,125.0,69.0,73.0,156.0,205.0,54.0,,False,5.3,False,ST-T Wave Abnormality,True,0.0,Up,0.0,Normal,False,False,High,4.0,0
90222,37,Female,15.0,Asymptomatic,100.0,72.0,63.0,,257.0,64.0,175.0,False,4.9,False,Normal,False,0.0,Up,0.0,Normal,False,False,High,6.0,0
82060,33,Female,22.1,Non-anginal Pain,112.0,68.0,64.0,183.0,201.0,58.0,,False,4.6,False,Normal,False,0.0,Up,1.0,Reversible Defect,False,,Moderate,4.0,0
3636,37,Male,23.4,Non-anginal Pain,122.0,65.0,109.0,187.0,206.0,50.0,110.0,False,4.2,False,Normal,False,0.0,Flat,0.0,Normal,True,False,High,6.0,0
99963,34,Male,27.5,Asymptomatic,92.0,59.0,72.0,170.0,,53.0,105.0,False,,False,Normal,False,0.0,Flat,3.0,Normal,False,False,Moderate,5.0,0
95899,64,Male,27.9,Non-anginal Pain,148.0,99.0,74.0,150.0,210.0,37.0,147.0,False,,False,Normal,False,0.9,Flat,0.0,Normal,False,True,Low,5.0,1
26050,43,Female,21.7,Non-anginal Pain,195.0,107.0,60.0,187.0,226.0,46.0,141.0,False,4.6,False,Normal,False,0.0,Up,2.0,Normal,False,False,High,7.0,0
51444,39,Male,38.3,Asymptomatic,117.0,76.0,73.0,148.0,134.0,44.0,83.0,False,4.9,False,Normal,False,2.1,Flat,2.0,Normal,True,False,,10.0,1
21480,30,Male,23.85,Atypical Angina,90.0,62.0,58.0,184.0,247.0,45.0,169.0,False,5.0,False,Normal,False,0.0,Up,1.0,Normal,False,False,High,9.0,0
78547,38,Male,29.7,Asymptomatic,116.0,64.0,58.0,198.0,,,,False,5.5,False,Normal,False,0.0,Up,0.0,Normal,False,False,High,1.0,0
54925,48,Male,,Asymptomatic,118.0,83.0,64.0,171.0,170.0,48.0,101.0,,4.9,False,Normal,False,0.2,Up,0.0,Normal,False,False,High,2.0,0
94577,61,Female,28.5,Non-anginal Pain,125.0,85.0,80.0,144.0,256.0,40.0,172.0,False,6.0,False,ST-T Wave Abnormality,False,0.0,Flat,0.0,Normal,False,False,Low,1.0,0
76379,31,Male,27.35,Asymptomatic,122.0,82.0,75.0,165.0,153.0,55.0,69.0,False,5.0,False,Normal,False,1.9,Flat,0.0,Normal,False,False,Moderate,5.0,0
32535,57,Male,25.1,Atypical Angina,126.0,73.0,81.0,171.0,172.0,30.0,103.0,False,5.8,False,ST-T Wave Abnormality,True,0.9,Flat,1.0,Normal,False,False,Low,2.0,0
1225,64,Male,19.2,Asymptomatic,132.0,74.0,70.0,155.0,185.0,62.0,102.0,False,5.3,False,Normal,False,0.0,Up,0.0,Normal,False,False,Low,4.0,0
90230,42,Male,26.58,Atypical Angina,108.0,63.0,59.0,174.0,,56.0,93.0,False,4.4,False,Normal,True,0.7,Flat,0.0,Reversible Defect,False,False,Moderate,2.0,0
55802,55,Female,34.6,Non-anginal Pain,98.0,56.0,79.0,159.0,228.0,54.0,142.0,False,5.0,False,Normal,False,0.0,Up,0.0,Normal,False,False,Moderate,7.0,0
98514,58,Female,23.1,Asymptomatic,119.0,80.0,69.0,192.0,190.0,65.0,87.0,False,5.0,False,Normal,False,0.0,Flat,1.0,Reversible Defect,False,True,High,7.0,0
55649,38,Female,29.4,Atypical Angina,113.0,73.0,82.0,142.0,160.0,57.0,91.0,False,5.8,False,Normal,False,0.6,Flat,1.0,Normal,False,False,Moderate,6.0,0
27998,65,Male,31.6,Non-anginal Pain,136.0,87.0,70.0,137.0,149.0,39.0,97.0,False,5.6,False,Normal,False,0.0,Up,1.0,Normal,False,False,High,3.0,0
30693,55,Female,28.2,Non-anginal Pain,117.0,76.0,79.0,141.0,215.0,45.0,132.0,False,6.1,False,ST-T Wave Abnormality,False,0.0,Down,0.0,,False,False,Low,5.0,1
35960,51,Female,23.5,Non-anginal Pain,109.0,73.0,64.0,178.0,235.0,58.0,152.0,False,5.1,False,Normal,False,0.1,Up,0.0,Normal,False,False,Moderate,5.0,0
8151,50,Female,31.9,Non-anginal Pain,118.0,66.0,76.0,190.0,167.0,53.0,97.0,False,5.1,False,Left Ventricular Hypertrophy,False,1.6,Up,0.0,Normal,False,True,Moderate,6.0,0
12288,75,Female,34.59,Non-anginal Pain,113.0,73.0,63.0,133.0,251.0,43.0,160.0,False,6.0,False,Normal,False,0.0,Up,0.0,Normal,False,True,Moderate,2.0,1
91705,51,Female,28.81,Asymptomatic,131.0,76.0,79.0,166.0,,36.0,104.0,False,5.1,False,Normal,True,0.3,Flat,3.0,Reversible Defect,False,True,Low,7.0,0
20648,30,Male,29.8,Typical Angina,94.0,57.0,68.0,177.0,,52.0,146.0,False,4.4,False,Normal,True,1.0,Flat,1.0,Normal,False,True,Moderate,4.0,1
34234,68,Male,27.7,Non-anginal Pain,128.0,90.0,69.0,166.0,175.0,43.0,122.0,False,5.5,False,Left Ventricular Hypertrophy,False,0.0,Flat,0.0,Normal,False,False,Low,6.0,1
43365,46,Male,29.39,Typical Angina,119.0,82.0,125.0,184.0,178.0,38.0,97.0,False,5.0,False,ST-T Wave Abnormality,False,0.0,Flat,0.0,Normal,False,True,Moderate,,1
65339,81,Male,23.1,Typical Angina,137.0,82.0,71.0,125.0,180.0,38.0,107.0,False,6.0,False,ST-T Wave Abnormality,True,0.6,Flat,3.0,Normal,False,False,Moderate,3.0,1
43289,79,Male,31.74,Atypical Angina,129.0,84.0,83.0,147.0,188.0,54.0,111.0,False,5.0,False,Normal,False,0.0,Flat,2.0,Normal,False,True,,6.0,1
17189,51,Male,18.4,Non-anginal Pain,94.0,72.0,79.0,131.0,207.0,52.0,135.0,False,4.5,False,Normal,False,0.0,Up,0.0,Normal,True,False,Low,8.0,1
5946,73,Male,33.64,Non Anginal Pain,121.0,71.0,74.0,145.0,166.0,39.0,103.0,False,5.4,False,Normal,False,0.7,Up,1.0,Normal,False,False,Low,6.0,1
34876,67,Female,26.8,Asymptomatic,114.0,73.0,71.0,177.0,,69.0,134.0,True,5.6,False,NORMAL,True,1.1,Up,0.0,Normal,False,True,Low,6.0,0
19773,71,Female,20.2,Non-anginal Pain,,80.0,74.0,153.0,186.0,50.0,120.0,False,5.1,False,Normal,False,0.0,Up,0.0,Reversible Defect,True,False,Low,4.0,0
39082,61,Male,21.6,Atypical Angina,133.0,78.0,73.0,173.0,164.0,44.0,106.0,False,5.6,False,Left Ventricular Hypertrophy,True,3.9,Flat,1.0,Reversible Defect,True,False,High,4.0,1
50148,46,Female,27.3,Atypical Angina,115.0,82.0,71.0,165.0,208.0,,97.0,False,5.6,False,Normal,False,0.0,Up,0.0,Normal,False,False,High,6.0,0
29399,59,Male,,Atypical Angina,109.0,73.0,78.0,151.0,165.0,,109.0,True,9.3,True,Normal,True,0.8,Flat,0.0,Normal,True,True,Moderate,4.0,1
73604,30,Male,19.8,Non-anginal Pain,,73.0,58.0,202.0,143.0,41.0,69.0,False,4.6,False,ST-T Wave Abnormality,False,1.0,Flat,0.0,Normal,True,False,High,3.0,0
41797,40,Male,19.0,Atypical Angina,105.0,87.0,77.0,191.0,149.0,57.0,77.0,False,4.6,False,Normal,False,0.6,Flat,0.0,Reversible Defect,False,False,High,4.0,0
23673,33,Male,26.09,Non-anginal Pain,116.0,73.0,55.0,182.0,183.0,53.0,,False,5.1,False,Normal,False,,Up,0.0,Reversible Defect,False,True,High,4.0,0
58378,46,Male,23.1,Asymptomatic,98.0,68.0,54.0,149.0,216.0,40.0,135.0,False,5.5,False,Normal,False,0.5,Flat,0.0,Normal,False,False,Moderate,6.0,0
91193,30,Male,31.7,Non-anginal Pain,117.0,78.0,60.0,175.0,190.0,53.0,82.0,False,5.6,False,Normal,False,0.8,Flat,1.0,Normal,False,False,Moderate,3.0,0
42170,80,Female,25.2,Typical Angina,144.0,89.0,73.0,132.0,157.0,52.0,85.0,True,9.2,True,Left Ventricular Hypertrophy,False,3.5,Flat,3.0,Normal,False,False,Moderate,,1
78181,75,Male,31.8,Atypical Angina,134.0,92.0,63.0,143.0,208.0,31.0,129.0,False,5.9,False,ST-T Wave Abnormality,False,1.0,Down,0.0,Normal,False,True,High,2.0,0
72895,48,Male,30.5,Atypical Angina,129.0,83.0,78.0,187.0,147.0,49.0,79.0,False,4.9,False,Left Ventricular Hypertrophy,False,0.0,Flat,0.0,Normal,False,True,Low,5.0,0
52853,63,Male,23.8,Non-anginal Pain,127.0,74.0,67.0,141.0,131.0,41.0,76.0,False,5.1,False,Normal,False,1.9,Flat,1.0,Reversible Defect,False,False,Moderate,5.0,0
76015,71,Female,23.79,Asymptomatic,144.0,87.0,71.0,153.0,191.0,62.0,102.0,False,5.4,False,Normal,False,4.4,Flat,0.0,Normal,False,False,High,6.0,0
14797,43,Female,25.3,Asymptomatic,103.0,72.0,74.0,177.0,189.0,51.0,132.0,True,7.9,True,Normal,False,0.4,Flat,0.0,Normal,False,False,Moderate,5.0,1
97630,50,Male,26.2,Non-anginal Pain,123.0,80.0,64.0,158.0,202.0,41.0,133.0,False,5.7,False,Normal,False,0.0,Flat,0.0,Normal,False,False,Low,4.0,0
32128,60,Male,31.2,Typical Angina,119.0,75.0,85.0,168.0,238.0,39.0,172.0,True,9.7,True,Normal,,0.5,Up,0.0,Reversible Defect,True,True,Moderate,7.0,1
57283,61,Male,29.3,Asymptomatic,111.0,83.0,59.0,163.0,199.0,49.0,121.0,False,5.1,False,Normal,False,0.0,Flat,0.0,Normal,True,False,Moderate,4.0,1
52335,59,Male,32.8,Non-anginal Pain,142.0,88.0,88.0,159.0,182.0,40.0,133.0,True,7.7,True,ST-T Wave Abnormality,True,0.9,Flat,1.0,,False,True,Low,5.0,1
1251,81,Female,22.6,Atypical Angina,,61.0,62.0,159.0,235.0,68.0,156.0,False,6.0,False,,False,0.0,Flat,0.0,Normal,False,False,High,6.0,0
26449,54,Female,28.0,Typical Angina,130.0,75.0,83.0,150.0,171.0,40.0,117.0,False,4.5,False,Normal,False,1.2,Down,1.0,Fixed Defect,False,False,Low,4.0,1
22298,43,Male,31.72,Asymptomatic,131.0,84.0,64.0,166.0,279.0,47.0,204.0,False,5.2,False,Normal,False,0.0,Flat,0.0,Normal,True,True,Moderate,3.0,0
44785,48,Female,24.21,Asymptomatic,113.0,75.0,70.0,167.0,146.0,31.0,92.0,False,5.9,False,Normal,False,0.3,Up,0.0,,True,False,Low,7.0,0
2613,79,Male,23.6,Typical Angina,113.0,74.0,71.0,143.0,225.0,59.0,120.0,False,5.2,False,Normal,True,0.0,Flat,0.0,Normal,False,False,Moderate,3.0,0
98813,73,Female,29.47,,149.0,83.0,81.0,136.0,159.0,45.0,103.0,True,9.9,True,Normal,False,0.5,Up,3.0,Normal,False,True,Low,6.0,1
49758,66,Male,27.4,Asymptomatic,158.0,93.0,66.0,142.0,,38.0,125.0,False,5.5,False,Left Ventricular Hypertrophy,False,0.0,Flat,0.0,Normal,False,False,Low,3.0,0
22725,30,Female,19.5,Typical Angina,122.0,82.0,65.0,199.0,164.0,48.0,94.0,False,4.8,False,Normal,False,1.2,Flat,0.0,Normal,False,True,Moderate,6.0,0
39222,45,Male,28.1,Asymptomatic,150.0,86.0,59.0,171.0,224.0,37.0,179.0,False,4.7,False,Left Ventricular Hypertrophy,False,1.1,Flat,0.0,Normal,False,False,High,,0
99816,76,Female,27.7,Asymptomatic,,76.0,61.0,158.0,224.0,50.0,155.0,True,7.2,True,Normal,False,0.0,Up,3.0,Reversible Defect,False,False,High,4.0,0
69809,80,Male,24.32,Non-anginal Pain,140.0,79.0,66.0,167.0,,,261.0,True,8.3,True,Normal,False,1.1,Down,3.0,Normal,False,,High,4.0,1
40322,78,Male,32.7,Non-anginal Pain,136.0,95.0,72.0,151.0,155.0,41.0,88.0,False,5.6,False,ST-T Wave Abnormality,True,,Flat,0.0,,False,True,Low,2.0,1
64749,54,Female,26.8,Typical Angina,133.0,82.0,66.0,181.0,242.0,45.0,140.0,False,5.8,False,Normal,False,1.1,Flat,0.0,Normal,False,True,Moderate,6.0,0
10845,49,Male,29.1,Asymptomatic,149.0,74.0,66.0,160.0,203.0,40.0,107.0,False,5.5,False,Normal,True,0.0,Up,1.0,Normal,False,True,Low,3.0,0
40040,45,Female,48.4,Asymptomatic,121.0,90.0,81.0,154.0,176.0,35.0,117.0,True,,True,ST-T Wave Abnormality,True,0.0,Flat,0.0,Normal,True,False,Moderate,4.0,0
52568,52,Female,26.5,Asymptomatic,115.0,62.0,81.0,182.0,,50.0,228.0,True,5.5,False,Normal,True,0.6,Flat,1.0,Normal,True,False,Moderate,7.0,0
88396,79,Female,22.1,Atypical Angina,142.0,92.0,81.0,124.0,195.0,46.0,106.0,True,7.5,True,Normal,False,0.3,Flat,1.0,Normal,False,False,,7.0,1
56148,75,Male,27.0,Typical Angina,139.0,78.0,85.0,126.0,175.0,43.0,109.0,True,7.3,True,ST-T Wave Abnormality,True,0.0,Flat,1.0,Normal,False,False,Low,5.0,1
53928,52,Male,24.27,Asymptomatic,117.0,74.0,62.0,167.0,124.0,38.0,61.0,True,7.9,True,Normal,False,0.0,Flat,0.0,Normal,True,True,High,2.0,1
26530,64,Female,40.6,Asymptomatic,129.0,79.0,94.0,143.0,225.0,48.0,,True,6.3,True,Normal,False,1.9,,3.0,Normal,False,False,Moderate,7.0,1
11754,62,Female,32.5,Non-anginal Pain,142.0,78.0,80.0,154.0,251.0,46.0,165.0,False,5.4,False,Normal,False,0.0,Flat,3.0,Normal,False,True,Low,7.0,1
51508,76,Female,20.78,Non-anginal Pain,131.0,73.0,65.0,136.0,155.0,65.0,71.0,False,5.5,False,Normal,False,0.0,Up,1.0,Normal,False,False,Moderate,8.0,0
67595,69,Female,31.4,Non-anginal Pain,161.0,95.0,83.0,128.0,249.0,55.0,165.0,False,5.6,False,Left Ventricular Hypertrophy,True,2.0,Flat,0.0,Reversible Defect,False,False,Low,5.0,1
76296,61,Male,34.1,Typical Angina,148.0,93.0,83.0,159.0,190.0,39.0,143.0,False,4.8,False,Normal,True,0.0,Flat,1.0,Normal,False,False,Low,8.0,1
54450,61,Female,22.85,Non-anginal Pain,130.0,72.0,64.0,177.0,144.0,49.0,66.0,False,5.4,False,Normal,False,0.0,Flat,0.0,Normal,False,False,High,5.0,0
12309,56,Male,18.7,Atypical Angina,118.0,67.0,53.0,181.0,153.0,50.0,107.0,False,4.7,False,Normal,False,0.6,Flat,1.0,Normal,False,True,High,1.0,0
465,66,Male,25.5,Atypical Angina,113.0,86.0,50.0,162.0,265.0,55.0,129.0,False,5.5,False,Normal,False,0.5,Up,0.0,Normal,False,False,High,4.0,0
415,53,Male,33.1,Atypical Angina,131.0,78.0,89.0,150.0,,,,False,5.1,False,Normal,False,0.5,Flat,3.0,Normal,False,False,Low,6.0,1
91208,73,Male,34.7,Non-anginal Pain,133.0,78.0,66.0,144.0,188.0,49.0,86.0,True,7.9,True,Normal,False,,Flat,1.0,Normal,False,False,Moderate,3.0,1
55592,34,Male,25.47,Atypical Angina,125.0,87.0,81.0,166.0,190.0,50.0,101.0,,4.9,False,Normal,False,0.0,Up,1.0,Reversible Defect,False,False,Low,6.0,0
64599,61,Female,29.9,Asymptomatic,135.0,95.0,63.0,144.0,167.0,50.0,98.0,True,7.7,True,Normal,False,0.0,,0.0,Normal,True,False,Moderate,3.0,0
50410,85,Female,42.07,Atypical Angina,157.0,87.0,75.0,141.0,283.0,52.0,200.0,True,9.1,True,ST-T Wave Abnormality,False,,Flat,0.0,Normal,False,True,Moderate,5.0,1
56928,55,Female,24.9,Non-anginal Pain,112.0,85.0,71.0,142.0,214.0,58.0,,True,5.2,False,Normal,False,0.0,Up,1.0,,False,False,Moderate,4.0,0
74125,61,Female,20.7,Non-anginal Pain,118.0,77.0,57.0,164.0,207.0,58.0,98.0,True,6.5,True,Normal,True,2.4,Flat,0.0,,False,False,High,4.0,1
20814,64,Male,,Typical Angina,113.0,88.0,56.0,132.0,199.0,52.0,117.0,False,5.7,False,Normal,False,0.0,Up,0.0,Normal,False,False,High,5.0,0
32956,86,Male,24.4,Typical Angina,138.0,75.0,87.0,121.0,240.0,28.0,174.0,True,6.2,True,ST-T Wave Abnormality,True,0.8,Flat,2.0,Reversible Defect,False,False,Low,1.0,1
39539,66,Female,23.3,Asymptomatic,124.0,75.0,73.0,167.0,166.0,45.0,105.0,False,5.8,False,Normal,False,0.0,Up,0.0,Normal,True,True,Moderate,8.0,0
59490,59,Male,29.31,Asymptomatic,132.0,86.0,88.0,149.0,175.0,34.0,120.0,False,4.7,False,Left Ventricular Hypertrophy,True,0.0,Flat,1.0,Normal,False,False,Moderate,8.0,0
39966,49,Male,26.5,Asymptomatic,122.0,89.0,69.0,175.0,234.0,43.0,159.0,False,4.8,False,Normal,False,0.0,Up,0.0,Normal,False,False,Moderate,4.0,0
66843,57,Male,32.0,Atypical Angina,123.0,85.0,69.0,163.0,365.0,56.0,226.0,True,7.7,True,Normal,False,0.1,Down,1.0,Normal,False,False,Moderate,2.0,0
27467,65,Male,31.5,Atypical Angina,123.0,92.0,72.0,152.0,184.0,27.0,119.0,False,4.8,False,Normal,False,0.0,Down,1.0,Normal,True,False,Low,2.0,0
34319,62,Male,25.3,Asymptomatic,116.0,76.0,,145.0,185.0,51.0,,False,6.0,False,ST-T Wave Abnormality,False,0.0,Flat,0.0,Normal,False,False,Low,6.0,0
10012,50,Male,33.5,Asymptomatic,114.0,71.0,61.0,153.0,220.0,40.0,164.0,False,5.0,False,,False,0.0,Up,0.0,Normal,True,False,Moderate,3.0,0
75343,47,Female,22.0,Typical Angina,104.0,78.0,69.0,169.0,179.0,55.0,109.0,False,4.9,False,ST-T Wave Abnormality,False,0.1,Up,0.0,Normal,False,,Moderate,3.0,1
61087,63,Female,27.5,Asymptomatic,130.0,75.0,55.0,154.0,185.0,37.0,121.0,False,4.8,False,Normal,False,0.8,Flat,1.0,Normal,False,True,High,5.0,1
64940,46,Female,23.4,Atypical Angina,110.0,74.0,56.0,204.0,163.0,66.0,,False,5.4,False,Normal,False,0.0,Up,0.0,Normal,False,False,High,8.0,0
91881,50,Male,29.9,Typical Angina,99.0,72.0,67.0,179.0,161.0,52.0,80.0,False,4.7,False,Normal,False,0.2,Up,0.0,Reversible Defect,True,True,High,,0
45366,62,Male,26.6,Non-anginal Pain,126.0,77.0,82.0,146.0,,42.0,101.0,False,5.2,False,Normal,False,0.7,Flat,3.0,Normal,False,False,Low,5.0,1
77533,40,Male,26.63,Asymptomatic,105.0,70.0,64.0,183.0,242.0,46.0,160.0,False,5.6,False,Normal,False,0.6,Up,0.0,Normal,False,False,Moderate,5.0,0
68246,50,Female,24.74,Asymptomatic,,75.0,63.0,161.0,120.0,41.0,,False,4.4,False,Normal,False,0.0,Up,0.0,Normal,False,False,Low,5.0,0
84202,54,Male,20.74,Non-anginal Pain,132.0,71.0,71.0,174.0,227.0,59.0,147.0,False,7.4,True,Normal,False,0.0,Up,0.0,Reversible Defect,False,False,High,1.0,0
37444,42,Male,24.1,Non-anginal Pain,93.0,76.0,71.0,169.0,193.0,44.0,115.0,False,4.7,False,Normal,False,0.2,Up,1.0,Normal,False,False,Moderate,6.0,0
11977,51,Female,22.0,Typical Angina,111.0,78.0,76.0,168.0,197.0,51.0,122.0,False,5.5,False,Left Ventricular Hypertrophy,True,0.0,Up,1.0,Normal,False,True,Moderate,6.0,1
37371,61,Male,28.1,Typical Angina,133.0,73.0,69.0,145.0,168.0,44.0,98.0,False,5.6,False,Normal,False,0.0,Up,1.0,Normal,False,False,High,4.0,1
8188,62,Female,21.52,Asymptomatic,134.0,84.0,75.0,133.0,321.0,49.0,226.0,False,5.2,False,ST-T Wave Abnormality,False,0.1,Up,1.0,Normal,False,False,Low,6.0,0
59167,58,Female,39.4,Atypical Angina,117.0,83.0,76.0,133.0,177.0,42.0,84.0,True,5.5,True,Normal,False,0.0,Up,0.0,Normal,False,False,Low,5.0,0
65289,57,Male,25.8,Asymptomatic,120.0,77.0,56.0,160.0,126.0,46.0,63.0,False,5.1,False,Normal,False,0.8,Flat,1.0,Normal,True,False,High,4.0,0
17466,73,Female,38.3,Non-anginal Pain,141.0,,62.0,140.0,203.0,36.0,114.0,True,,True,ST-T Wave Abnormality,,0.0,Down,2.0,Normal,False,True,Moderate,3.0,1
68733,40,Male,25.5,Non-anginal Pain,102.0,74.0,73.0,172.0,185.0,64.0,110.0,False,5.5,,Normal,False,0.5,Up,0.0,Normal,False,False,Moderate,9.0,0
31583,60,Male,20.4,Asymptomatic,102.0,70.0,74.0,153.0,149.0,52.0,71.0,False,5.9,False,Normal,False,0.0,Down,0.0,Reversible Defect,True,False,Low,5.0,1
58019,58,Female,20.0,Non-anginal Pain,109.0,75.0,64.0,167.0,139.0,47.0,82.0,False,5.0,False,Normal,False,0.0,Up,0.0,Normal,False,False,High,9.0,0
53106,50,Male,28.3,Asymptomatic,135.0,92.0,84.0,140.0,153.0,37.0,93.0,False,4.9,False,Normal,False,0.0,Up,1.0,Normal,True,True,Low,7.0,0
88345,49,Female,26.9,Asymptomatic,109.0,65.0,57.0,176.0,155.0,57.0,69.0,False,5.5,False,Normal,False,0.0,Up,0.0,Normal,False,False,High,4.0,0
13930,50,Female,21.3,Non-anginal Pain,102.0,76.0,77.0,175.0,233.0,51.0,,False,,False,Normal,False,,Up,0.0,Normal,False,False,Low,6.0,0
55817,52,Male,,Atypical Angina,198.0,108.0,76.0,165.0,183.0,66.0,79.0,False,5.2,False,Normal,False,0.0,Up,1.0,Fixed Defect,False,False,High,2.0,0
5702,31,Male,,Atypical Angina,105.0,64.0,114.0,188.0,209.0,51.0,118.0,False,4.4,False,Normal,False,0.0,Up,0.0,Normal,True,True,High,9.0,1
56520,33,Male,28.9,Typical Angina,124.0,89.0,82.0,154.0,167.0,37.0,105.0,False,4.9,False,,False,0.0,Up,0.0,Normal,False,False,Low,9.0,0
42385,48,Female,26.5,Asymptomatic,122.0,82.0,74.0,178.0,220.0,,132.0,False,,False,Normal,True,0.3,Flat,0.0,Reversible Defect,False,False,High,8.0,0
22630,73,Male,37.3,Typical Angina,126.0,78.0,72.0,163.0,,41.0,116.0,True,5.5,True,Normal,True,0.5,Flat,0.0,Normal,False,True,Moderate,1.0,1
5742,43,Male,28.5,Non-anginal Pain,94.0,60.0,70.0,175.0,149.0,46.0,75.0,False,5.3,False,Normal,False,1.3,Flat,0.0,Normal,False,True,High,1.0,0
88659,79,Female,31.6,Asymptomatic,122.0,69.0,67.0,146.0,227.0,54.0,,False,5.8,False,Normal,False,0.9,Up,0.0,Normal,False,False,Low,6.0,0
63191,37,Female,22.6,Asymptomatic,111.0,65.0,61.0,186.0,281.0,72.0,174.0,False,5.5,False,Normal,False,0.5,Up,0.0,Normal,False,True,High,2.0,0
70309,80,Female,28.37,Typical Angina,151.0,85.0,77.0,153.0,200.0,54.0,121.0,False,5.3,False,Normal,False,0.0,Up,0.0,Normal,False,False,Moderate,4.0,0
91610,42,Male,37.7,Asymptomatic,116.0,87.0,69.0,166.0,182.0,22.0,119.0,False,5.3,False,Normal,True,0.0,Up,3.0,Reversible Defect,False,False,Moderate,5.0,0
33852,72,Male,34.3,Asymptomatic,133.0,80.0,74.0,146.0,204.0,34.0,133.0,False,5.1,False,Normal,False,0.0,Up,0.0,,False,False,Low,4.0,0
86918,52,Male,26.7,Non-anginal Pain,125.0,81.0,64.0,175.0,184.0,39.0,108.0,False,5.8,False,Normal,False,0.0,Flat,0.0,Normal,False,False,High,9.0,0
93295,62,Male,22.3,Non-anginal Pain,150.0,83.0,72.0,167.0,192.0,57.0,114.0,False,5.3,False,Left Ventricular Hypertrophy,False,0.0,Up,2.0,Normal,False,False,Moderate,6.0,0
94252,66,Female,25.5,Non-anginal Pain,121.0,78.0,72.0,182.0,254.0,67.0,129.0,False,5.8,False,Normal,False,1.0,Up,0.0,Normal,False,False,Moderate,2.0,0
95430,27,Male,26.18,Asymptomatic,124.0,73.0,63.0,180.0,191.0,53.0,98.0,False,5.6,False,Normal,False,0.2,Up,0.0,Normal,True,False,Moderate,2.0,0
97079,68,Female,25.6,Asymptomatic,127.0,81.0,89.0,130.0,177.0,63.0,93.0,False,4.8,False,Normal,True,1.9,Down,0.0,,False,True,Low,5.0,0
83207,51,Female,23.5,Asymptomatic,110.0,63.0,82.0,187.0,339.0,46.0,282.0,False,6.0,False,Normal,False,0.0,Up,1.0,Normal,False,True,Moderate,4.0,0
32782,61,Male,26.33,Asymptomatic,145.0,94.0,75.0,192.0,109.0,36.0,47.0,False,5.5,False,Normal,False,0.0,Flat,0.0,Normal,False,False,Moderate,9.0,0
76427,65,Female,22.13,Asymptomatic,134.0,87.0,64.0,160.0,309.0,67.0,218.0,False,4.9,False,ST-T Wave Abnormality,False,0.0,Up,0.0,Normal,False,False,Moderate,1.0,0
22970,53,Male,29.2,Non-anginal Pain,113.0,74.0,54.0,160.0,170.0,41.0,83.0,True,8.4,True,Normal,False,0.4,Flat,0.0,Normal,False,True,Moderate,6.0,0
62289,69,Male,27.2,Atypical Angina,131.0,81.0,,129.0,210.0,38.0,111.0,False,5.9,False,Normal,False,0.0,Up,1.0,Normal,False,True,Low,7.0,1
42540,41,Female,23.7,Asymptomatic,143.0,87.0,66.0,187.0,132.0,49.0,60.0,False,4.8,False,Normal,False,0.0,Up,0.0,Normal,False,False,Moderate,5.0,0
67479,54,Male,28.9,Non-anginal Pain,104.0,74.0,63.0,169.0,197.0,41.0,137.0,False,5.7,False,Normal,False,0.1,Up,1.0,Normal,False,False,Moderate,1.0,0
61892,49,Male,28.9,Asymptomatic,110.0,78.0,80.0,180.0,247.0,52.0,144.0,True,8.8,True,Normal,False,0.0,Flat,0.0,Normal,False,True,Moderate,1.0,0
11561,42,Female,23.3,Non-anginal Pain,114.0,77.0,69.0,150.0,153.0,58.0,81.0,False,5.4,False,Normal,False,,Flat,3.0,Normal,False,False,Moderate,6.0,0
40021,36,Female,19.3,Asymptomatic,102.0,76.0,70.0,189.0,187.0,54.0,97.0,False,5.1,False,Normal,False,0.0,Up,0.0,Reversible Defect,False,False,Moderate,4.0,0
24673,40,Male,29.1,Typical Angina,130.0,83.0,,172.0,,36.0,49.0,False,5.2,False,Normal,False,0.6,Flat,0.0,Normal,False,False,Moderate,4.0,0
80737,62,Female,28.5,Typical Angina,120.0,81.0,126.0,146.0,168.0,50.0,81.0,,4.8,False,Normal,True,2.4,Flat,1.0,Normal,False,True,High,6.0,0
13508,28,Female,28.1,Asymptomatic,107.0,70.0,87.0,191.0,177.0,,115.0,False,5.6,False,Normal,False,0.7,Up,0.0,Normal,True,True,Low,6.0,0
71308,50,Male,33.4,Asymptomatic,135.0,86.0,80.0,189.0,272.0,31.0,222.0,False,5.4,False,Left Ventricular Hypertrophy,False,0.0,Up,0.0,Normal,False,False,High,7.0,0
36709,48,Male,48.8,Asymptomatic,140.0,91.0,71.0,202.0,209.0,32.0,133.0,False,5.3,False,Normal,True,1.5,Up,0.0,,False,True,High,5.0,1
59025,59,Male,21.3,Typical Angina,119.0,78.0,71.0,185.0,194.0,70.0,108.0,False,5.0,False,ST-T Wave Abnormality,False,0.0,Up,0.0,Normal,False,False,High,5.0,0
59764,40,Male,22.6,Non-anginal Pain,194.0,114.0,69.0,181.0,215.0,54.0,143.0,False,5.2,False,Normal,False,0.0,Up,0.0,Normal,True,False,Moderate,3.0,0
93985,49,Male,17.8,,112.0,68.0,79.0,136.0,305.0,43.0,242.0,False,5.8,False,Left Ventricular Hypertrophy,,0.0,Up,0.0,Normal,,False,Low,6.0,1
31803,76,Male,21.2,Non-anginal Pain,132.0,81.0,69.0,158.0,201.0,37.0,129.0,False,5.7,False,ST-T Wave Abnormality,True,0.5,Flat,0.0,Reversible Defect,False,False,Moderate,5.0,0
33920,55,Female,25.5,Non-anginal Pain,111.0,76.0,72.0,168.0,152.0,53.0,94.0,False,5.1,False,ST-T Wave Abnormality,True,0.0,Up,3.0,Normal,False,True,Moderate,3.0,0
32279,82,Male,31.2,Asymptomatic,135.0,75.0,60.0,148.0,278.0,53.0,199.0,False,5.0,False,Normal,False,0.0,Flat,2.0,Normal,False,True,High,5.0,1
7722,31,Female,28.6,Atypical Angina,103.0,71.0,72.0,202.0,216.0,65.0,103.0,False,5.3,False,Normal,False,0.0,Flat,0.0,Normal,False,False,Moderate,2.0,0
9809,51,Male,24.32,Atypical Angina,111.0,69.0,65.0,175.0,206.0,50.0,108.0,False,4.7,False,Normal,False,1.4,Up,0.0,Normal,True,True,Moderate,8.0,0
62184,71,Male,41.3,Typical Angina,135.0,69.0,69.0,121.0,182.0,20.0,115.0,True,7.7,True,Normal,True,0.0,Flat,2.0,Normal,True,,Low,2.0,1
40014,31,Female,23.94,Asymptomatic,106.0,72.0,72.0,155.0,366.0,64.0,286.0,False,5.0,False,ST-T Wave Abnormality,False,0.8,Flat,1.0,Normal,False,True,Low,3.0,0
45287,71,Female,24.7,Asymptomatic,134.0,,76.0,145.0,,,,False,5.5,False,Normal,False,0.0,Flat,1.0,Normal,False,False,Low,4.0,0
86775,73,Female,30.1,Non-anginal Pain,138.0,82.0,78.0,137.0,259.0,49.0,180.0,True,6.2,True,Normal,True,1.4,Flat,0.0,Normal,False,False,Low,6.0,1
37681,67,Male,26.98,Asymptomatic,129.0,87.0,70.0,144.0,,62.0,,False,5.2,False,Normal,False,0.1,Up,1.0,Normal,False,False,Moderate,8.0,0
74780,82,Female,25.9,Atypical Angina,138.0,81.0,79.0,142.0,272.0,67.0,201.0,False,5.7,False,Normal,True,0.0,Up,1.0,Reversible Defect,False,False,Low,7.0,0
88845,48,Female,32.55,Typical Angina,134.0,85.0,77.0,173.0,330.0,47.0,,False,5.8,False,ST-T Wave Abnormality,True,1.3,Flat,3.0,Normal,False,False,Moderate,7.0,1
82786,71,Male,41.7,Atypical Angina,143.0,99.0,90.0,138.0,237.0,36.0,112.0,True,5.4,True,Normal,False,0.0,Up,2.0,Normal,False,False,High,7.0,1
42473,43,Male,27.8,Asymptomatic,102.0,65.0,74.0,174.0,157.0,42.0,100.0,False,4.6,False,Normal,False,0.0,Flat,0.0,Normal,False,False,Low,5.0,0
95813,50,Female,,Typical Angina,110.0,73.0,89.0,180.0,252.0,47.0,180.0,False,5.0,False,Normal,False,0.0,Flat,2.0,Normal,False,True,Moderate,6.0,0
88372,75,Female,26.0,Asymptomatic,128.0,85.0,70.0,139.0,222.0,32.0,160.0,True,7.1,True,Normal,True,0.9,Up,1.0,Normal,False,,Low,8.0,0
9761,76,Male,22.8,Typical Angina,164.0,98.0,73.0,154.0,200.0,43.0,132.0,True,8.4,True,Normal,True,0.0,Flat,1.0,Reversible Defect,True,True,Low,5.0,1
51116,60,Female,22.8,Asymptomatic,119.0,82.0,76.0,148.0,173.0,40.0,92.0,False,5.1,False,Normal,False,0.0,Up,0.0,Normal,False,False,Low,4.0,0
81017,75,Female,25.58345,Atypical Angina,141.0,,67.0,154.0,211.0,42.0,135.0,False,5.7,False,Normal,False,0.0,Up,0.0,Normal,False,False,Low,8.0,1
75141,52,Male,30.7,Atypical Angina,130.0,78.0,60.0,167.0,164.0,45.0,104.0,False,5.4,False,Normal,False,0.0,Flat,1.0,Fixed Defect,True,False,High,5.0,1
55616,59,Male,29.9,Non-anginal Pain,140.0,98.0,73.0,161.0,223.0,37.0,156.0,True,5.7,False,Normal,False,,Up,0.0,Normal,True,True,Low,2.0,0
45953,80,Male,28.2,Atypical Angina,130.0,80.0,73.0,134.0,212.0,43.0,135.0,False,5.9,False,Normal,False,0.0,Up,2.0,Normal,False,False,Low,4.0,0
44805,65,Male,30.39,Atypical Angina,134.0,79.0,74.0,157.0,227.0,31.0,165.0,False,5.3,False,Normal,False,0.0,Down,,Fixed Defect,False,True,Low,5.0,1
92902,55,Male,27.5,Atypical Angina,122.0,76.0,63.0,161.0,211.0,43.0,137.0,False,4.9,False,Normal,False,0.0,Flat,1.0,Reversible Defect,False,False,High,6.0,0
19174,61,Female,24.9,Non-anginal Pain,116.0,81.0,58.0,145.0,199.0,56.0,114.0,False,5.4,False,Normal,True,1.3,Down,0.0,Normal,False,False,Low,4.0,0
78692,38,Male,26.5,Asymptomatic,112.0,73.0,82.0,170.0,131.0,35.0,70.0,False,5.2,False,ST-T Wave Abnormality,True,2.2,Flat,0.0,Reversible Defect,False,True,Low,6.0,0
68985,52,Male,27.88,Non-anginal Pain,131.0,77.0,59.0,161.0,126.0,45.0,59.0,False,5.2,False,Normal,False,,Flat,0.0,Normal,True,False,Moderate,4.0,0
12799,49,Male,,Atypical Angina,128.0,80.0,69.0,,219.0,54.0,134.0,False,4.9,False,Normal,False,1.5,Up,0.0,Normal,False,True,Low,8.0,0
14845,79,Female,29.7,Asymptomatic,136.0,81.0,76.0,147.0,161.0,43.0,89.0,True,8.0,True,Normal,False,0.0,Up,1.0,Normal,False,True,Moderate,6.0,0
11,46,Male,31.3,Asymptomatic,125.0,84.0,79.0,158.0,205.0,,136.0,False,5.0,False,Normal,False,0.3,Up,0.0,Normal,False,False,Low,7.0,0
9691,56,Male,26.3,Non-anginal Pain,121.0,,61.0,171.0,202.0,44.0,132.0,True,10.9,True,Normal,False,0.0,Up,1.0,Normal,False,True,Moderate,4.0,0
80402,52,Female,25.5,Non-anginal Pain,106.0,76.0,75.0,167.0,126.0,51.0,58.0,False,5.6,False,Normal,False,0.0,Up,0.0,Normal,False,False,Moderate,3.0,0
82546,48,Male,21.8,Non-anginal Pain,109.0,75.0,87.0,174.0,207.0,58.0,130.0,False,5.2,False,Left Ventricular Hypertrophy,False,0.7,Up,0.0,Normal,False,False,Low,5.0,0
30543,50,Female,29.6,Atypical Angina,109.0,66.0,77.0,140.0,171.0,52.0,95.0,False,6.0,False,Normal,False,0.0,Flat,1.0,Normal,True,False,Low,9.0,1
89126,40,Female,23.7,Non-anginal Pain,116.0,82.0,78.0,167.0,218.0,45.0,139.0,False,5.4,False,Normal,False,0.0,Flat,0.0,Reversible Defect,False,False,Moderate,8.0,0
55359,72,Female,29.9,Non-anginal Pain,146.0,75.0,68.0,153.0,193.0,53.0,108.0,False,5.8,False,ST-T Wave Abnormality,False,0.0,Flat,2.0,Normal,False,False,,6.0,0
80924,42,Female,26.2,Non-anginal Pain,114.0,83.0,71.0,158.0,236.0,63.0,118.0,False,4.9,False,,True,1.6,Flat,0.0,Reversible Defect,False,False,High,5.0,0
87692,52,Male,20.3,Asymptomatic,138.0,87.0,72.0,164.0,240.0,45.0,181.0,False,5.3,False,Normal,True,2.9,Flat,0.0,Normal,False,False,Low,9.0,1
1219,53,Female,27.4,Asymptomatic,108.0,89.0,81.0,164.0,204.0,48.0,139.0,False,5.3,False,ST-T Wave Abnormality,False,0.0,Up,0.0,Normal,True,False,Low,6.0,0
42339,40,Male,34.8,Non-anginal Pain,110.0,66.0,74.0,206.0,172.0,43.0,127.0,False,6.3,False,Normal,False,0.0,Up,0.0,Normal,False,False,Low,2.0,0
68072,68,Female,28.8,Asymptomatic,134.0,91.0,74.0,155.0,210.0,63.0,129.0,False,5.3,False,ST-T Wave Abnormality,False,1.6,Down,1.0,Reversible Defect,False,False,Moderate,6.0,1
59090,76,Male,30.7,Atypical Angina,119.0,84.0,79.0,136.0,,36.0,147.0,True,7.2,True,Normal,False,0.0,Flat,1.0,Reversible Defect,False,True,Low,8.0,1
75609,50,Female,,Non-anginal Pain,121.0,77.0,73.0,180.0,219.0,43.0,145.0,False,5.4,False,Normal,False,0.0,Up,0.0,Normal,False,False,Moderate,5.0,1
79628,55,Male,22.9,Non-anginal Pain,118.0,86.0,64.0,189.0,181.0,48.0,130.0,False,5.1,False,Normal,False,0.0,Up,0.0,Normal,False,True,High,3.0,0
60071,58,Male,28.0,Asymptomatic,127.0,78.0,79.0,147.0,237.0,35.0,139.0,True,6.8,True,ST-T Wave Abnormality,False,0.0,Flat,3.0,Normal,True,False,Moderate,4.0,1
14387,62,Female,32.3,Non-anginal Pain,127.0,71.0,71.0,165.0,172.0,30.0,110.0,True,6.8,True,Normal,False,0.0,Flat,0.0,Normal,True,False,Low,2.0,1
3274,49,Female,23.1,Typical Angina,118.0,74.0,68.0,180.0,166.0,56.0,76.0,False,4.7,False,Normal,True,2.9,Flat,0.0,Reversible Defect,False,True,High,3.0,1
2459,60,Male,28.6,Asymptomatic,106.0,78.0,75.0,159.0,238.0,56.0,122.0,False,4.7,False,Left Ventricular Hypertrophy,False,0.1,Up,0.0,Normal,False,False,Moderate,9.0,0
97383,36,Female,26.7,Non-anginal Pain,105.0,68.0,76.0,175.0,161.0,,73.0,True,8.2,True,Normal,False,0.0,Flat,0.0,Normal,False,False,Low,5.0,0
96086,50,Male,29.8,Typical Angina,130.0,84.0,76.0,183.0,164.0,38.0,103.0,False,5.1,False,,True,0.6,Flat,0.0,Normal,False,True,Moderate,8.0,1
88108,42,Female,23.4,Asymptomatic,106.0,81.0,66.0,183.0,236.0,,159.0,False,5.6,False,Normal,False,0.0,Up,0.0,Normal,False,False,Low,5.0,0
47018,87,Female,26.9,Asymptomatic,135.0,80.0,70.0,142.0,233.0,60.0,152.0,False,5.2,False,Normal,False,0.0,Up,3.0,Normal,True,False,High,4.0,1
97993,50,Female,23.9,Atypical Angina,120.0,74.0,,168.0,147.0,46.0,72.0,False,5.3,False,Normal,False,1.2,Flat,0.0,Reversible Defect,False,True,Low,4.0,1
74626,68,Female,27.8,Atypical Angina,122.0,78.0,66.0,160.0,178.0,44.0,125.0,True,7.2,True,Normal,False,0.7,Flat,1.0,Normal,False,False,Moderate,6.0,0
28903,47,Male,26.2,Non-anginal Pain,117.0,74.0,74.0,177.0,126.0,37.0,,False,5.3,False,Left Ventricular Hypertrophy,False,1.5,Flat,0.0,Normal,False,True,Moderate,4.0,0
17318,30,Female,23.6,Typical Angina,122.0,80.0,74.0,162.0,180.0,55.0,107.0,False,5.2,False,Normal,False,1.0,Up,0.0,Reversible Defect,False,True,Low,6.0,0
79005,38,Female,27.8,Asymptomatic,122.0,74.0,69.0,189.0,186.0,54.0,89.0,False,5.6,False,Normal,True,0.6,Up,0.0,Normal,False,True,Moderate,10.0,0
73137,36,Female,25.1,Non-anginal Pain,96.0,75.0,69.0,210.0,142.0,45.0,63.0,False,5.3,False,Normal,False,0.7,Up,0.0,Normal,False,False,Low,1.0,0
40217,70,Female,22.5,Non-anginal Pain,,79.0,69.0,157.0,144.0,57.0,68.0,False,5.5,False,Normal,True,1.0,Flat,0.0,Reversible Defect,False,True,Moderate,5.0,0
13739,59,Male,31.54,Asymptomatic,115.0,74.0,86.0,152.0,167.0,43.0,,False,4.5,False,Normal,,2.1,Up,0.0,Reversible Defect,False,True,Low,4.0,1
30787,65,Male,25.01,Typical Angina,,73.0,58.0,158.0,175.0,50.0,104.0,False,5.7,False,ST-T Wave Abnormality,False,0.0,Flat,0.0,Reversible Defect,False,False,High,6.0,1
49416,54,Female,24.7,Asymptomatic,140.0,82.0,69.0,157.0,230.0,58.0,124.0,False,5.1,False,Normal,False,0.0,Flat,0.0,Normal,False,False,Moderate,7.0,0
53707,37,Male,27.47,Non-anginal Pain,112.0,80.0,77.0,194.0,153.0,45.0,76.0,True,5.6,False,Normal,False,0.0,Up,,Reversible Defect,False,False,Low,9.0,0
66562,55,Female,37.8,Atypical Angina,131.0,78.0,88.0,160.0,210.0,61.0,131.0,False,5.5,False,ST-T Wave Abnormality,False,0.7,Up,0.0,Normal,False,True,Moderate,8.0,0
1702,63,Male,32.7,Atypical Angina,141.0,85.0,85.0,164.0,174.0,39.0,122.0,False,5.3,False,ST-T Wave Abnormality,True,1.7,Flat,0.0,,False,False,Moderate,,1
14141,51,Female,21.6,Non-anginal Pain,119.0,69.0,59.0,174.0,179.0,73.0,66.0,False,5.1,False,Normal,False,0.0,Up,0.0,Normal,False,True,High,4.0,0
51858,80,Female,31.1,Asymptomatic,157.0,93.0,83.0,116.0,212.0,44.0,125.0,False,6.0,False,Normal,False,0.0,Flat,2.0,Reversible Defect,False,False,,8.0,1
29513,57,Male,31.1,Asymptomatic,109.0,78.0,71.0,157.0,220.0,51.0,142.0,False,5.4,False,Normal,False,0.0,Up,1.0,Normal,True,True,High,5.0,0
48853,40,Male,24.68,Non-anginal Pain,116.0,57.0,59.0,179.0,174.0,30.0,125.0,False,5.3,False,Normal,False,0.0,Up,0.0,Normal,True,False,High,4.0,0
45395,35,Male,31.1,Asymptomatic,129.0,87.0,75.0,159.0,258.0,38.0,199.0,True,7.3,True,Normal,False,0.0,Up,0.0,normal,False,False,Low,6.0,0
59658,56,Female,40.0,Atypical Angina,118.0,76.0,78.0,152.0,235.0,47.0,,False,6.0,False,Normal,False,0.0,Up,0.0,Normal,False,True,High,7.0,0
26849,75,Male,47.1,Non-anginal Pain,137.0,70.0,64.0,124.0,327.0,51.0,,True,6.9,True,Normal,False,0.7,Flat,3.0,Reversible Defect,False,False,Low,1.0,1
97059,51,Male,27.0,Non-anginal Pain,132.0,84.0,94.0,177.0,198.0,25.0,140.0,,4.8,False,Normal,False,0.0,Up,0.0,Normal,False,False,Low,10.0,1
43751,61,Male,25.4,Asymptomatic,141.0,85.0,67.0,164.0,207.0,49.0,109.0,False,4.7,False,Normal,False,0.0,Up,0.0,Normal,False,True,Moderate,5.0,1
28197,54,Female,28.3,Asymptomatic,124.0,71.0,69.0,163.0,209.0,59.0,115.0,False,5.7,False,Normal,False,0.8,Flat,0.0,Reversible Defect,False,False,High,5.0,0
26129,40,Female,23.6,Atypical Angina,101.0,73.0,60.0,175.0,211.0,74.0,118.0,False,4.7,False,Normal,False,0.0,Up,0.0,Normal,False,True,Low,5.0,0
67914,80,Male,34.9,Asymptomatic,134.0,88.0,66.0,152.0,193.0,37.0,,False,5.5,False,Left Ventricular Hypertrophy,False,0.0,Up,0.0,Normal,False,True,Moderate,3.0,0
59741,57,Female,33.7,Non-anginal Pain,114.0,67.0,67.0,158.0,241.0,33.0,155.0,False,8.3,True,Normal,False,,Up,0.0,Normal,False,False,Moderate,2.0,0
35279,32,Male,29.1,Typical Angina,95.0,59.0,59.0,178.0,150.0,48.0,88.0,False,5.4,False,Normal,False,0.0,Up,0.0,Normal,False,True,High,2.0,0
77205,64,Male,30.2,Asymptomatic,122.0,77.0,68.0,151.0,136.0,39.0,63.0,True,6.7,True,,False,0.1,Flat,0.0,Normal,False,False,Low,3.0,0
95539,56,Female,31.4,Asymptomatic,128.0,90.0,65.0,182.0,167.0,72.0,67.0,False,5.4,False,Normal,False,0.1,Down,0.0,Reversible Defect,False,False,Moderate,2.0,0
22390,50,Male,31.7,Non-anginal Pain,115.0,78.0,72.0,175.0,217.0,39.0,125.0,True,6.6,True,Normal,False,0.0,Up,0.0,Normal,True,True,Moderate,7.0,1
55271,28,Male,28.8,Atypical Angina,96.0,73.0,59.0,201.0,160.0,32.0,115.0,False,5.2,False,Normal,False,0.2,Flat,0.0,,False,False,High,5.0,0
40694,48,Male,29.2,Non-anginal Pain,109.0,71.0,63.0,202.0,148.0,44.0,85.0,False,5.2,False,Normal,False,,Up,0.0,Normal,True,False,Moderate,4.0,0
96935,74,Female,18.2,Asymptomatic,127.0,83.0,80.0,160.0,188.0,56.0,102.0,False,4.6,False,Normal,False,0.0,Up,0.0,Normal,False,False,Moderate,4.0,0
88370,67,Female,28.34,Asymptomatic,116.0,73.0,68.0,147.0,183.0,56.0,106.0,False,5.0,False,Normal,False,0.0,Up,0.0,Normal,False,False,High,6.0,0
94736,71,Male,27.91,Typical Angina,110.0,75.0,82.0,157.0,205.0,56.0,133.0,False,5.1,False,Normal,True,1.0,Flat,0.0,Reversible Defect,False,True,,5.0,0
67105,30,Female,23.5,Asymptomatic,122.0,86.0,70.0,189.0,,60.0,130.0,False,4.5,False,Normal,True,0.7,Flat,0.0,Reversible Defect,False,False,High,8.0,0
70483,57,Male,22.5,Asymptomatic,90.0,58.0,82.0,170.0,191.0,48.0,120.0,False,,False,Normal,True,0.8,Flat,1.0,Normal,False,False,Moderate,8.0,0
61482,85,Male,23.4,Asymptomatic,126.0,69.0,76.0,142.0,242.0,59.0,116.0,False,5.2,False,ST-T Wave Abnormality,True,,Down,3.0,Reversible Defect,False,False,Low,2.0,1
83536,73,Male,32.0,Asymptomatic,129.0,73.0,84.0,160.0,219.0,34.0,119.0,True,6.7,True,Normal,False,0.5,Up,0.0,Normal,False,False,Low,6.0,1
30362,60,Male,30.5,Asymptomatic,129.0,80.0,79.0,172.0,190.0,46.0,108.0,False,5.2,False,Normal,False,0.0,Flat,0.0,Normal,False,False,Low,7.0,0
55277,58,Male,25.3,Atypical Angina,111.0,78.0,80.0,154.0,185.0,55.0,,True,9.2,True,Normal,False,1.5,Flat,1.0,,False,False,Low,5.0,1
74690,27,Female,25.4,Asymptomatic,99.0,79.0,52.0,185.0,248.0,37.0,192.0,False,5.0,False,Normal,False,0.3,Up,0.0,Normal,False,False,Moderate,3.0,0
47899,37,Female,22.5,Asymptomatic,91.0,59.0,78.0,160.0,202.0,30.0,104.0,True,8.9,True,Normal,False,0.0,Flat,1.0,Normal,False,False,Low,3.0,0
99408,43,Male,25.0,Asymptomatic,119.0,87.0,75.0,169.0,204.0,52.0,132.0,False,5.0,False,,False,0.5,Up,0.0,Reversible Defect,False,False,Low,8.0,0
84127,68,Female,24.5,Asymptomatic,129.0,73.0,72.0,169.0,157.0,,106.0,False,5.9,False,Normal,False,0.6,Flat,0.0,Normal,False,False,High,4.0,0
29567,66,Female,22.8,Asymptomatic,123.0,72.0,63.0,150.0,243.0,58.0,145.0,False,6.0,False,Normal,False,0.0,Flat,0.0,Normal,False,False,Moderate,5.0,0
46671,56,Female,26.1,Non-anginal Pain,124.0,91.0,71.0,124.0,194.0,64.0,110.0,False,5.2,False,Normal,False,0.6,Flat,1.0,Reversible Defect,False,False,Moderate,8.0,0
50041,62,Male,23.1,Asymptomatic,130.0,83.0,69.0,170.0,299.0,63.0,,False,,False,Normal,False,0.0051,Up,0.0,Normal,True,False,Moderate,4.0,0
28668,65,Male,27.6,Non-anginal Pain,121.0,80.0,91.0,152.0,163.0,43.0,103.0,False,5.6989,False,Normal,True,,Flat,3.0,Normal,False,False,Low,9.0,1
1255,50,Male,26.7,Typical Angina,113.0,82.0,73.0,132.0,191.0,51.0,108.0,False,5.2,False,ST-T Wave Abnormality,False,5.4,Flat,1.0,Reversible Defect,False,False,Moderate,2.0,1
49558,86,Female,27.2,Non-anginal Pain,154.0,91.0,69.0,122.0,180.0,33.0,128.0,True,9.0,True,Normal,False,0.0,Flat,0.0,Normal,False,False,,6.0,1
39212,73,Male,28.9,Atypical Angina,128.0,74.0,67.0,146.0,242.0,55.0,144.0,False,5.5,False,Normal,False,0.0,Flat,1.0,Normal,False,True,High,6.0,0
93889,68,Male,19.8,Asymptomatic,126.0,77.0,75.0,156.0,,57.0,127.0,False,5.5,False,Normal,False,0.3,Up,0.0,Normal,True,False,Moderate,10.0,0
73242,29,Female,28.7,Asymptomatic,103.0,66.0,60.0,150.0,,45.0,45.0,True,4.9,False,Normal,False,0.0,Up,0.0,Normal,False,False,Low,5.0,0
48198,61,Female,26.2,Non-anginal Pain,111.0,87.0,74.0,166.0,230.0,46.0,168.0,False,5.7,False,Normal,False,0.0,Up,0.0,Normal,True,False,Low,2.0,1
6254,37,Male,29.3,Typical Angina,125.0,82.0,68.0,171.0,192.0,51.0,110.0,False,5.0,False,Normal,True,1.3,,3.0,Reversible Defect,False,False,High,7.0,0
56531,44,Male,23.8,Atypical Angina,106.0,83.0,56.0,195.0,222.0,50.0,116.0,False,5.3,False,Normal,True,0.0,Flat,0.0,Normal,False,True,High,2.0,0
38535,86,Female,33.1,Atypical Angina,161.0,93.0,130.0,150.0,214.0,48.0,137.0,True,8.8,True,Normal,True,0.5,Flat,0.0,Normal,False,True,Moderate,6.0,0
48696,64,Male,27.5,Asymptomatic,121.0,77.0,72.0,149.0,184.0,43.0,84.0,False,4.8,False,Normal,False,0.7,Flat,1.0,Normal,False,False,Low,3.0,1
59082,61,Male,29.7,Asymptomatic,117.0,83.0,68.0,148.0,267.0,53.0,164.0,True,8.3,True,Normal,True,0.7,Up,0.0,,False,False,Moderate,3.0,1
32874,37,Female,24.91,Asymptomatic,99.0,77.0,70.0,209.0,168.0,57.0,82.0,False,5.4,False,Normal,False,0.4,Flat,0.0,Normal,False,True,Moderate,5.0,0
87577,74,Male,33.8,Non-anginal Pain,151.0,95.0,65.0,151.0,210.0,42.0,123.0,False,5.3,False,ST-T Wave Abnormality,False,1.2,Flat,1.0,normal,False,False,Low,5.0,1
52994,52,Female,28.3,Non-anginal Pain,130.0,82.0,82.0,137.0,130.0,35.0,73.0,False,5.4,False,Normal,True,2.1,Flat,0.0,Normal,False,False,Low,5.0,0
76090,73,Male,,Non-anginal Pain,115.0,,64.0,149.0,173.0,39.0,87.0,False,5.5,False,Normal,False,0.0,Up,0.0,Normal,False,False,Moderate,4.0,0
41183,59,male,29.0,Typical Angina,129.0,78.0,90.0,131.0,206.0,35.0,158.0,False,5.3,False,ST-T Wave Abnormality,False,0.0,Up,0.0,Normal,False,False,Low,9.0,1
29280,55,Male,23.8,Asymptomatic,113.0,67.0,67.0,176.0,197.0,41.0,125.0,False,5.2,False,Normal,False,0.0,Up,0.0,Normal,True,False,Moderate,8.0,0
11739,61,Female,32.4,Typical Angina,117.0,69.0,78.0,160.0,170.0,46.0,96.0,True,6.6,True,Normal,True,0.7,Up,3.0,Normal,False,True,Moderate,4.0,1
94803,33,Male,21.9,Asymptomatic,94.0,57.0,80.0,176.0,157.0,42.0,88.0,False,5.4,False,Normal,True,0.0,Up,0.0,Normal,False,False,Low,6.0,0
51613,86,Male,28.6,Asymptomatic,154.0,83.0,87.0,112.0,216.0,39.0,150.0,False,6.0,,ST-T Wave Abnormality,False,0.0,Flat,0.0,Normal,False,False,Low,5.0,1
22301,35,Female,23.0,Asymptomatic,119.0,83.0,62.0,188.0,154.0,37.0,,False,5.3,,Normal,False,0.0,Up,0.0,Normal,True,False,Low,10.0,0
89413,64,Male,24.3,Non-anginal Pain,130.0,84.0,74.0,139.0,201.0,71.0,107.0,False,5.2,False,Normal,False,0.6,Up,0.0,Normal,False,False,Low,4.0,1
46346,67,Female,26.4,Asymptomatic,117.0,72.0,68.0,160.0,196.0,56.0,112.0,False,5.5,False,Normal,False,0.0,Up,3.0,Normal,False,False,Moderate,6.0,0
11093,52,Male,29.8,Non-anginal Pain,117.0,89.0,73.0,155.0,216.0,48.0,131.0,False,5.6,False,ST-T Wave Abnormality,True,2.3,Flat,1.0,Normal,True,False,Moderate,7.0,1
21209,50,Female,28.7,Non-anginal Pain,112.0,85.0,75.0,189.0,166.0,43.0,109.0,False,4.8,False,Normal,False,0.0,Up,1.0,Normal,True,False,High,5.0,0
70538,64,Female,32.9,Non-anginal Pain,,92.0,78.0,151.0,235.0,55.0,146.0,False,6.2,False,Normal,False,0.0,Up,0.0,Normal,False,False,Low,8.0,0
19857,48,Female,26.1,Typical Angina,110.0,76.0,72.0,148.0,252.0,58.0,188.0,False,5.1,False,,False,0.0,Flat,0.0,Normal,False,False,High,7.0,0
59865,35,Male,,Non-anginal Pain,117.0,78.0,64.0,181.0,226.0,55.0,162.0,True,6.4,True,Normal,False,0.0,Flat,2.0,Normal,False,False,Moderate,5.0,0
61179,33,Male,25.7,Non-anginal Pain,104.0,65.0,60.0,201.0,194.0,45.0,,True,4.7,False,Normal,False,0.0,Up,0.0,Normal,False,False,Moderate,8.0,0
11598,66,Male,34.6,Asymptomatic,121.0,69.0,80.0,143.0,246.0,40.0,169.0,True,7.9,True,Normal,False,0.0,Up,0.0,Normal,False,False,Low,3.0,1
28890,37,Male,22.3,Typical Angina,136.0,77.0,72.0,,196.0,45.0,136.0,False,4.7,False,Normal,False,0.0,Down,,Normal,False,False,Low,4.0,0
71923,81,Male,26.0,Atypical Angina,147.0,85.0,81.0,116.0,245.0,47.0,160.0,False,5.3,False,Normal,False,0.0,Flat,1.0,Reversible Defect,False,False,Low,7.0,1
54520,68,Male,32.9,Asymptomatic,131.0,87.0,77.0,133.0,199.0,43.0,125.0,False,5.7,False,,True,0.6,Flat,0.0,Normal,True,True,,5.0,0
63077,68,Female,25.1,Asymptomatic,130.0,78.0,65.0,150.0,186.0,52.0,,False,5.2,False,Normal,False,0.0,Flat,1.0,Normal,False,False,High,4.0,0
72081,35,Male,28.76,Asymptomatic,95.0,62.0,71.0,186.0,129.0,38.0,69.0,False,4.9,False,Normal,False,0.0,Up,0.0,Normal,False,True,Moderate,4.0,0
18987,68,Male,,Atypical Angina,132.0,84.0,85.0,145.0,209.0,44.0,149.0,False,5.3,False,Normal,True,0.0,Up,0.0,Normal,False,False,Low,5.0,1
62058,49,Male,31.5,Non-anginal Pain,119.0,88.0,65.0,156.0,189.0,62.0,103.0,False,5.7,False,Normal,True,0.0,Flat,0.0,Reversible Defect,False,False,Low,5.0,1
62863,53,Female,,Typical Angina,105.0,82.0,51.0,166.0,219.0,57.0,127.0,False,4.9,False,Normal,False,0.0,Up,1.0,Normal,False,True,High,6.0,0
56371,64,Female,39.9,Asymptomatic,121.0,84.0,89.0,154.0,207.0,43.0,126.0,False,5.8,False,Normal,False,0.0,Up,0.0,Normal,True,False,Low,5.0,0
77302,66,Male,29.1,Atypical Angina,120.0,88.0,74.0,148.0,223.0,39.0,153.0,False,4.5,False,Left Ventricular Hypertrophy,False,0.0,Up,0.0,Normal,False,True,Low,6.0,0
84809,51,Female,20.5,Non-anginal Pain,115.0,62.0,82.0,144.0,262.0,55.0,162.0,False,5.3,False,Normal,False,2.1,Flat,0.0,Normal,False,True,Moderate,6.0,0
91419,45,Female,18.5,Non-anginal Pain,105.0,83.0,58.0,187.0,343.0,33.0,269.0,False,5.8,False,Normal,False,,Up,0.0,Normal,True,False,Moderate,1.0,1
30621,70,Male,36.5,,143.0,80.0,76.0,117.0,190.0,48.0,114.0,True,5.2,False,Normal,False,,Up,1.0,Reversible Defect,False,True,Low,4.0,1
16537,66,Female,30.4,Non-anginal Pain,131.0,83.0,65.0,128.0,167.0,55.0,99.0,False,5.1,False,Normal,True,0.0,Flat,0.0,Normal,True,False,Moderate,7.0,1
72371,44,Female,41.2,Atypical Angina,99.0,74.0,72.0,180.0,234.0,65.0,,False,6.3,True,Normal,False,0.0,Up,1.0,Fixed Defect,False,False,High,7.0,1
46549,76,Male,30.9,Typical Angina,122.0,73.0,79.0,152.0,222.0,40.0,151.0,False,5.4,False,ST-T Wave Abnormality,True,0.7,Up,3.0,Fixed Defect,False,False,Low,4.0,1
26082,39,Female,24.3,Atypical Angina,122.0,84.0,58.0,162.0,223.0,22.0,149.0,False,5.4,False,Normal,False,0.0,Up,0.0,Reversible Defect,False,True,High,7.0,0
96202,48,Male,31.9,Typical Angina,110.0,64.0,66.0,177.0,163.0,52.0,86.0,True,6.0,False,Normal,True,0.9,Down,0.0,Normal,,False,Moderate,8.0,0
43348,48,Male,20.7,Non-anginal Pain,103.0,69.0,77.0,182.0,146.0,34.0,93.0,False,4.9,False,Normal,False,0.0,Up,1.0,Normal,False,False,Low,9.0,0
54658,51,Male,27.3,Atypical Angina,142.0,87.0,75.0,145.0,198.0,44.0,135.0,False,5.5,False,Normal,False,0.0,Flat,0.0,Reversible Defect,False,True,Moderate,7.0,0
18947,39,Male,19.2,Asymptomatic,132.0,83.0,62.0,177.0,176.0,42.0,126.0,False,4.9,False,Normal,False,0.0,Up,0.0,Fixed Defect,True,False,High,2.0,0
28023,68,Male,26.0,Asymptomatic,130.0,81.0,74.0,183.0,176.0,69.0,84.0,False,5.0,False,Normal,False,0.0,Up,0.0,Normal,False,False,Moderate,7.0,0
52120,49,Female,27.6,Typical Angina,124.0,77.0,67.0,168.0,216.0,57.0,136.0,False,4.3,False,Normal,False,0.0,Flat,0.0,Normal,False,True,Moderate,4.0,0
5159,41,Male,24.5,Asymptomatic,104.0,66.0,91.0,175.0,164.0,43.0,95.0,True,,True,Normal,True,1.0,Down,0.0,Normal,False,False,Low,8.0,0
83942,48,Male,24.8,Atypical Angina,108.0,82.0,79.0,171.0,198.0,66.0,101.0,False,5.4,False,Normal,True,2.9,Flat,0.0,Normal,False,False,Moderate,3.0,0
42624,35,Male,21.8,Non-anginal Pain,91.0,67.0,73.0,180.0,183.0,35.0,132.0,False,4.9,False,Normal,False,0.5,Flat,0.0,Reversible Defect,False,True,Moderate,5.0,0
45052,68,Male,38.8,Non-anginal Pain,,90.0,85.0,141.0,220.0,26.0,145.0,False,5.7,False,ST-T Wave Abnormality,False,0.0,Up,0.0,Normal,True,False,Low,5.0,0
11712,73,Male,35.82,Non-anginal Pain,137.0,83.0,,142.0,244.0,51.0,150.0,True,5.4,True,Normal,False,0.0,Up,1.0,Normal,False,False,Moderate,4.0,0
10075,49,Male,30.8,Asymptomatic,96.0,68.0,77.0,162.0,177.0,42.0,111.0,False,5.0,False,Normal,False,0.0,Flat,0.0,Normal,False,False,Low,1.0,0
4449,42,Male,24.4,Asymptomatic,109.0,71.0,69.0,165.0,210.0,42.0,135.0,False,5.9,False,Normal,False,0.0,Up,,normal,False,False,Moderate,4.0,0
61523,75,Male,22.2,Asymptomatic,142.0,77.0,80.0,152.0,151.0,32.0,84.0,True,7.9,True,Normal,False,0.0,Up,0.0,Normal,False,True,Moderate,7.0,0
23427,73,Male,28.4,Asymptomatic,143.0,73.0,69.0,138.0,189.0,44.0,126.0,False,5.5,False,ST-T Wave Abnormality,False,1.8,Flat,2.0,Normal,True,False,Low,3.0,1
48687,65,Female,22.3,Non-anginal Pain,130.0,79.0,75.0,149.0,214.0,48.0,149.0,False,5.2,False,Normal,False,0.6,Down,2.0,Normal,False,False,Moderate,5.0,0
93044,48,Male,26.8,Typical Angina,126.0,91.0,81.0,155.0,168.0,31.0,,False,5.5,False,ST-T Wave Abnormality,True,2.5,Flat,0.0,Reversible Defect,False,False,,1.0,1
17147,59,Female,32.6,Asymptomatic,,,68.0,171.0,124.0,45.0,69.0,True,7.1,True,Normal,False,0.0,Up,0.0,Normal,False,False,Moderate,5.0,0
69559,46,Male,45.7,Asymptomatic,,72.0,76.0,168.0,206.0,39.0,86.0,False,5.1,False,Normal,False,1.7,Flat,0.0,,False,True,High,6.0,0
49475,45,Female,23.8,Asymptomatic,116.0,71.0,60.0,191.0,179.0,59.0,,False,4.7,False,Normal,False,0.3,Flat,0.0,Normal,False,False,Moderate,3.0,0
55120,62,Male,22.9,Atypical Angina,123.0,81.0,57.0,157.0,183.0,26.0,136.0,False,5.2,False,,False,0.7,Flat,3.0,Normal,True,True,Low,9.0,1
18645,75,Female,21.5,Asymptomatic,135.0,76.0,76.0,126.0,174.0,54.0,111.0,False,5.3,False,Normal,False,0.0,Flat,2.0,Normal,False,True,Low,9.0,1
54512,37,Male,23.4,Atypical Angina,121.0,79.0,73.0,189.0,126.0,48.0,81.0,False,5.5,False,Left Ventricular Hypertrophy,True,0.0,Up,2.0,Reversible Defect,False,True,High,5.0,0
95491,63,Male,23.2,Asymptomatic,110.0,75.0,72.0,147.0,178.0,62.0,88.0,False,5.2,False,Normal,False,0.0,Up,0.0,Reversible Defect,False,False,Moderate,2.0,0
33830,34,Male,16.5,Asymptomatic,123.0,74.0,77.0,185.0,206.0,49.0,122.0,False,4.6,False,Normal,False,0.0,Up,0.0,Normal,False,False,High,4.0,0
53638,64,Female,32.0,Non-anginal Pain,134.0,84.0,72.0,163.0,212.0,58.0,136.0,False,5.8,False,Normal,False,0.0,Up,0.0,Normal,False,False,Moderate,4.0,0
46460,65,Female,36.7,Atypical Angina,140.0,88.0,83.0,129.0,222.0,55.0,147.0,False,5.4,False,ST-T Wave Abnormality,False,0.0,Flat,0.0,Normal,False,False,Low,4.0,0
69287,54,Female,29.3,Asymptomatic,126.0,85.0,74.0,148.0,183.0,58.0,89.0,False,5.0,False,Normal,False,0.0,Flat,1.0,Normal,True,False,Low,4.0,0
95149,77,Female,23.2,Non-anginal Pain,119.0,81.0,75.0,155.0,143.0,44.0,77.0,False,5.3,False,Normal,False,0.0,Up,3.0,Normal,False,False,Low,6.0,1
91488,43,Male,31.1,Non-anginal Pain,99.0,80.0,66.0,189.0,150.0,41.0,83.0,False,5.6,False,Normal,False,0.0,Up,0.0,Normal,False,False,Moderate,1.0,0
26345,57,Male,30.7,Atypical Angina,127.0,81.0,66.0,147.0,199.0,47.0,111.0,False,5.7,False,ST-T Wave Abnormality,False,0.6,Up,1.0,Reversible Defect,False,False,High,3.0,1
56481,56,Female,23.1,Typical Angina,,69.0,66.0,164.0,174.0,51.0,103.0,False,5.5,False,Normal,False,1.1,Flat,0.0,Normal,False,False,Moderate,1.0,0
13407,74,Male,36.5,Atypical Angina,126.0,78.0,80.0,136.0,175.0,48.0,117.0,True,7.1,True,Normal,True,,Flat,0.0,Normal,True,False,Low,3.0,1
27770,47,Female,24.6,Asymptomatic,125.0,88.0,55.0,169.0,214.0,68.0,124.0,,4.6,False,Normal,False,0.0,Up,0.0,Normal,False,False,,2.0,0
30899,69,Male,38.4,Non-anginal Pain,128.0,83.0,78.0,140.0,220.0,32.0,136.0,True,8.4,True,Left Ventricular Hypertrophy,False,0.5,Flat,1.0,Fixed Defect,False,False,Low,6.0,1
55826,79,Male,28.98,Non-anginal Pain,104.0,66.0,70.0,152.0,180.0,28.0,110.0,False,5.7,False,Normal,True,,Flat,0.0,Normal,False,False,Moderate,5.0,0
33552,31,Female,21.17,Typical Angina,108.0,59.0,60.0,190.0,,48.0,86.0,False,4.6,False,Normal,False,0.0,Up,0.0,Reversible Defect,False,True,Moderate,1.0,0
67277,71,Female,31.1,Non-anginal Pain,150.0,90.0,91.0,129.0,166.0,44.0,106.0,True,8.4,True,Normal,True,0.0,Up,0.0,Normal,False,False,Low,7.0,1
86740,58,Female,22.7,Asymptomatic,140.0,78.0,,152.0,251.0,52.0,146.0,False,5.9,False,Normal,False,1.7,Flat,0.0,Normal,False,True,Moderate,3.0,0
22094,69,Male,32.14,Asymptomatic,117.0,76.0,76.0,129.0,199.0,32.0,,True,7.3,True,Normal,False,0.0,Up,0.0,Normal,False,True,Low,6.0,1
63746,49,Female,28.6,Asymptomatic,104.0,75.0,82.0,177.0,222.0,45.0,156.0,False,4.2,False,Normal,False,0.0,Up,0.0,Normal,False,False,Moderate,5.0,0
99755,33,Female,,Atypical Angina,109.0,74.0,64.0,184.0,147.0,63.0,56.0,False,5.0,False,Normal,False,,Flat,0.0,Normal,False,False,High,3.0,0
74651,48,Female,23.2,Asymptomatic,117.0,80.0,90.0,152.0,187.0,58.0,90.0,False,5.1,False,ST-T Wave Abnormality,True,1.1,Up,0.0,Normal,False,False,Low,7.0,0
2072,52,Male,25.6,Atypical Angina,115.0,79.0,74.0,164.0,170.0,43.0,106.0,,5.1,False,Normal,False,3.6,Flat,0.0,Normal,True,False,Low,2.0,1
23375,43,Male,20.2,Non-anginal Pain,102.0,55.0,80.0,164.0,221.0,38.0,161.0,False,5.1,False,Normal,False,0.0,Flat,,Normal,False,False,Moderate,8.0,0
19249,53,Female,19.9,Asymptomatic,120.0,74.0,74.0,157.0,160.0,37.0,96.0,False,5.3,False,Normal,False,0.6,Flat,0.0,Normal,False,False,Low,3.0,0
23029,44,Male,,Atypical Angina,112.0,81.0,67.0,175.0,158.0,54.0,89.0,False,5.8,False,,False,0.0,Flat,0.0,Normal,False,False,High,7.0,0
48057,42,Female,27.36,Asymptomatic,117.0,71.0,,176.0,176.0,51.0,104.0,False,5.4,False,,False,0.1,Flat,1.0,Normal,True,False,High,5.0,1
49573,75,Male,,Atypical Angina,123.0,78.0,80.0,147.0,205.0,42.0,149.0,False,,False,Normal,False,,Flat,2.0,Normal,False,True,Moderate,5.0,1
82029,62,Male,39.65,Asymptomatic,134.0,75.0,74.0,144.0,185.0,30.0,114.0,False,4.9,False,Normal,True,0.0,Up,1.0,Normal,False,False,Low,6.0,0
90361,60,Female,25.1,Non-anginal Pain,136.0,88.0,72.0,152.0,278.0,44.0,177.0,True,8.3,True,Normal,True,0.5,Flat,0.0,Reversible Defect,False,False,Low,5.0,1
87168,47,Male,27.5,Non-anginal Pain,131.0,78.0,70.0,177.0,203.0,64.0,81.0,False,5.3,False,Normal,False,0.0,Down,0.0,,False,False,Moderate,5.0,0
39536,56,Male,32.6,Asymptomatic,124.0,80.0,81.0,161.0,195.0,49.0,127.0,False,5.7,False,Normal,False,0.0,Flat,0.0,Reversible Defect,False,False,Low,3.0,0
80840,56,Female,38.0,Atypical Angina,133.0,90.0,74.0,164.0,161.0,37.0,,False,5.3,False,Left Ventricular Hypertrophy,False,1.1,Flat,1.0,,False,False,High,6.0,0
38331,39,Female,17.8,Non-anginal Pain,133.0,75.0,79.0,162.0,169.0,48.0,110.0,False,4.4,False,Normal,True,0.8,Up,0.0,Normal,False,False,Low,4.0,0
91758,59,Male,28.2,Typical Angina,137.0,88.0,71.0,136.0,189.0,31.0,126.0,False,5.3,False,Normal,True,2.3,Flat,1.0,Normal,True,False,Moderate,5.0,0
66289,73,Male,29.5,Non-anginal Pain,121.0,70.0,80.0,151.0,174.0,43.0,107.0,False,5.5,False,Normal,False,0.3,Up,0.0,Reversible Defect,False,False,Low,4.0,0
97035,62,Female,29.7,Atypical Angina,105.0,80.0,65.0,162.0,179.0,58.0,101.0,False,6.0,False,Normal,False,0.0,Up,0.0,Normal,True,False,Moderate,3.0,0
38758,33,Female,,Atypical Angina,107.0,76.0,68.0,173.0,167.0,50.0,81.0,,5.0,False,Normal,True,0.0,Up,0.0,,True,False,Moderate,5.0,0
9261,50,Male,24.54,Non-anginal Pain,111.0,67.0,67.0,160.0,169.0,51.0,100.0,False,4.9,False,Normal,False,0.0,Up,1.0,Normal,False,False,Low,4.0,0
5337,39,Male,26.8,Non-anginal Pain,112.0,83.0,48.0,164.0,150.0,,59.0,False,5.2,False,Normal,False,0.0,Up,0.0,Reversible Defect,False,True,Moderate,8.0,0
8367,58,Male,30.8,Non-anginal Pain,111.0,62.0,58.0,182.0,170.0,49.0,102.0,False,5.3,False,Normal,False,0.0,Up,2.0,Reversible Defect,False,False,High,5.0,0
57149,84,Female,23.2,Asymptomatic,137.0,79.0,75.0,150.0,183.0,54.0,104.0,False,6.5,True,Normal,False,0.4,Flat,0.0,Normal,False,False,Low,6.0,0
92601,68,Male,27.98,Asymptomatic,152.0,91.0,81.0,138.0,321.0,53.0,243.0,False,5.2,False,Normal,False,0.4,Up,3.0,Normal,False,False,Low,8.0,1
24020,89,Female,33.5,Non-anginal Pain,131.0,77.0,73.0,135.0,242.0,56.0,160.0,False,5.4,False,ST-T Wave Abnormality,False,0.0,Flat,1.0,,False,False,Low,3.0,1
20761,71,Male,26.3,Asymptomatic,128.0,83.0,73.0,165.0,204.0,37.0,150.0,False,5.0,False,Left Ventricular Hypertrophy,True,0.0,Up,0.0,Normal,False,True,Moderate,6.0,1
12767,50,Female,30.5,Non-anginal Pain,120.0,81.0,66.0,172.0,191.0,54.0,115.0,False,5.8,False,Normal,False,0.0,Up,0.0,Normal,False,False,High,4.0,0
8400,64,Female,32.6,Atypical Angina,120.0,69.0,74.0,160.0,242.0,45.0,121.0,,8.5,True,Normal,False,1.2,Up,1.0,Normal,False,True,Low,9.0,1
96146,82,Male,23.1,Non-anginal Pain,156.0,80.0,83.0,147.0,243.0,,134.0,False,5.2,False,Normal,False,2.8,Flat,1.0,Normal,False,False,Moderate,8.0,1
36678,49,Male,21.4,Atypical Angina,110.0,73.0,72.0,181.0,,,,True,7.1,True,,False,0.2,Up,0.0,Normal,False,False,Moderate,8.0,0
19688,51,Male,33.4,Asymptomatic,102.0,79.0,62.0,179.0,204.0,53.0,135.0,True,7.1,True,Normal,False,0.0,Flat,1.0,Normal,False,False,High,2.0,0
7729,82,Female,27.6,Atypical Angina,129.0,75.0,75.0,137.0,160.0,42.0,89.0,False,5.9,False,Normal,False,0.2,Up,1.0,Normal,False,False,Low,1.0,1
93362,71,Female,32.27,Typical Angina,152.0,104.0,83.0,130.0,203.0,50.0,138.0,False,5.2,False,Left Ventricular Hypertrophy,True,2.7,Flat,3.0,Normal,True,False,Low,5.0,1
61629,41,Female,44.1,Atypical Angina,126.0,75.0,77.0,205.0,212.0,46.0,144.0,False,5.0,False,Normal,False,0.0,Flat,0.0,Normal,False,False,Moderate,5.0,0
25388,79,Male,25.3,,129.0,77.0,91.0,,168.0,43.0,98.0,False,5.2,False,ST-T Wave Abnormality,False,0.0,Up,1.0,Normal,False,True,Low,8.0,1
80951,68,Male,27.0,Non-anginal Pain,132.0,78.0,62.0,153.0,181.0,44.0,122.0,False,5.3,False,Normal,False,0.0,Up,0.0,Normal,False,False,,7.0,1
86419,58,Female,28.2,Asymptomatic,123.0,81.0,60.0,190.0,,,,False,5.2,False,Normal,False,0.0,Up,,Normal,False,False,High,3.0,0
44688,27,Male,15.9,Asymptomatic,,80.0,61.0,209.0,115.0,41.0,51.0,False,5.2,False,Normal,False,0.0,Up,1.0,Normal,True,False,High,6.0,0
20515,65,Male,26.5,Non-anginal Pain,122.0,,58.0,156.0,312.0,49.0,,False,5.1,False,Normal,False,0.0,Up,0.0,Normal,False,False,High,7.0,1
76742,54,Male,15.0,Asymptomatic,100.0,69.0,66.0,174.0,182.0,54.0,113.0,False,5.6,False,Normal,False,0.0,Flat,2.0,Reversible Defect,True,False,Moderate,7.0,0
49332,58,Male,26.1,Asymptomatic,125.0,74.0,81.0,144.0,196.0,29.0,161.0,False,5.3,False,Normal,False,0.0,Up,0.0,Normal,True,True,Low,,1
93715,73,Male,21.07,Typical Angina,118.0,80.0,66.0,127.0,205.0,49.0,123.0,False,5.4,False,Normal,False,0.6,Flat,2.0,Normal,False,False,Moderate,6.0,0
36823,58,Female,26.4,Typical Angina,113.0,82.0,66.0,161.0,151.0,21.0,126.0,False,5.3,False,Normal,True,0.6,Flat,0.0,Normal,False,False,Moderate,4.0,1
11907,78,Male,32.43,Asymptomatic,131.0,67.0,77.0,145.0,177.0,42.0,116.0,False,5.4,False,ST-T Wave Abnormality,True,0.0,Up,0.0,Normal,False,False,Moderate,4.0,0
77759,40,Female,27.9,Atypical Angina,113.0,78.0,74.0,183.0,146.0,48.0,61.0,False,,False,Normal,False,0.0,Flat,1.0,Normal,False,False,Moderate,5.0,0
83634,48,Female,32.4,Asymptomatic,108.0,74.0,59.0,166.0,196.0,27.0,136.0,True,8.1,True,,False,0.0,Up,0.0,,True,True,Low,6.0,1
1598,63,Male,23.8,Typical Angina,139.0,96.0,68.0,148.0,164.0,42.0,120.0,False,5.3,False,Normal,False,0.0,Flat,0.0,Normal,False,False,High,1.0,0
14707,46,Male,17.8,Non-anginal Pain,127.0,73.0,83.0,162.0,148.0,45.0,84.0,False,5.3,False,Normal,True,0.0,Up,1.0,Normal,False,True,Low,7.0,0
32399,42,Female,21.0,Non-anginal Pain,105.0,73.0,73.0,150.0,155.0,53.0,82.0,False,5.8,True,Normal,False,0.2,Up,0.0,Normal,True,False,Low,10.0,0
45761,59,Male,32.9,Non-anginal Pain,121.0,,74.0,149.0,193.0,36.0,101.0,True,8.7,True,Normal,False,0.0,Flat,0.0,Normal,False,False,Moderate,4.0,0
97,83,Female,29.8,Asymptomatic,137.0,83.0,65.0,140.0,180.0,49.0,100.0,False,,False,Normal,False,0.0,Up,0.0,Normal,False,False,Low,5.0,0
52034,28,Female,22.1,Asymptomatic,103.0,74.0,68.0,179.0,196.0,,82.0,False,,False,Normal,False,0.2,Flat,1.0,Fixed Defect,False,True,High,5.0,0
15550,66,Female,31.9,Typical Angina,139.0,76.0,84.0,145.0,,65.0,73.0,False,5.9,False,Normal,True,1.9,Flat,0.0,Reversible Defect,False,True,Moderate,7.0,0
43098,68,Male,25.5,Atypical Angina,126.0,78.0,77.0,133.0,146.0,42.0,72.0,False,4.9,False,Left Ventricular Hypertrophy,True,,Flat,1.0,Reversible Defect,False,True,High,3.0,1
22954,54,Female,33.4,Asymptomatic,124.0,96.0,84.0,170.0,209.0,53.0,142.0,False,,False,Left Ventricular Hypertrophy,False,0.0,Up,1.0,Normal,False,False,Moderate,1.0,0
15339,63,Male,28.9,Atypical Angina,110.0,65.0,65.0,164.0,234.0,42.0,151.0,False,4.7,False,Normal,False,5.8,Flat,0.0,Normal,False,False,Moderate,6.0,0
52164,87,Female,23.6,Asymptomatic,129.0,82.0,61.0,148.0,203.0,36.0,145.0,False,4.9,False,Normal,False,0.7,Up,2.0,Normal,False,False,Low,6.0,0
63672,58,Female,29.3,Non-anginal Pain,127.0,82.0,66.0,141.0,232.0,28.0,,True,6.2,True,Normal,False,0.3,Flat,1.0,Normal,True,False,Low,5.0,1
48589,33,Male,35.3,Non-anginal Pain,102.0,71.0,73.0,176.0,206.0,41.0,97.0,True,11.8,True,Normal,False,0.0,Up,0.0,Normal,True,False,Moderate,8.0,1
42470,67,Female,28.6,Asymptomatic,,102.0,74.0,167.0,237.0,36.0,180.0,False,5.2,False,Left Ventricular Hypertrophy,False,0.0,Up,1.0,Normal,False,False,Low,1.0,1
98624,63,Female,32.1,Non-anginal Pain,121.0,73.0,53.0,198.0,184.0,57.0,109.0,False,5.4,False,ST-T Wave Abnormality,False,0.0,Up,0.0,Normal,False,True,High,6.0,0
31424,34,Male,23.7,Atypical Angina,109.0,72.0,68.0,178.0,176.0,60.0,79.0,False,5.1,False,Normal,False,0.0,Down,0.0,Normal,False,False,Moderate,2.0,0
13529,41,Female,26.4,Typical Angina,90.0,56.0,74.0,175.0,129.0,45.0,68.0,False,4.6,False,Normal,False,0.0,Up,0.0,Normal,False,True,Low,3.0,0
76513,68,Female,39.9,Asymptomatic,139.0,85.0,86.0,127.0,191.0,57.0,107.0,True,7.4,True,Normal,False,0.2,Flat,3.0,Normal,True,True,Moderate,9.0,1
18964,45,Male,20.7,Asymptomatic,130.0,94.0,74.0,161.0,207.0,52.0,,False,5.7,False,Normal,False,0.9,Flat,1.0,Reversible Defect,False,False,Low,3.0,1
30700,34,Male,24.01044,Asymptomatic,92.0,54.0,88.0,173.0,148.0,57.0,84.0,False,5.1,False,Normal,False,0.9,Up,0.0,Normal,False,False,Low,2.0,1
89777,69,Male,,Non-anginal Pain,131.0,72.0,76.0,159.0,187.0,37.0,,True,6.5,True,Normal,,0.0,Flat,1.0,Normal,False,True,Moderate,4.0,1
52690,77,Male,30.86,Typical Angina,134.0,76.0,86.0,140.0,190.0,43.0,124.0,False,6.9,True,Normal,False,0.0,Up,2.0,Normal,False,False,Moderate,9.0,1
76508,51,Male,22.9,Non-anginal Pain,108.0,72.0,70.0,181.0,214.0,55.0,101.0,False,5.1,False,Normal,False,,Up,0.0,Normal,True,False,High,4.0,0
80855,87,Female,32.6,Typical Angina,135.0,84.0,77.0,133.0,170.0,39.0,99.0,True,5.2,False,ST-T Wave Abnormality,False,0.5,Flat,3.0,Reversible Defect,False,False,Low,8.0,1
36394,53,Female,20.7,Asymptomatic,121.0,89.0,79.0,154.0,220.0,53.0,129.0,False,4.7,False,Normal,False,0.0,Flat,0.0,Reversible Defect,True,True,Low,7.0,1
56761,58,Male,31.1,Non-anginal Pain,121.0,93.0,70.0,132.0,181.0,48.0,99.0,False,,False,Normal,False,4.0,Flat,2.0,Normal,True,False,Low,4.0,1
52352,44,Male,24.6,Asymptomatic,112.0,81.0,84.0,156.0,198.0,40.0,126.0,False,5.5,False,Normal,False,0.5,Flat,0.0,Fixed Defect,True,False,Low,2.0,1
42718,74,Male,27.9,Asymptomatic,142.0,86.0,69.0,134.0,221.0,49.0,118.0,False,5.4,False,ST-T Wave Abnormality,False,0.0,Up,,Normal,True,False,Moderate,4.0,0
76566,87,Female,24.1,Atypical Angina,143.0,85.0,75.0,138.0,182.0,54.0,120.0,True,9.0,True,Normal,False,0.0,Up,1.0,,False,True,Low,6.0,1
49024,80,Male,27.5,Atypical Angina,138.0,85.0,83.0,119.0,217.0,30.0,132.0,False,,False,Left Ventricular Hypertrophy,False,1.8,Up,2.0,Normal,False,False,Low,3.0,1
39343,44,Male,,Non-anginal Pain,100.0,76.0,72.0,183.0,139.0,38.0,84.0,False,5.3,False,Normal,False,0.0,Up,0.0,,True,True,Moderate,4.0,0
11210,35,Male,31.5,Non-anginal Pain,98.0,70.0,64.0,186.0,193.0,58.0,120.0,False,5.4,False,Normal,False,0.0,Up,1.0,Normal,False,True,High,1.0,0
31917,73,Male,21.8,Non-anginal Pain,126.0,80.0,82.0,122.0,175.0,46.0,113.0,False,,False,Normal,False,0.0,Up,2.0,Normal,True,,Low,,0
38908,32,Female,24.4,Asymptomatic,97.0,74.0,58.0,189.0,199.0,,118.0,False,5.0,False,,False,1.3,Up,0.0,Normal,False,False,High,,0
10006,51,Male,24.3,Atypical Angina,129.0,80.0,74.0,157.0,180.0,44.0,116.0,True,8.0,True,Normal,False,0.0,Flat,1.0,Normal,False,True,Low,4.0,1
45940,73,Male,33.3,Typical Angina,125.0,88.0,75.0,123.0,180.0,38.0,111.0,False,7.8,True,ST-T Wave Abnormality,True,1.0,Flat,1.0,Normal,True,False,Low,4.0,1
69176,87,Female,33.1,Asymptomatic,136.0,86.0,93.0,145.0,,29.0,103.0,False,5.4,True,Normal,False,0.2,Down,3.0,Normal,False,False,Low,7.0,1
17905,48,Male,27.2,Non-anginal Pain,123.0,84.0,62.0,169.0,165.0,68.0,61.0,False,5.1,False,Normal,False,0.4,Flat,2.0,Normal,False,False,Moderate,6.0,0
44823,76,Male,21.77,Typical Angina,125.0,88.0,70.0,143.0,190.0,59.0,106.0,True,7.0,True,Normal,False,0.0,Up,1.0,Normal,False,True,Moderate,8.0,1
62661,48,Male,29.0,Typical Angina,122.0,76.0,78.0,192.0,,41.0,152.0,False,5.0,False,Normal,False,0.0,Up,0.0,Normal,True,False,Low,5.0,0
84989,41,Male,23.7,Non-anginal Pain,119.0,91.0,77.0,174.0,185.0,53.0,104.0,False,4.9,False,Normal,False,,Flat,1.0,Normal,False,False,High,8.0,0
23275,48,Male,,Non-anginal Pain,119.0,83.0,78.0,162.0,182.0,39.0,,False,4.9,False,Normal,False,0.0,Flat,1.0,,True,False,Low,3.0,1
16604,78,Male,22.69,Atypical Angina,127.0,,72.0,157.0,158.0,,103.0,False,5.8,False,Normal,True,0.0,Up,1.0,Normal,False,True,Moderate,4.0,0
65771,47,Male,32.4,Non-anginal Pain,,72.0,72.0,172.0,148.0,43.0,73.0,False,5.1,False,Normal,False,,Up,0.0,Normal,True,False,Low,6.0,0
79122,42,Female,21.7,Asymptomatic,96.0,65.0,63.0,169.0,334.0,60.0,,True,4.6,False,Normal,False,0.3,Up,0.0,Normal,True,False,High,5.0,0
6215,60,Male,25.9,Non-anginal Pain,108.0,74.0,61.0,189.0,195.0,37.0,108.0,False,5.8,False,Normal,False,0.8,Up,1.0,Normal,True,False,High,2.0,0
32320,52,Male,27.3,Typical Angina,109.0,73.0,75.0,159.0,151.0,,83.0,False,5.2,False,Normal,False,0.0,Flat,0.0,Normal,False,False,Low,4.0,0
42852,76,Female,27.8,Atypical Angina,142.0,89.0,78.0,155.0,,59.0,125.0,False,4.9,False,Normal,True,2.3,Down,0.0,Normal,False,False,Low,5.0,0
30028,55,Male,27.0,Atypical Angina,119.0,84.0,73.0,145.0,189.0,45.0,99.0,False,4.9,False,Normal,False,0.9,Flat,0.0,Normal,True,False,Low,2.0,1
90499,53,Male,33.4,Asymptomatic,122.0,80.0,69.0,161.0,151.0,44.0,85.0,True,,False,Normal,False,0.6,Up,0.0,Normal,False,True,Low,7.0,0
61213,52,Male,21.0,Atypical Angina,126.0,81.0,55.0,166.0,181.0,52.0,109.0,False,6.4,False,Normal,False,0.0,Flat,0.0,Normal,False,True,Moderate,7.0,0
73027,58,Female,22.8,Asymptomatic,114.0,71.0,70.0,158.0,214.0,51.0,136.0,False,5.1,False,Normal,True,4.0,Flat,1.0,Normal,False,True,Moderate,7.0,1
5126,53,Male,27.7,Non-anginal Pain,110.0,73.0,73.0,160.0,166.0,40.0,111.0,False,5.5,False,Normal,False,0.0,Up,1.0,Reversible Defect,True,False,Low,5.0,0
26375,47,Female,18.9,Asymptomatic,115.0,84.0,69.0,171.0,205.0,69.0,116.0,False,5.1,False,Normal,False,0.0,Up,,Normal,False,False,Low,7.0,0
20062,57,Male,32.5,Asymptomatic,91.0,71.0,86.0,173.0,262.0,31.0,196.0,False,5.8,False,Normal,False,0.0,Flat,0.0,Normal,False,False,Moderate,6.0,0
77439,29,Male,17.9,Atypical Angina,127.0,81.0,55.0,169.0,224.0,52.0,,False,5.6,False,Normal,False,1.4,Flat,0.0,Normal,False,False,High,2.0,0
94134,43,Male,27.1,Asymptomatic,112.0,72.0,65.0,166.0,236.0,41.0,94.0,False,5.7,False,Normal,False,0.1,Up,1.0,Normal,False,True,Moderate,3.0,0
76920,49,Female,26.3,Atypical Angina,111.0,62.0,69.0,162.0,232.0,46.0,164.0,False,5.0,False,Normal,True,,Flat,0.0,Normal,True,False,Moderate,6.0,0
85089,39,Male,21.2,Non Anginal Pain,104.0,68.0,71.0,195.0,242.0,38.0,182.0,False,5.1,False,Normal,False,,Up,0.0,Normal,True,False,Low,5.0,1
75113,69,Male,28.71,Atypical Angina,158.0,89.0,86.0,147.0,166.0,22.0,89.0,False,5.5,False,Normal,False,0.0,Up,1.0,Reversible Defect,True,False,Low,3.0,0
47539,48,Female,28.4,Asymptomatic,112.0,79.0,89.0,160.0,197.0,51.0,129.0,,8.0,True,Normal,False,0.0,Up,0.0,Reversible Defect,True,False,Low,8.0,0
54046,75,Female,37.2,Non-anginal Pain,115.0,65.0,72.0,141.0,160.0,43.0,84.0,True,6.3,True,Normal,False,0.0,Flat,1.0,Fixed Defect,False,True,Low,2.0,1
11312,63,Male,31.7,Non-anginal Pain,163.0,82.0,80.0,,,,,False,6.0,False,Normal,False,,Up,0.0,Normal,False,True,Low,7.0,0
92562,57,Male,28.4,Non-anginal Pain,116.0,73.0,79.0,175.0,238.0,50.0,159.0,False,5.2,False,Normal,False,0.0,Up,0.0,Normal,True,False,Moderate,5.0,0
67847,42,Male,,Asymptomatic,108.0,77.0,67.0,187.0,153.0,31.0,100.0,False,5.7,False,Normal,False,0.0,Up,2.0,Normal,True,False,Low,9.0,0
7871,34,Male,31.6,Typical Angina,116.0,76.0,75.0,164.0,161.0,39.0,,False,4.8,False,Normal,True,2.9,Flat,0.0,Normal,False,True,Low,2.0,0
82487,80,Male,23.4,Asymptomatic,147.0,97.0,81.0,122.0,184.0,40.0,95.0,False,5.3,False,Normal,,0.0,Up,0.0,Normal,False,False,Low,5.0,0
86232,79,Male,32.11,Asymptomatic,143.0,90.0,72.0,142.0,232.0,42.0,148.0,False,5.1,False,Normal,True,1.6,Up,0.0,Normal,False,False,Low,5.0,1
88379,78,Male,28.5,Typical Angina,127.0,,65.0,140.0,166.0,36.0,105.0,False,5.9,False,Normal,False,0.0,Up,3.0,Normal,False,False,Moderate,5.0,1
22635,63,Male,,Asymptomatic,106.0,89.0,55.0,173.0,152.0,44.0,78.0,False,5.1,False,Normal,False,0.1,Up,,Normal,False,False,High,1.0,0
21860,47,Female,34.41,Non-anginal Pain,124.0,85.0,78.0,148.0,163.0,54.0,92.0,True,8.4,True,Normal,False,,Flat,1.0,Normal,False,False,Moderate,4.0,0
21703,62,Female,32.2,Asymptomatic,123.0,78.0,81.0,137.0,201.0,47.0,116.0,False,5.3,False,Normal,True,0.0,Flat,1.0,Normal,True,,Low,8.0,1
39141,35,Male,31.8,Typical Angina,115.0,70.0,67.0,174.0,144.0,31.0,,False,5.4,False,Normal,False,0.0,Up,0.0,Normal,False,False,Moderate,2.0,0
70319,75,Male,33.4,Non-anginal Pain,147.0,89.0,79.0,149.0,197.0,34.0,111.0,True,7.2,True,ST-T Wave Abnormality,False,0.6,Flat,0.0,Fixed Defect,False,False,Low,5.0,0
53441,50,Male,18.18013,Non-anginal Pain,109.0,72.0,80.0,167.0,184.0,55.0,104.0,False,5.0,False,Normal,False,0.7,Flat,0.0,Reversible Defect,False,True,Moderate,3.0,0
88205,66,Female,26.3,Non-anginal Pain,114.0,69.0,70.0,158.0,226.0,34.0,163.0,False,5.7,False,Normal,False,0.0,Up,0.0,Normal,False,False,Moderate,10.0,0
3643,51,Female,24.5,Non-anginal Pain,136.0,79.0,80.0,133.0,165.0,25.0,122.0,False,5.0,False,Left Ventricular Hypertrophy,False,0.7,Flat,0.0,Fixed Defect,False,False,Low,4.0,0
99112,65,Female,32.4,Asymptomatic,128.0,87.0,77.0,141.0,166.0,30.0,108.0,True,,True,Left Ventricular Hypertrophy,False,0.0,Up,0.0,Normal,True,True,Low,5.0,1
84910,64,Male,25.05,Asymptomatic,117.0,70.0,81.0,149.0,171.0,35.0,125.0,False,5.2,False,Normal,False,0.9,Up,0.0,Normal,False,False,Moderate,4.0,0
46552,39,Female,25.0,Asymptomatic,99.0,71.0,80.0,174.0,,70.0,107.0,False,4.5,False,Normal,False,4.2,Flat,0.0,Normal,False,False,Low,4.0,0
82263,43,Female,22.8,Non-anginal Pain,101.0,75.0,70.0,176.0,,59.0,91.0,False,4.9,False,Normal,False,0.0,Up,0.0,Normal,False,True,High,7.0,0
64978,77,Female,26.9,Asymptomatic,133.0,78.0,84.0,130.0,198.0,48.0,103.0,False,5.3,False,ST-T wave abnormality,True,0.8,Flat,2.0,Reversible Defect,False,False,Low,7.0,1
99132,39,Male,27.6,Atypical Angina,109.0,74.0,51.0,174.0,265.0,56.0,185.0,False,5.1,False,ST-T Wave Abnormality,False,0.9,Up,0.0,Reversible Defect,False,False,High,3.0,0
84036,73,Female,30.0,Asymptomatic,129.0,86.0,70.0,165.0,180.0,47.0,118.0,False,5.3,False,Normal,False,0.0,Up,0.0,Fixed Defect,False,True,Low,4.0,0
59194,52,Female,26.0,Atypical Angina,148.0,92.0,77.0,172.0,194.0,58.0,109.0,False,4.7,False,Normal,False,0.0,Flat,0.0,Normal,False,True,Low,1.0,0
59275,56,Male,29.5,Non-anginal Pain,121.0,86.0,73.0,162.0,,47.0,139.0,False,5.0,False,,False,0.0,Up,0.0,Normal,False,False,,4.0,0
57992,57,Female,28.1,Non-anginal Pain,118.0,93.0,75.0,181.0,154.0,51.0,72.0,False,5.4,False,Normal,False,0.0,Up,0.0,Normal,False,False,Low,4.0,0
78054,51,Male,28.4,Asymptomatic,118.0,80.0,75.0,156.0,167.0,57.0,100.0,False,5.1,False,Normal,False,0.0,Up,1.0,Normal,False,False,Moderate,5.0,0
51388,46,Male,30.5,Non-anginal Pain,104.0,73.0,59.0,156.0,184.0,36.0,136.0,False,5.1,False,Normal,True,0.4,Flat,0.0,Normal,False,True,High,2.0,0
62651,61,Male,29.6,Asymptomatic,,98.0,69.0,199.0,209.0,35.0,157.0,False,5.6,False,Normal,False,0.0,Up,0.0,Normal,True,False,Moderate,7.0,0
69362,65,Male,,Typical Angina,133.0,76.0,70.0,131.0,225.0,,158.0,False,5.9,False,Normal,False,0.6,Flat,3.0,Fixed Defect,False,False,Moderate,4.0,1
11590,69,Female,24.7,Non-anginal Pain,121.0,80.0,65.0,140.0,213.0,52.0,136.0,False,5.1,False,Left Ventricular Hypertrophy,False,2.5,Flat,3.0,Normal,False,True,Moderate,5.0,0
83405,48,Male,30.0,Asymptomatic,130.0,83.0,72.0,157.0,197.0,42.0,118.0,True,5.0,False,Normal,False,0.0,Flat,0.0,Normal,False,False,Moderate,5.0,0
28592,61,Female,33.4,Asymptomatic,114.0,72.0,65.0,154.0,139.0,38.0,79.0,False,4.9,False,Normal,False,0.4,Up,0.0,Normal,False,False,Moderate,5.0,0
4092,51,Female,25.1,Non-anginal Pain,114.0,90.0,69.0,153.0,,53.0,89.0,False,5.4,False,Normal,False,0.0,Flat,1.0,Normal,False,False,Moderate,5.0,0
95680,75,Male,29.8,Asymptomatic,139.0,79.0,78.0,138.0,,,,False,7.0,True,,False,0.9,Flat,3.0,Reversible Defect,False,False,Low,3.0,0
31464,64,Female,27.1,Typical Angina,127.0,95.0,78.0,120.0,155.0,33.0,87.0,False,6.4,True,Normal,True,0.8,Up,2.0,Reversible Defect,False,False,Low,6.0,1
30813,78,Male,34.93,Non-anginal Pain,133.0,,62.0,138.0,248.0,45.0,,True,5.6,False,Normal,False,0.0,Flat,,Normal,False,False,Moderate,1.0,1
64491,69,Male,28.7,Asymptomatic,111.0,75.0,61.0,155.0,211.0,51.0,136.0,False,5.6,False,ST-T Wave Abnormality,False,0.0,Flat,1.0,Reversible Defect,False,True,High,1.0,1
21353,55,Female,21.73,Non-anginal Pain,97.0,68.0,71.0,177.0,220.0,53.0,146.0,False,5.2,False,Normal,False,0.0,Up,1.0,Fixed Defect,False,False,Moderate,5.0,0
21003,66,Female,28.2,Non-anginal Pain,135.0,77.0,75.0,118.0,220.0,44.0,145.0,False,5.3,False,Left Ventricular Hypertrophy,False,0.0,Up,0.0,Normal,False,True,Moderate,7.0,0
3548,42,Male,23.9,Non-anginal Pain,120.0,67.0,61.0,174.0,198.0,43.0,139.0,False,5.4,False,Normal,False,0.0,Up,0.0,Normal,False,False,Moderate,5.0,0
63067,78,Female,25.1,Non-anginal Pain,143.0,72.0,88.0,,190.0,66.0,110.0,False,5.7,False,Normal,False,0.0,Flat,2.0,Normal,False,True,Moderate,6.0,1
85922,46,Male,17.4,Asymptomatic,119.0,72.0,80.0,181.0,180.0,42.0,95.0,False,4.9,False,Normal,False,0.0,Up,1.0,Normal,False,False,Moderate,4.0,0
73068,51,Female,25.2,Asymptomatic,121.0,85.0,77.0,164.0,154.0,40.0,94.0,True,5.3,False,Normal,False,2.2,Flat,0.0,Fixed Defect,False,False,Moderate,4.0,0
49974,62,Male,31.5,Atypical Angina,110.0,68.0,67.0,144.0,209.0,47.0,,True,5.6,False,Normal,False,1.3,Flat,0.0,Normal,False,True,Moderate,4.0,0
76152,65,Male,26.4,Non-anginal Pain,107.0,69.0,60.0,138.0,161.0,36.0,90.0,False,5.2,False,Normal,False,0.3,Up,0.0,Reversible Defect,True,False,Moderate,4.0,0
13697,76,Male,21.73,Typical Angina,135.0,70.0,81.0,148.0,193.0,43.0,114.0,False,5.0,False,Left Ventricular Hypertrophy,False,0.0,Up,0.0,Normal,False,False,Moderate,7.0,1
75509,80,Female,25.5,Atypical Angina,138.0,85.0,74.0,142.0,236.0,36.0,175.0,False,5.6,False,Left Ventricular Hypertrophy,False,0.1,Up,0.0,Normal,False,False,Low,3.0,1
489,69,Female,23.3,Non-anginal Pain,123.0,83.0,73.0,161.0,153.0,53.0,81.0,False,5.6,False,Normal,False,3.5,Flat,0.0,Normal,False,False,Moderate,4.0,0
62348,61,Female,30.1,Non-anginal Pain,111.0,72.0,74.0,150.0,134.0,32.0,81.0,False,5.8,False,Normal,False,0.1,Up,1.0,Normal,False,False,Low,8.0,0
11594,61,Female,37.51,Non-anginal Pain,121.0,82.0,79.0,182.0,172.0,45.0,,True,6.5,True,Normal,False,2.3,Up,2.0,Normal,False,False,High,4.0,1
69024,69,Female,24.21,Atypical Angina,131.0,81.0,65.0,142.0,216.0,67.0,110.0,False,5.1,False,Normal,False,0.0,Up,2.0,Normal,False,False,,6.0,0
45402,63,Male,31.5,Asymptomatic,129.0,90.0,77.0,175.0,212.0,39.0,147.0,False,5.4,False,ST-T Wave Abnormality,False,0.8,Flat,0.0,Reversible Defect,False,False,High,7.0,0
7315,38,Male,18.9,Asymptomatic,100.0,82.0,67.0,190.0,216.0,45.0,149.0,False,5.3,False,Normal,False,0.0,Up,0.0,Normal,False,True,Moderate,6.0,0
91501,82,Male,24.3,Typical Angina,143.0,85.0,76.0,,171.0,28.0,96.0,False,5.8,False,Normal,False,0.0,Flat,1.0,Normal,True,True,Moderate,4.0,1
62003,51,Female,31.93,Non-anginal Pain,130.0,97.0,72.0,183.0,188.0,42.0,109.0,False,5.1,False,Normal,False,0.0,Up,0.0,Normal,False,True,Moderate,3.0,0
32521,77,Female,30.1,Typical Angina,134.0,71.0,78.0,122.0,187.0,39.0,121.0,False,5.4,False,Left Ventricular Hypertrophy,True,,Flat,3.0,Fixed Defect,False,False,Low,1.0,1
19023,38,Male,31.86,Non-anginal Pain,115.0,81.0,66.0,192.0,229.0,38.0,160.0,False,4.7,False,Normal,False,0.0,Up,0.0,,True,False,Moderate,4.0,1
29356,78,Female,31.5,Typical Angina,126.0,89.0,66.0,156.0,171.0,57.0,101.0,False,5.0,False,Left Ventricular Hypertrophy,True,0.9,Up,0.0,Normal,False,False,,4.0,0
55846,54,Male,26.1,Non-anginal Pain,120.0,64.0,57.0,160.0,136.0,25.0,92.0,False,5.2,False,Normal,False,0.0,Flat,0.0,Normal,False,False,Moderate,3.0,0
16769,44,Female,21.87,Asymptomatic,116.0,79.0,74.0,191.0,168.0,39.0,121.0,True,4.9,False,Left Ventricular Hypertrophy,False,0.0,Flat,0.0,Reversible Defect,False,False,Moderate,6.0,0
97119,67,Female,22.22,Asymptomatic,124.0,78.0,77.0,169.0,,54.0,98.0,False,5.4,False,Normal,False,0.8,Flat,0.0,Normal,False,False,Moderate,4.0,0
1200,68,Male,34.9,Non-anginal Pain,134.0,75.0,74.0,169.0,228.0,51.0,164.0,True,8.4,True,Normal,False,0.0,Flat,1.0,Normal,False,True,Moderate,4.0,1
51283,62,Male,24.8,Asymptomatic,117.0,75.0,66.0,172.0,163.0,38.0,107.0,False,5.3,False,ST-T Wave Abnormality,False,0.0,Down,0.0,Normal,False,False,Moderate,5.0,0
26992,28,Male,22.6,Non-anginal Pain,91.0,59.0,70.0,188.0,128.0,47.0,70.0,False,6.1,True,,True,,Up,0.0,Normal,False,False,Moderate,4.0,0
28724,72,Female,32.6,Typical Angina,128.0,79.0,70.0,124.0,155.0,44.0,91.0,True,7.7,True,Normal,False,1.4,Down,0.0,Normal,False,False,Moderate,7.0,1
43623,32,Female,19.9,Asymptomatic,105.0,59.0,64.0,197.0,,64.0,94.0,False,5.6,False,Normal,True,0.0,Flat,0.0,Normal,False,True,High,4.0,0
90138,71,Female,21.36,Asymptomatic,131.0,83.0,60.0,141.0,244.0,67.0,116.0,False,4.9,False,Normal,False,0.0,,0.0,Normal,False,True,High,6.0,0
21931,81,Female,26.9,Non-anginal Pain,135.0,88.0,85.0,141.0,210.0,51.0,141.0,True,8.3,True,Normal,False,1.2,Up,3.0,Normal,False,False,Low,9.0,1
25120,73,Male,18.8,Asymptomatic,133.0,78.0,72.0,157.0,151.0,51.0,82.0,False,5.2,False,Normal,True,0.0,Flat,0.0,Normal,False,False,Moderate,5.0,0
40302,75,Male,34.5,Non-anginal Pain,105.0,60.0,78.0,149.0,201.0,40.0,150.0,True,8.8,True,Normal,False,0.0,Up,0.0,Reversible Defect,False,False,Moderate,3.0,1
75710,52,Female,24.5,Atypical Angina,112.0,70.0,66.0,170.0,134.0,67.0,61.0,False,4.5,True,Normal,False,0.0,Up,0.0,Reversible Defect,False,True,Moderate,3.0,0
62334,38,Male,27.2,Non-anginal Pain,107.0,74.0,70.0,200.0,160.0,49.0,102.0,False,5.5,False,Normal,False,0.0,Up,0.0,Normal,True,False,Moderate,6.0,0
19368,45,Female,27.1,Non-anginal Pain,116.0,75.0,68.0,158.0,189.0,47.0,103.0,False,5.4,True,Normal,False,0.0,Up,0.0,Normal,False,False,Moderate,6.0,0
60922,58,Male,24.4,Asymptomatic,133.0,85.0,83.0,157.0,212.0,44.0,149.0,False,4.3,False,Normal,False,0.1,Up,0.0,Normal,False,True,Low,6.0,0
35181,60,Male,26.3,Asymptomatic,124.0,74.0,76.0,155.0,183.0,24.0,140.0,True,5.7,False,Left Ventricular Hypertrophy,False,3.1,Up,0.0,Fixed Defect,False,True,Low,5.0,1
99254,43,Female,29.5,Atypical Angina,99.0,75.0,83.0,176.0,176.0,68.0,65.0,False,5.4,False,Normal,False,0.0,Up,1.0,Normal,False,False,Low,4.0,0
87218,76,Male,49.6,Non-anginal Pain,132.0,92.0,70.0,127.0,174.0,20.0,96.0,True,8.4,True,ST-T Wave Abnormality,False,,Up,0.0,Normal,False,,High,7.0,0
55160,73,Male,35.41,Asymptomatic,136.0,89.0,82.0,137.0,229.0,56.0,126.0,False,5.3,False,Normal,True,1.1,Flat,3.0,Normal,False,True,Low,5.0,0
40568,77,Female,41.2,Non-anginal Pain,135.0,89.0,74.0,157.0,210.0,41.0,139.0,False,6.5,True,Normal,False,0.0,Flat,2.0,Normal,True,False,Low,2.0,1
48261,72,Male,26.2,Non-anginal Pain,130.0,,78.0,155.0,150.0,43.0,107.0,False,4.9,False,Normal,False,0.0,Up,0.0,Normal,False,False,Moderate,8.0,0
19805,46,Male,28.4,Atypical Angina,124.0,77.0,78.0,158.0,151.0,26.0,85.0,False,4.7,False,Normal,True,2.3,Flat,2.0,Normal,True,True,Low,5.0,1
21934,34,Male,,Typical Angina,98.0,80.0,64.0,192.0,201.0,44.0,125.0,False,5.3,False,ST-T Wave Abnormality,False,0.0,Up,2.0,Normal,False,False,High,4.0,0
84441,63,Female,28.69,Non-anginal Pain,206.0,114.0,64.0,144.0,161.0,48.0,74.0,False,5.4,False,ST-T Wave Abnormality,False,0.0,Up,0.0,Normal,False,False,Moderate,3.0,0
70861,37,Male,23.2,Asymptomatic,98.0,70.0,65.0,179.0,,54.0,134.0,False,4.9,False,Normal,False,0.0,Flat,0.0,Reversible Defect,True,True,High,1.0,0
96777,63,Male,26.1,Non-anginal Pain,120.0,76.0,84.0,153.0,189.0,47.0,134.0,False,5.0,False,Left Ventricular Hypertrophy,False,0.0,Flat,1.0,Normal,False,True,Low,4.0,1
35811,75,Male,25.3,Asymptomatic,155.0,85.0,84.0,136.0,219.0,,140.0,,5.3,False,ST-T Wave Abnormality,True,3.3,Flat,2.0,Reversible Defect,False,True,Low,4.0,1
11564,43,Male,19.5,Non-anginal Pain,123.0,77.0,70.0,170.0,178.0,50.0,113.0,False,5.1,False,Normal,False,0.0,Flat,3.0,,True,False,High,6.0,0
2018,48,Female,20.0,Asymptomatic,111.0,76.0,55.0,196.0,204.0,62.0,129.0,False,5.6,False,Normal,False,0.0,Up,0.0,Reversible Defect,False,True,High,6.0,0
6392,48,Female,25.6,Asymptomatic,114.0,81.0,70.0,147.0,177.0,53.0,105.0,False,5.5,False,Normal,False,0.0,Up,0.0,Normal,False,True,Low,3.0,0
61587,45,Female,23.5,Non-anginal Pain,117.0,78.0,70.0,163.0,197.0,45.0,124.0,False,5.1,False,Normal,False,0.0,Flat,0.0,Fixed Defect,False,False,Moderate,2.0,0
24751,44,Female,22.2,Atypical Angina,117.0,77.0,51.0,173.0,139.0,44.0,84.0,False,5.4,False,ST-T Wave Abnormality,False,0.0,Flat,1.0,Normal,False,False,,4.0,0
97853,41,Female,,Typical Angina,93.0,71.0,64.0,187.0,201.0,69.0,85.0,False,4.9,False,Normal,False,0.5,Flat,0.0,Reversible Defect,False,,High,2.0,0
88099,48,Female,32.5,Asymptomatic,119.0,86.0,82.0,197.0,246.0,44.0,175.0,False,4.8,False,Normal,False,0.0,Flat,3.0,Normal,True,True,Moderate,8.0,0
99305,71,Female,27.3,Atypical Angina,129.0,73.0,69.0,159.0,210.0,50.0,137.0,False,7.4,True,Normal,False,0.0,Flat,1.0,Normal,False,True,Low,1.0,1
67698,67,Female,23.6,Atypical Angina,146.0,97.0,84.0,147.0,194.0,59.0,117.0,False,5.3,False,Normal,False,4.7,Flat,,Normal,False,False,Low,4.0,1
83459,74,Female,26.2,Non-anginal Pain,135.0,82.0,88.0,127.0,221.0,43.0,147.0,False,5.7,False,ST-T Wave Abnormality,False,0.0,Up,1.0,Normal,False,False,Low,6.0,1
23246,70,Female,23.3,Atypical Angina,122.0,77.0,79.0,159.0,237.0,46.0,177.0,False,4.6,False,,False,0.0,Up,1.0,Reversible Defect,False,False,Low,3.0,1
63960,45,Female,28.3,Non-anginal Pain,115.0,76.0,72.0,162.0,199.0,54.0,103.0,False,5.0,False,Normal,False,,Down,1.0,Normal,False,True,Moderate,5.0,0
90029,37,Female,29.7,Asymptomatic,143.0,,75.0,174.0,135.0,52.0,60.0,False,5.1,False,Normal,False,0.0,,1.0,Normal,False,True,,6.0,0
57549,46,Female,29.3,Asymptomatic,90.0,58.0,78.0,146.0,145.0,,81.0,False,5.0,False,Normal,False,,Up,0.0,Normal,True,False,Low,1.0,0
94926,61,Female,26.5,Non-anginal Pain,113.0,77.0,69.0,178.0,191.0,59.0,,False,5.9,False,ST-T Wave Abnormality,False,0.0,Up,2.0,Reversible Defect,False,False,High,9.0,0
26422,62,Female,27.6,Asymptomatic,123.0,88.0,69.0,165.0,169.0,48.0,75.0,True,7.0,True,Normal,False,0.0,Up,1.0,Normal,,True,Moderate,8.0,0
97013,63,Male,24.6,Non-anginal Pain,123.0,76.0,77.0,155.0,140.0,42.0,,False,4.8,False,Normal,False,0.0,Up,0.0,Fixed Defect,False,True,Moderate,9.0,0
18579,53,Male,16.72,Asymptomatic,136.0,90.0,54.0,171.0,174.0,44.0,106.0,False,5.3,False,Normal,False,0.0,Flat,2.0,Normal,True,False,Low,4.0,0
15075,36,Male,24.0,Asymptomatic,116.0,73.0,71.0,193.0,184.0,38.0,95.0,False,5.0,False,,False,0.0,Up,0.0,Normal,False,True,Moderate,9.0,0
63643,49,Female,27.3,Asymptomatic,115.0,72.0,76.0,173.0,157.0,49.0,79.0,False,5.1,False,Normal,False,0.4,Up,0.0,Normal,True,False,Low,5.0,1
87780,76,Female,33.39,Non-anginal Pain,143.0,80.0,69.0,153.0,162.0,51.0,89.0,True,7.8,True,Left Ventricular Hypertrophy,False,0.0,Flat,3.0,Normal,False,False,Moderate,6.0,1
88483,72,Female,,Asymptomatic,128.0,90.0,61.0,136.0,217.0,47.0,154.0,False,5.4,False,Normal,False,0.0,Up,1.0,Normal,False,False,High,3.0,0
66895,41,Female,27.6,Asymptomatic,128.0,77.0,93.0,151.0,155.0,49.0,80.0,False,5.2,False,ST-T Wave Abnormality,True,0.5,Flat,0.0,Normal,False,False,Low,8.0,0
99875,50,Male,21.9,Typical Angina,127.0,80.0,80.0,168.0,137.0,39.0,79.0,False,5.5,False,Left Ventricular Hypertrophy,False,0.0,Flat,1.0,Normal,False,False,Moderate,9.0,1
10862,78,Male,27.9,Asymptomatic,132.0,90.0,79.0,150.0,255.0,48.0,177.0,,5.4,False,Normal,False,0.6,Flat,2.0,Normal,False,False,Low,4.0,0
99225,84,Male,31.91,Atypical Angina,142.0,88.0,77.0,126.0,263.0,46.0,182.0,False,5.7,,Left Ventricular Hypertrophy,True,2.1,Flat,2.0,Normal,False,False,Low,1.0,1
99685,39,Male,24.3,Asymptomatic,183.0,103.0,81.0,205.0,207.0,,120.0,False,5.1,False,Normal,False,0.0,Flat,0.0,Normal,False,True,Moderate,8.0,0
16671,45,Male,24.98,Asymptomatic,112.0,63.0,77.0,156.0,200.0,54.0,111.0,,5.5,False,ST-T Wave Abnormality,False,0.0,Flat,1.0,Normal,False,False,Moderate,4.0,0
15479,57,Male,28.6,Typical Angina,147.0,93.0,67.0,182.0,230.0,42.0,168.0,False,5.6,False,Normal,True,1.0,Up,0.0,Reversible Defect,True,True,High,7.0,1
19639,49,Female,21.3,Asymptomatic,124.0,76.0,78.0,176.0,193.0,49.0,112.0,False,5.4,False,Normal,False,0.0,Up,0.0,Fixed Defect,False,False,High,1.0,0
12212,61,Female,22.89,Asymptomatic,124.0,74.0,68.0,165.0,230.0,54.0,155.0,False,6.0,False,ST-T Wave Abnormality,True,0.6,Flat,0.0,Normal,False,False,Moderate,8.0,1
60155,56,Female,34.6,Atypical Angina,146.0,98.0,80.0,179.0,165.0,49.0,72.0,False,5.1,False,Left Ventricular Hypertrophy,False,0.0,Up,0.0,Normal,False,False,Low,7.0,0
20490,44,Male,36.4,Asymptomatic,121.0,82.0,59.0,178.0,127.0,30.0,87.0,False,5.5,False,Normal,False,0.0,Up,0.0,Normal,False,False,Moderate,8.0,0
23776,45,Female,30.8,Asymptomatic,121.0,83.0,81.0,193.0,245.0,54.0,133.0,False,4.6,False,Normal,False,0.0,Flat,0.0,Normal,False,True,Moderate,7.0,0
76879,75,Male,31.8,Non-anginal Pain,133.0,82.0,67.0,143.0,163.0,37.0,106.0,False,,False,Left Ventricular Hypertrophy,False,0.4,Flat,0.0,Fixed Defect,False,False,Moderate,6.0,1
4031,62,Female,20.9,Atypical Angina,112.0,79.0,79.0,164.0,223.0,57.0,128.0,False,5.4,False,Normal,False,0.0,Up,0.0,Normal,False,False,Low,3.0,0
22751,42,Female,20.99,Non-anginal Pain,106.0,67.0,67.0,165.0,,54.0,103.0,False,,False,Normal,False,0.0,Down,0.0,,False,True,Moderate,4.0,0
92642,60,Female,30.3,Typical Angina,105.0,76.0,76.0,187.0,,,,False,5.7,False,Normal,False,0.0,Up,0.0,Normal,False,False,Moderate,7.0,0
31187,27,Female,25.0,Asymptomatic,102.0,77.0,59.0,198.0,279.0,59.0,180.0,False,5.7,False,Normal,False,0.0,,0.0,Reversible Defect,False,False,High,6.0,0
68608,48,Male,27.9,Non-anginal Pain,182.0,94.0,89.0,161.0,156.0,27.0,98.0,False,5.6,False,Normal,True,0.0,Up,0.0,Normal,True,False,Low,5.0,0
32982,64,Male,24.9,Asymptomatic,115.0,75.0,59.0,170.0,178.0,42.0,101.0,False,5.6,True,Normal,False,0.2,Up,0.0,Normal,False,True,High,1.0,0
75791,42,Female,21.8,Non-anginal Pain,116.0,83.0,74.0,167.0,237.0,65.0,133.0,False,,False,ST-T Wave Abnormality,False,0.4,Flat,3.0,Normal,False,True,High,10.0,1
8309,46,Male,23.5,Non-anginal Pain,111.0,69.0,80.0,,177.0,23.0,126.0,False,5.3,False,,False,0.0,Flat,0.0,Normal,True,True,Moderate,5.0,0
90518,44,Female,23.5,Asymptomatic,111.0,75.0,73.0,210.0,251.0,,156.0,True,,False,Left Ventricular Hypertrophy,False,0.0,Up,0.0,Normal,True,True,High,8.0,0
3925,46,Male,,Atypical Angina,119.0,69.0,96.0,171.0,,35.0,93.0,False,5.4,False,Normal,False,0.0,Flat,0.0,,True,False,,8.0,1
28024,64,Female,28.0,Non-anginal Pain,123.0,84.0,57.0,162.0,187.0,51.0,102.0,True,7.1,True,Normal,False,0.0,Up,0.0,Fixed Defect,False,True,Moderate,1.0,0
93758,74,Male,25.8,Typical Angina,123.0,71.0,76.0,132.0,175.0,31.0,90.0,False,5.0,False,Normal,False,1.7,Flat,0.0,Normal,False,True,Low,1.0,1
9668,81,Male,26.4,Atypical Angina,,92.0,93.0,147.0,153.0,58.0,87.0,False,5.7,False,Normal,True,1.0,Down,3.0,Normal,False,False,Low,4.0,1
29535,41,Male,28.4,Atypical Angina,134.0,77.0,65.0,175.0,142.0,43.0,72.0,True,5.1,False,Normal,False,0.0,Up,0.0,Normal,False,False,Low,8.0,0
75927,56,Female,25.6,Non-anginal Pain,129.0,77.0,72.0,167.0,189.0,57.0,93.0,False,4.4,False,Normal,False,0.0,Up,0.0,Normal,True,False,Moderate,7.0,0
17835,79,Female,49.2,Asymptomatic,146.0,84.0,89.0,145.0,248.0,34.0,150.0,True,8.0,True,ST-T Wave Abnormality,False,0.0,Up,0.0,Normal,False,True,Low,4.0,0
44782,55,Male,28.7,Asymptomatic,109.0,74.0,75.0,133.0,243.0,52.0,172.0,False,5.5,False,Left Ventricular Hypertrophy,False,0.8,Flat,0.0,Normal,False,False,Low,5.0,1
70555,37,Female,22.5,Typical Angina,127.0,78.0,70.0,150.0,103.0,43.0,45.0,False,5.3,False,Normal,False,1.2,Flat,0.0,Normal,False,False,Low,8.0,1
90012,65,Male,32.0,Non-anginal Pain,121.0,77.0,72.0,155.0,217.0,27.0,158.0,False,5.4,False,Left Ventricular Hypertrophy,False,0.3,Up,0.0,Normal,True,False,,6.0,1
8019,65,Female,28.8,Non-anginal Pain,140.0,82.0,94.0,142.0,231.0,58.0,131.0,False,5.1,False,Normal,False,0.0,Flat,0.0,Normal,False,False,Low,5.0,0
83116,62,Female,25.7,Non-anginal Pain,122.0,77.0,77.0,146.0,140.0,45.0,78.0,False,5.0,False,Normal,True,1.7,Flat,0.0,Normal,False,True,Low,,0
95319,59,Female,25.8,Atypical Angina,109.0,72.0,81.0,142.0,223.0,46.0,151.0,False,5.1,False,ST-T Wave Abnormality,False,0.6,Flat,0.0,Normal,False,False,High,3.0,1
28372,44,Female,32.6,Atypical Angina,131.0,85.0,82.0,186.0,193.0,53.0,103.0,False,5.9,False,Normal,True,0.7,Up,0.0,Fixed Defect,False,True,High,8.0,1
89480,80,Female,21.7,Asymptomatic,128.0,73.0,66.0,166.0,184.0,58.0,94.0,False,4.7,False,Normal,False,0.9,Flat,0.0,Normal,False,False,Moderate,8.0,1
2628,70,Female,38.5,Non-anginal Pain,126.0,,76.0,148.0,213.0,52.0,130.0,False,7.4,True,ST-T Wave Abnormality,False,0.8,Flat,0.0,Reversible Defect,False,False,Low,3.0,1
54831,37,Female,29.1,Non-anginal Pain,107.0,65.0,78.0,182.0,193.0,66.0,113.0,True,5.5,False,Normal,True,1.3,Flat,0.0,Normal,False,False,Moderate,9.0,0
94479,59,Female,27.7,Non-anginal Pain,120.0,65.0,70.0,163.0,,,,False,5.3,False,ST-T Wave Abnormality,False,,Up,0.0,Reversible Defect,False,False,High,3.0,0
25496,51,Male,28.7,Typical Angina,123.0,86.0,72.0,159.0,217.0,36.0,149.0,False,5.6,False,Normal,False,2.0,Flat,0.0,Normal,False,False,Low,8.0,1
12307,53,Female,26.96,Asymptomatic,133.0,90.0,64.0,196.0,185.0,50.0,114.0,False,,False,Normal,False,0.0,Up,0.0,Normal,False,True,Low,8.0,0
92335,63,Female,29.1,Non-anginal Pain,132.0,73.0,71.0,152.0,257.0,47.0,,True,7.9,True,Normal,True,,Flat,0.0,Reversible Defect,False,True,Moderate,6.0,1
44123,86,Female,26.0,Typical Angina,139.0,85.0,77.0,144.0,333.0,56.0,249.0,False,5.1,False,ST-T Wave Abnormality,True,,Flat,0.0,Normal,False,False,Low,4.0,0
24953,50,Male,27.9,Non-anginal Pain,121.0,78.0,72.0,175.0,178.0,37.0,119.0,False,6.3,False,Normal,True,0.0,Up,0.0,Reversible Defect,False,False,Low,6.0,0
72585,52,Female,20.7,Typical Angina,115.0,67.0,59.0,124.0,202.0,47.0,134.0,False,,False,Normal,False,0.1,Up,0.0,Normal,False,False,Low,5.0,0
224,76,Male,22.9,Asymptomatic,130.0,73.0,71.0,169.0,151.0,41.0,81.0,False,4.8,False,Normal,True,0.0,Up,0.0,Reversible Defect,False,False,Moderate,3.0,0
8791,35,Male,26.7,Asymptomatic,95.0,73.0,65.0,184.0,209.0,,117.0,True,7.5,True,Normal,False,0.0,Up,1.0,Normal,False,True,Moderate,9.0,1
25144,56,Male,23.1,Asymptomatic,123.0,89.0,73.0,153.0,214.0,40.0,,False,5.6,False,Normal,False,0.3,Flat,2.0,Reversible Defect,False,False,High,7.0,0
4874,49,Male,19.0,Asymptomatic,133.0,87.0,76.0,190.0,150.0,48.0,86.0,False,5.2,False,Normal,False,0.0,Up,0.0,Normal,False,False,Moderate,7.0,0
91123,69,Male,22.8,Non-anginal Pain,124.0,81.0,84.0,147.0,218.0,47.0,149.0,False,5.6,False,Normal,False,0.0027,Up,0.0,Normal,True,False,,10.0,0
56857,68,Female,19.62,Typical Angina,123.0,91.0,65.0,131.0,224.0,52.0,,False,5.0,False,ST-T Wave Abnormality,False,0.0,Flat,3.0,Normal,False,False,High,6.0,0
56211,45,Male,25.0,Asymptomatic,96.0,70.0,75.0,162.0,205.0,29.0,148.0,False,5.9,False,Normal,False,0.0,Up,0.0,Normal,False,False,Moderate,4.0,0
62121,68,Female,21.7,Asymptomatic,124.0,86.0,77.0,142.0,221.0,49.0,,False,5.8,False,ST-T Wave Abnormality,False,,Flat,0.0,,False,False,Low,3.0,0
13290,54,Female,34.1,Atypical Angina,118.0,78.0,67.0,149.0,204.0,,97.0,False,5.8,False,Normal,False,0.9,Up,0.0,Normal,False,False,Moderate,5.0,0
89415,39,Male,34.7,Asymptomatic,119.0,73.0,61.0,176.0,214.0,49.0,106.0,True,8.1,,Normal,False,0.0,Flat,0.0,,False,False,Moderate,3.0,0
43458,70,Male,34.0,Atypical Angina,135.0,85.0,65.0,147.0,161.0,58.0,76.0,True,5.8,False,ST-T Wave Abnormality,False,2.1,Flat,3.0,Normal,False,False,High,4.0,1
8046,34,Male,17.9,Atypical Angina,90.0,63.0,66.0,171.0,184.0,59.0,118.0,False,5.2,False,Left Ventricular Hypertrophy,False,,Up,0.0,Normal,False,False,Low,1.0,1
71044,38,Male,23.3,Non-anginal Pain,90.0,74.0,64.0,191.0,175.0,44.0,114.0,False,5.0,False,Normal,False,0.0,Up,0.0,Normal,True,True,Moderate,2.0,0
2370,62,Female,34.8,Asymptomatic,123.0,76.0,67.0,160.0,,51.0,113.0,False,5.2,False,Normal,False,0.0,Up,2.0,Normal,False,False,High,4.0,0
79153,84,Male,28.6,,139.0,78.0,77.0,123.0,149.0,38.0,93.0,False,5.4,False,Normal,True,0.4,Flat,3.0,Reversible Defect,False,True,Moderate,7.0,0
93067,61,Female,33.22,Asymptomatic,134.0,91.0,66.0,159.0,212.0,52.0,123.0,False,5.3,False,Normal,False,4.6,Flat,0.0,Normal,False,False,Moderate,4.0,1
86770,58,Male,25.1,Non-anginal Pain,117.0,69.0,62.0,180.0,210.0,55.0,107.0,True,11.7,True,Normal,True,0.5,Up,0.0,Normal,True,False,Moderate,8.0,1
88460,54,Female,28.9,Typical Angina,116.0,71.0,80.0,192.0,158.0,55.0,78.0,False,4.7,False,Normal,False,0.7,Up,0.0,Normal,False,True,Moderate,3.0,1
90519,68,Female,30.8,Non-anginal Pain,130.0,,69.0,132.0,214.0,47.0,140.0,False,6.6,True,Normal,False,0.9,Up,0.0,Normal,True,False,Low,3.0,0
74815,83,Female,30.6,Typical Angina,117.0,81.0,59.0,147.0,278.0,40.0,193.0,True,6.7,True,Normal,False,0.9,Flat,1.0,Normal,False,False,Moderate,2.0,1
20051,36,Male,19.53,Non-anginal Pain,130.0,88.0,68.0,181.0,113.0,39.0,68.0,,5.0,False,Normal,False,0.0,Up,1.0,Reversible Defect,False,True,Moderate,4.0,0
72771,57,Male,23.5,Atypical Angina,119.0,83.0,74.0,153.0,207.0,38.0,141.0,False,5.2,False,Normal,False,0.0,Up,0.0,Normal,False,True,High,7.0,0
73284,40,Male,37.9,Asymptomatic,134.0,88.0,69.0,161.0,131.0,28.0,98.0,True,7.1,True,Normal,False,0.0,Up,0.0,Normal,False,True,Low,7.0,0
62477,32,Male,31.93,Atypical Angina,90.0,67.0,64.0,174.0,,28.0,80.0,False,5.3,False,Normal,False,0.4,Up,0.0,Normal,False,False,Moderate,8.0,1
81663,64,Female,27.9,Non-anginal Pain,132.0,91.0,76.0,142.0,,42.0,102.0,True,6.6,True,ST-T Wave Abnormality,True,0.9,Flat,1.0,Normal,False,False,Moderate,7.0,1
21126,52,Male,48.9,Non-anginal Pain,102.0,62.0,72.0,181.0,241.0,43.0,127.0,True,8.1,True,Normal,False,0.6,Up,0.0,Normal,True,True,High,3.0,1
61022,39,Male,30.5,Atypical Angina,120.0,72.0,61.0,207.0,261.0,70.0,149.0,False,5.2,False,Normal,False,0.4,Up,0.0,Normal,False,False,Moderate,6.0,0
10325,43,Male,27.9,Asymptomatic,118.0,80.0,65.0,170.0,213.0,42.0,137.0,True,5.0,False,ST-T Wave Abnormality,False,0.2,Up,2.0,Normal,False,True,High,4.0,0
27838,48,Male,27.7,Asymptomatic,116.0,69.0,70.0,159.0,147.0,48.0,85.0,False,5.0,False,,False,0.0,Up,0.0,Normal,False,False,High,7.0,0
21405,58,Male,22.6,Atypical Angina,110.0,72.0,61.0,171.0,141.0,50.0,81.0,False,5.0,False,Normal,False,0.0,Flat,0.0,Normal,False,True,High,6.0,0
36969,86,Male,36.6,Non-anginal Pain,136.0,89.0,71.0,142.0,188.0,20.0,111.0,False,5.7,False,Normal,False,0.0,Up,1.0,Normal,False,False,Low,8.0,1
55165,51,Female,18.9,,112.0,72.0,64.0,177.0,183.0,50.0,100.0,False,5.6,False,Left Ventricular Hypertrophy,False,0.0,,,Normal,True,True,High,9.0,0
40369,42,Male,26.22,Asymptomatic,90.0,,72.0,175.0,168.0,42.0,101.0,False,,False,Normal,False,0.0,Up,0.0,Normal,False,False,Moderate,6.0,0
56471,36,Female,20.6,Non-anginal Pain,105.0,71.0,60.0,198.0,160.0,56.0,69.0,False,5.7,False,Normal,False,0.0,,0.0,Normal,True,True,High,6.0,0
10054,49,Male,25.54,Non-anginal Pain,115.0,76.0,74.0,192.0,202.0,43.0,138.0,False,,False,Normal,False,0.1,Up,0.0,Normal,False,False,Moderate,6.0,0
9242,77,Male,28.4,Asymptomatic,127.0,71.0,69.0,140.0,199.0,47.0,116.0,False,6.1,False,Normal,True,0.0,Flat,0.0,Normal,False,False,Moderate,1.0,0
20900,46,Male,31.6,Atypical Angina,119.0,75.0,74.0,159.0,192.0,37.0,109.0,False,4.9,False,Normal,False,0.0,Up,0.0,Normal,False,True,Low,4.0,0
97036,50,Male,25.8,Typical Angina,125.0,88.0,68.0,161.0,185.0,55.0,101.0,False,5.1,False,Normal,True,0.0,Up,0.0,Normal,False,False,High,7.0,0
53274,65,Female,27.5,Asymptomatic,105.0,71.0,68.0,146.0,225.0,49.0,151.0,False,5.5,False,Normal,False,0.0,Up,1.0,Normal,False,True,Moderate,5.0,0
17918,59,Female,28.0,Asymptomatic,135.0,82.0,80.0,140.0,206.0,50.0,129.0,False,5.4,True,Normal,False,0.0,Down,0.0,Normal,False,False,Low,6.0,0
36812,52,Female,27.9,Asymptomatic,129.0,80.0,74.0,162.0,185.0,52.0,96.0,False,5.3,False,ST-T Wave Abnormality,False,0.3,Up,0.0,Normal,False,False,Moderate,6.0,0
26816,48,Male,27.4,Asymptomatic,135.0,75.0,58.0,,201.0,43.0,137.0,False,5.4,False,Normal,False,0.6,Up,0.0,Normal,True,True,High,4.0,0
86264,73,Male,33.0,Asymptomatic,126.0,79.0,73.0,153.0,177.0,28.0,119.0,True,11.7,True,Normal,False,0.0,Up,0.0,Normal,False,True,Low,9.0,1
93021,51,Male,21.1,Typical Angina,127.0,70.0,67.0,150.0,206.0,39.0,136.0,False,5.5,False,Normal,False,1.1,Flat,0.0,Reversible Defect,False,False,Low,6.0,0
74291,48,Female,23.71,Atypical Angina,118.0,77.0,87.0,137.0,214.0,38.0,149.0,False,5.1,False,Normal,False,0.0,Up,0.0,Reversible Defect,False,False,Moderate,,0
83546,52,Female,27.2,Asymptomatic,112.0,80.0,77.0,152.0,243.0,,163.0,False,5.2,False,Normal,False,0.0,Up,0.0,Normal,False,False,Low,5.0,0
59214,73,Female,25.1,Asymptomatic,155.0,80.0,72.0,153.0,243.0,39.0,161.0,False,4.7,False,Normal,False,1.0,Up,1.0,Normal,False,False,,4.0,0
57452,49,Male,,Asymptomatic,115.0,88.0,62.0,197.0,229.0,50.0,65.0,False,5.1,False,Normal,False,0.0,Up,0.0,Normal,False,True,High,7.0,0
3936,46,Female,25.6,Asymptomatic,129.0,79.0,72.0,180.0,,52.0,155.0,False,6.0,False,Normal,False,0.0,Up,0.0,Normal,True,False,High,7.0,0
74634,55,Male,23.02,Non-anginal Pain,,80.0,64.0,166.0,142.0,20.0,96.0,False,4.8,False,Normal,False,0.0,Up,0.0,Fixed Defect,True,False,Low,2.0,0
60212,45,Female,25.8,Asymptomatic,150.0,92.0,61.0,173.0,160.0,51.0,73.0,False,5.1,False,Normal,True,1.0,Flat,0.0,Reversible Defect,True,False,High,5.0,0
62308,67,Female,23.8,Atypical Angina,137.0,90.0,56.0,160.0,143.0,44.0,90.0,False,5.1,False,Normal,False,0.0,Flat,0.0,Normal,False,False,High,1.0,0
21786,46,Female,27.4,Asymptomatic,114.0,71.0,64.0,147.0,181.0,54.0,104.0,False,5.0,False,Normal,True,0.7,Up,0.0,Normal,False,False,Moderate,4.0,0
62026,72,Male,32.4,Asymptomatic,147.0,80.0,75.0,150.0,176.0,42.0,110.0,False,5.4,False,Normal,False,1.1,Flat,1.0,Reversible Defect,False,,Moderate,5.0,0
35280,36,Male,35.4,Asymptomatic,125.0,88.0,71.0,182.0,198.0,37.0,139.0,False,5.7,False,Normal,False,0.0,,0.0,Normal,True,True,Moderate,5.0,1
3635,63,Male,22.5,,109.0,78.0,67.0,185.0,145.0,58.0,67.0,False,4.5,False,Normal,False,0.0,Up,0.0,Normal,True,False,High,5.0,0
94126,57,Female,33.5,Non-anginal Pain,133.0,83.0,,167.0,195.0,,129.0,False,5.4,False,Normal,False,0.0,Up,0.0,Normal,False,False,Low,5.0,0
31988,38,Male,31.3,Asymptomatic,113.0,72.0,60.0,184.0,154.0,24.0,118.0,False,5.2,False,Normal,False,0.0,Up,0.0,Normal,False,False,Moderate,6.0,0
4068,67,Female,25.9,Typical Angina,136.0,74.0,72.0,146.0,155.0,44.0,99.0,False,,False,Normal,True,0.0,Up,2.0,Normal,False,False,Low,3.0,0
82184,59,Male,37.2,Asymptomatic,130.0,,90.0,157.0,182.0,34.0,110.0,True,6.9,True,Normal,False,2.1,Flat,1.0,Fixed Defect,False,True,Moderate,7.0,1
7394,75,Male,33.6,Asymptomatic,135.0,80.0,92.0,142.0,278.0,,212.0,False,5.6,False,Normal,False,0.0,Up,0.0,Normal,False,False,Low,4.0,0
19025,69,Female,30.98,Asymptomatic,126.0,77.0,60.0,151.0,,,,False,8.1,True,Normal,False,0.0,Up,1.0,Reversible Defect,False,False,High,6.0,0
47309,68,Male,29.9,Atypical Angina,132.0,78.0,77.0,139.0,267.0,44.0,169.0,False,6.9,True,Normal,False,0.5,Flat,0.0,Fixed Defect,True,True,Low,8.0,1
50529,59,Male,26.8,Typical Angina,126.0,69.0,80.0,156.0,296.0,28.0,100.0,False,4.9,False,Normal,False,0.4,Flat,1.0,Normal,False,False,Low,4.0,0
939,73,Male,36.3,Typical Angina,157.0,94.0,78.0,123.0,189.0,46.0,122.0,True,5.8,False,Normal,False,0.6,Up,0.0,Normal,False,True,Moderate,7.0,1
36259,64,Male,27.8,Non-anginal Pain,131.0,83.0,62.0,155.0,175.0,49.0,118.0,False,5.4,False,Normal,False,0.0,Flat,0.0,Normal,True,False,Low,5.0,0
79523,66,Female,39.0,Asymptomatic,132.0,86.0,70.0,157.0,209.0,52.0,96.0,False,5.4,False,Normal,False,1.0,Down,0.0,Normal,False,False,Moderate,3.0,0
81541,78,Male,25.4,Typical Angina,129.0,83.0,78.0,142.0,231.0,49.0,167.0,False,6.0,False,Normal,False,1.9,Flat,0.0,Normal,False,False,Moderate,6.0,1
58084,65,Male,28.5,Atypical Angina,123.0,70.0,80.0,147.0,194.0,47.0,125.0,True,5.3,False,Normal,False,0.0,Up,2.0,Normal,False,False,Low,7.0,1
76121,68,Male,31.2,Non-anginal Pain,153.0,,71.0,160.0,203.0,41.0,136.0,True,6.9,True,Normal,True,0.0,Flat,0.0,Normal,False,False,Low,6.0,0
9624,58,Female,35.0,Asymptomatic,124.0,85.0,81.0,165.0,182.0,32.0,109.0,False,5.8,True,Normal,False,0.8,Up,2.0,Reversible Defect,False,False,Low,4.0,1
63951,60,Male,27.5,Asymptomatic,122.0,79.0,72.0,157.0,188.0,33.0,125.0,False,5.1,False,Normal,False,0.0,Up,1.0,Normal,True,True,Moderate,7.0,0
43376,66,Male,23.77,Typical Angina,103.0,70.0,77.0,164.0,220.0,43.0,158.0,True,5.0,False,Normal,True,0.0,Flat,0.0,Normal,False,False,Low,2.0,1
63905,30,Male,25.0,Atypical Angina,117.0,70.0,76.0,172.0,179.0,40.0,125.0,False,5.0,False,Normal,False,0.0,Up,0.0,Normal,False,False,Low,5.0,0
946,53,Male,26.6,Asymptomatic,123.0,87.0,71.0,170.0,140.0,43.0,71.0,False,5.2,False,Normal,False,0.0,Up,0.0,Normal,False,True,Low,2.0,0
24493,49,Female,22.8,Non-anginal Pain,134.0,73.0,81.0,144.0,153.0,38.0,87.0,False,,False,Normal,False,,Flat,1.0,Normal,True,False,Low,4.0,0
27933,51,Male,32.8,Atypical Angina,119.0,80.0,,168.0,211.0,41.0,100.0,True,7.8,True,Normal,False,0.1,Flat,0.0,Normal,False,True,Low,7.0,0
66685,51,Male,36.7,Asymptomatic,143.0,84.0,80.0,179.0,188.0,33.0,,False,4.8,False,Normal,True,,Up,0.0,,False,False,Low,1.0,1
61616,72,Female,23.2,Asymptomatic,104.0,67.0,68.0,168.0,238.0,,149.0,False,5.6,False,Normal,False,0.0,Up,0.0,,True,False,Moderate,2.0,0
51062,45,Female,21.6,Atypical Angina,96.0,71.0,66.0,195.0,,57.0,72.0,False,5.3,False,Normal,False,1.3,Flat,0.0,Normal,True,False,Moderate,4.0,0
10283,66,Male,29.9,Non-anginal Pain,112.0,76.0,82.0,153.0,158.0,36.0,90.0,False,5.5,False,Normal,False,0.0,Down,0.0,Normal,False,True,Low,6.0,1
15120,52,Female,27.36,Non-anginal Pain,127.0,84.0,72.0,166.0,227.0,66.0,121.0,True,7.3,True,Normal,False,0.0,Down,1.0,Reversible Defect,False,False,Low,5.0,0
38913,63,Male,26.9,Atypical Angina,110.0,76.0,66.0,166.0,263.0,45.0,189.0,True,4.5,False,Normal,False,0.0,Up,1.0,Normal,False,False,Moderate,7.0,1
8870,31,Male,27.3,Non-anginal Pain,107.0,,60.0,195.0,144.0,56.0,,False,4.8,False,Normal,False,0.0,Up,0.0,Normal,False,False,High,7.0,0
69128,71,Male,33.3,Non-anginal Pain,140.0,87.0,74.0,151.0,171.0,27.0,115.0,False,5.4,False,Normal,,0.0,,1.0,Normal,False,False,Low,4.0,0
83070,51,Male,32.6,Typical Angina,132.0,89.0,79.0,149.0,214.0,46.0,132.0,False,4.6,False,Normal,False,1.0,Up,0.0,Reversible Defect,False,False,,8.0,0
34825,36,Male,24.0,Non-anginal Pain,108.0,74.0,72.0,200.0,115.0,47.0,64.0,False,5.4,False,Normal,False,0.0,Up,0.0,Normal,False,False,Moderate,5.0,0
59695,37,Male,29.6,Asymptomatic,,66.0,68.0,209.0,163.0,40.0,73.0,False,5.2,False,Normal,False,0.0,Up,0.0,Normal,False,False,,5.0,0
42242,45,Female,22.5,Non-anginal Pain,108.0,81.0,69.0,179.0,180.0,52.0,106.0,False,5.1,False,Normal,False,0.0,Up,0.0,Normal,False,False,High,5.0,0
7463,76,Female,26.6,,138.0,84.0,65.0,129.0,,56.0,147.0,False,5.3,False,Normal,False,0.1,Up,0.0,Normal,False,True,Low,7.0,0
12337,40,Female,23.89,Typical Angina,140.0,93.0,74.0,167.0,172.0,46.0,86.0,,5.5,False,ST-T Wave Abnormality,False,0.4,Flat,0.0,Normal,False,False,Low,4.0,0
85392,56,Male,25.9,Non-anginal Pain,124.0,88.0,77.0,175.0,207.0,68.0,112.0,True,6.1,True,Normal,False,0.4,Flat,0.0,Reversible Defect,False,True,High,6.0,1
85305,55,Male,21.4,Non-anginal Pain,115.0,81.0,76.0,138.0,172.0,53.0,82.0,False,5.3,False,Normal,False,2.0,Flat,1.0,Reversible Defect,False,False,Moderate,4.0,0
15952,51,Female,26.7,Asymptomatic,,74.0,63.0,197.0,242.0,49.0,161.0,False,4.8,False,Left Ventricular Hypertrophy,False,0.0,Down,0.0,Normal,False,True,High,7.0,0
57712,49,Female,32.4,Non-anginal Pain,122.0,86.0,74.0,186.0,178.0,44.0,105.0,True,7.7,True,Normal,False,0.0,Up,0.0,Normal,False,True,Moderate,8.0,0
56886,49,Male,29.6,Non-anginal Pain,123.0,71.0,76.0,166.0,154.0,42.0,99.0,False,5.5,False,Normal,True,1.9,Flat,2.0,Normal,False,False,Moderate,5.0,0
90974,39,Female,18.2,Typical Angina,116.0,64.0,57.0,190.0,238.0,55.0,158.0,False,4.1,False,,True,0.0,Up,0.0,Normal,False,False,Moderate,7.0,0
94151,40,Male,22.0,Non-anginal Pain,121.0,74.0,79.0,165.0,177.0,39.0,113.0,False,5.7,False,ST-T Wave Abnormality,,0.0,Up,3.0,Reversible Defect,True,True,Moderate,5.0,1
10400,61,Female,22.0,Non-anginal Pain,111.0,73.0,62.0,168.0,242.0,72.0,135.0,False,,False,ST-T Wave Abnormality,False,1.1,Flat,1.0,Reversible Defect,False,False,Low,4.0,0
7247,61,Female,26.9,Typical Angina,112.0,67.0,61.0,178.0,177.0,71.0,72.0,False,,False,,False,0.0,Up,2.0,,False,False,High,6.0,0
83040,46,Male,26.8,Typical Angina,122.0,91.0,67.0,177.0,154.0,45.0,75.0,False,5.2,False,Normal,False,0.0,Flat,0.0,Fixed Defect,False,False,Moderate,4.0,0
17075,82,Male,47.6,Non-anginal Pain,159.0,69.0,79.0,161.0,228.0,,140.0,True,6.4,True,Normal,False,0.0,Up,0.0,Normal,False,True,Moderate,7.0,1
89739,56,Female,26.8,Non-anginal Pain,114.0,83.0,79.0,153.0,345.0,58.0,248.0,False,5.0,False,Normal,True,0.0,Flat,1.0,Normal,False,False,Moderate,3.0,1
18468,80,Female,23.8,Non-anginal Pain,132.0,77.0,59.0,129.0,222.0,63.0,114.0,False,,False,Normal,False,0.0,Up,2.0,Normal,False,False,Moderate,9.0,1
69134,48,Female,30.15,Non-anginal Pain,131.0,87.0,68.0,137.0,144.0,51.0,66.0,False,4.8,False,ST-T Wave Abnormality,False,,Down,0.0,Normal,False,False,Low,1.0,1
43188,78,Female,20.8,Asymptomatic,130.0,89.0,66.0,133.0,202.0,49.0,147.0,False,5.4,False,Normal,False,0.0,Flat,0.0,Normal,False,False,Moderate,2.0,0
73155,37,Male,23.0,Atypical Angina,99.0,74.0,68.0,177.0,223.0,28.0,151.0,True,,True,Normal,False,0.0,Up,2.0,Normal,False,False,Moderate,5.0,0
16788,39,Male,27.7,Non-anginal Pain,133.0,78.0,73.0,188.0,155.0,38.0,87.0,False,4.8,False,Normal,False,1.5,Up,0.0,Normal,False,False,Moderate,6.0,0
28879,84,Female,39.5,Asymptomatic,159.0,83.0,77.0,113.0,193.0,36.0,115.0,False,6.0,False,Left Ventricular Hypertrophy,False,,Flat,2.0,Reversible Defect,False,True,Low,3.0,1
45432,57,Female,24.47,Asymptomatic,126.0,74.0,85.0,147.0,181.0,47.0,113.0,False,6.0,False,Normal,True,0.4,Flat,0.0,Fixed Defect,,False,Low,2.0,0
10478,82,Male,40.47,Atypical Angina,154.0,90.0,84.0,122.0,216.0,34.0,148.0,True,8.4,True,ST-T Wave Abnormality,False,0.0,Up,0.0,Normal,True,True,Low,6.0,1
64358,33,Female,21.63,Non-anginal Pain,120.0,73.0,54.0,195.0,186.0,66.0,87.0,False,4.8,False,Normal,False,1.5,Flat,2.0,Reversible Defect,False,False,High,9.0,0
99014,72,Male,19.1,Asymptomatic,132.0,78.0,73.0,163.0,157.0,53.0,66.0,False,5.5,False,Normal,True,0.0,Up,1.0,Reversible Defect,False,False,Moderate,5.0,1
8702,58,Male,27.57,Non-anginal Pain,121.0,82.0,77.0,142.0,160.0,41.0,96.0,False,4.8,False,Normal,False,0.0,Flat,3.0,Reversible Defect,True,True,Moderate,5.0,1
17068,79,Female,25.0,Non-anginal Pain,131.0,93.0,,133.0,186.0,53.0,117.0,False,4.8,False,ST-T Wave Abnormality,False,1.1,Flat,3.0,Reversible Defect,False,False,Low,4.0,0
5751,52,Male,21.5,Asymptomatic,119.0,79.0,73.0,141.0,257.0,45.0,129.0,False,4.9,False,ST-T Wave Abnormality,True,1.6,Flat,0.0,Reversible Defect,False,False,Moderate,4.0,1
65017,46,Female,20.7,Atypical Angina,113.0,78.0,71.0,163.0,167.0,46.0,106.0,False,5.1,False,Normal,False,0.0,Flat,0.0,Normal,False,False,Moderate,7.0,0
80477,75,Female,22.4,Atypical Angina,113.0,72.0,62.0,149.0,176.0,41.0,106.0,False,4.8,False,Normal,False,0.0,,3.0,Normal,False,False,Moderate,7.0,0
50362,48,Male,27.09,Typical Angina,117.0,65.0,72.0,202.0,146.0,,95.0,False,4.9,False,Normal,False,0.0,Up,0.0,Normal,False,False,High,6.0,0
59503,54,Female,29.9,Non-anginal Pain,133.0,92.0,72.0,169.0,148.0,52.0,77.0,False,5.6,False,Normal,False,0.4,Up,0.0,Normal,False,False,Low,,0
86161,31,Female,26.9,Asymptomatic,118.0,82.0,71.0,205.0,214.0,61.0,136.0,False,5.3,False,Normal,False,0.0,Up,0.0,,True,False,Moderate,7.0,0
65084,50,Male,26.6,Asymptomatic,114.0,70.0,66.0,175.0,135.0,44.0,68.0,True,4.8,False,Normal,False,0.0,Flat,1.0,Normal,False,False,Moderate,8.0,0
96455,41,Male,20.7,Atypical Angina,101.0,77.0,72.0,204.0,144.0,56.0,63.0,False,4.9,False,Normal,False,0.0,Up,1.0,Normal,False,True,High,4.0,0
46288,39,Male,24.7,Non-anginal Pain,99.0,69.0,71.0,185.0,174.0,55.0,91.0,False,5.4,False,Normal,False,0.0,Up,0.0,Fixed Defect,False,False,High,5.0,0
11031,57,Female,22.4,Non-anginal Pain,123.0,87.0,77.0,120.0,201.0,50.0,130.0,,5.2,False,ST-T Wave Abnormality,False,0.0,Flat,1.0,Reversible Defect,False,True,Moderate,1.0,1
28406,35,Male,30.6,Atypical Angina,107.0,64.0,69.0,196.0,149.0,36.0,81.0,False,5.5,False,Normal,False,,Flat,0.0,Normal,False,True,High,5.0,0
18079,67,Female,31.0,Typical Angina,117.0,77.0,56.0,159.0,196.0,22.0,129.0,,5.7,False,Normal,False,0.0,Up,1.0,Normal,True,False,Moderate,1.0,1
20084,34,Female,28.0,Atypical Angina,107.0,72.0,,166.0,140.0,41.0,72.0,False,5.3,False,Normal,False,0.9,Flat,0.0,Normal,False,True,Low,6.0,0
54332,76,Male,38.5,Asymptomatic,157.0,89.0,76.0,134.0,182.0,35.0,127.0,True,7.5,True,ST-T Wave Abnormality,True,0.0,Up,0.0,Normal,False,False,Low,6.0,0
12403,59,Male,,Asymptomatic,199.0,114.0,79.0,131.0,221.0,36.0,151.0,False,5.6,False,ST-T Wave Abnormality,False,0.0,Up,0.0,Normal,False,False,Low,2.0,0
1939,73,Female,31.25,Typical Angina,138.0,92.0,78.0,131.0,179.0,47.0,106.0,True,7.4,True,Normal,False,0.4,Up,0.0,Normal,False,True,Low,5.0,1
35121,56,Male,17.8,Atypical Angina,136.0,75.0,77.0,156.0,166.0,37.0,99.0,False,5.1,False,Normal,False,0.0,Flat,0.0,Normal,False,False,Low,8.0,0
98768,41,Female,32.7,Atypical Angina,140.0,97.0,79.0,160.0,144.0,50.0,81.0,False,5.3,False,Normal,True,0.0,Down,0.0,Reversible Defect,True,True,Low,5.0,1
25433,36,Male,22.6,Atypical Angina,,68.0,65.0,173.0,172.0,28.0,94.0,False,5.2,False,Normal,False,0.0,Flat,0.0,Normal,True,False,Moderate,1.0,0
71871,37,Male,30.8,Asymptomatic,110.0,87.0,74.0,178.0,173.0,34.0,,True,9.7,True,Normal,True,0.0,Up,0.0,Normal,False,True,Moderate,6.0,0
74544,59,Male,28.54,Asymptomatic,107.0,74.0,68.0,148.0,324.0,34.0,269.0,False,,False,ST-T Wave Abnormality,True,1.3,Up,0.0,Normal,False,False,Low,4.0,0
5406,51,Female,27.2,Asymptomatic,110.0,77.0,66.0,165.0,215.0,72.0,136.0,False,5.4,False,Left Ventricular Hypertrophy,False,0.0,Flat,0.0,Normal,True,False,Low,1.0,0
12693,63,Male,33.1,Asymptomatic,108.0,67.0,76.0,161.0,159.0,28.0,101.0,True,5.8,True,Normal,True,0.0,Up,0.0,Fixed Defect,True,False,,7.0,0
14295,50,Male,32.9,Asymptomatic,115.0,86.0,60.0,150.0,179.0,37.0,,True,6.1,False,Normal,False,0.0,Up,1.0,Normal,False,False,Moderate,3.0,0
2578,68,Female,25.4,Atypical Angina,140.0,77.0,71.0,153.0,213.0,52.0,133.0,False,4.6,False,Left Ventricular Hypertrophy,False,0.0,Flat,1.0,Normal,False,True,Moderate,2.0,1
78611,74,Female,24.2,Asymptomatic,146.0,77.0,65.0,151.0,,54.0,142.0,False,,False,Normal,False,0.0,Up,2.0,Normal,False,True,High,2.0,0
61505,38,Female,22.1,Atypical Angina,108.0,68.0,71.0,192.0,245.0,62.0,165.0,False,5.5,False,ST-T Wave Abnormality,False,1.5,Down,0.0,Reversible Defect,False,False,Moderate,3.0,0
14102,44,Male,27.52,Non-anginal Pain,101.0,66.0,76.0,193.0,218.0,37.0,99.0,True,7.1,True,Left Ventricular Hypertrophy,False,0.0,Flat,0.0,Normal,False,True,Moderate,2.0,0
45805,44,Female,31.6,Non-anginal Pain,120.0,80.0,74.0,177.0,231.0,36.0,137.0,False,5.6,False,ST-T Wave Abnormality,False,0.0,Flat,1.0,Normal,True,False,Moderate,5.0,0
88192,58,Female,30.54,Non-anginal Pain,90.0,51.0,75.0,155.0,152.0,34.0,108.0,True,8.7,True,Normal,False,1.0,Up,0.0,Normal,False,True,Low,6.0,1
15535,65,Male,23.1,Atypical Angina,150.0,90.0,75.0,152.0,140.0,30.0,75.0,False,6.8,True,ST-T Wave Abnormality,True,0.0,Flat,3.0,Reversible Defect,True,False,High,5.0,1
98076,57,Male,25.41,Asymptomatic,121.0,79.0,79.0,167.0,176.0,47.0,105.0,False,4.8,False,Normal,True,0.0,Down,1.0,Reversible Defect,True,False,Moderate,9.0,1
47413,48,Female,23.2,Non-anginal Pain,139.0,92.0,62.0,164.0,201.0,56.0,107.0,False,5.8,False,Normal,False,0.0,Flat,0.0,Normal,False,False,Moderate,5.0,0
91360,58,Male,30.7,Non-anginal Pain,123.0,88.0,69.0,193.0,217.0,36.0,167.0,False,5.2,False,Left Ventricular Hypertrophy,False,,Down,0.0,Normal,False,True,Low,7.0,1
12376,40,Female,23.9,Typical Angina,107.0,83.0,73.0,169.0,319.0,50.0,123.0,False,5.3,False,Left Ventricular Hypertrophy,True,0.9,Flat,0.0,,False,False,Moderate,2.0,0
87827,71,Female,23.6,Asymptomatic,134.0,79.0,75.0,137.0,219.0,48.0,126.0,False,5.3,False,Normal,False,0.0,Up,0.0,Normal,True,False,Low,5.0,0
90090,35,Female,23.5,Asymptomatic,121.0,69.0,65.0,186.0,233.0,49.0,144.0,False,4.7,False,Normal,False,0.0,Up,0.0,Normal,False,False,High,8.0,0
51886,46,Female,25.8,Atypical Angina,136.0,94.0,81.0,175.0,147.0,53.0,68.0,False,5.1,False,Normal,False,1.4,Up,1.0,Normal,False,True,High,5.0,0
20987,33,Male,25.9,Non-anginal Pain,140.0,94.0,66.0,194.0,176.0,38.0,123.0,False,5.5,False,Normal,False,1.1,Flat,0.0,Fixed Defect,False,False,Moderate,5.0,0
37633,47,Male,23.7,Typical Angina,114.0,79.0,71.0,178.0,192.0,41.0,132.0,False,5.3,False,ST-T Wave Abnormality,False,0.5,Up,0.0,Normal,False,False,High,5.0,0
87037,53,Female,41.4,Asymptomatic,111.0,81.0,84.0,191.0,166.0,,90.0,False,5.1,False,Normal,False,0.0,Up,0.0,Normal,False,True,Moderate,8.0,0
43287,43,Male,31.5,Atypical Angina,115.0,66.0,88.0,184.0,,31.0,,False,6.0,False,Normal,False,0.3,Up,1.0,Normal,False,False,Moderate,9.0,0
95962,30,Female,19.2,Asymptomatic,106.0,78.0,70.0,203.0,192.0,46.0,,False,5.0,False,Normal,False,0.0,Flat,0.0,Normal,False,False,Moderate,4.0,0
858,63,Female,26.4,Asymptomatic,120.0,83.0,76.0,165.0,281.0,49.0,209.0,False,5.7,False,ST-T Wave Abnormality,True,,Up,3.0,Normal,True,True,Moderate,5.0,1
23702,60,Female,24.4,Non-anginal Pain,112.0,92.0,62.0,188.0,146.0,20.0,100.0,False,5.1,False,Normal,False,0.0,Up,0.0,Normal,True,False,Low,2.0,0
47894,49,Male,25.6,Asymptomatic,97.0,70.0,75.0,185.0,252.0,48.0,171.0,False,5.2,False,Normal,False,0.0,Flat,0.0,Normal,False,False,Moderate,4.0,0
80897,42,Male,25.8,Non-anginal Pain,117.0,67.0,72.0,182.0,160.0,35.0,107.0,False,5.3,False,Normal,False,1.0,Flat,0.0,Normal,False,False,Low,6.0,0
25570,66,Male,24.3,Typical Angina,122.0,71.0,86.0,159.0,171.0,43.0,80.0,False,,False,Left Ventricular Hypertrophy,True,0.4,Flat,1.0,Normal,,False,Moderate,5.0,1
1625,55,Female,24.2,Atypical Angina,142.0,80.0,71.0,169.0,206.0,59.0,132.0,False,5.4,False,Normal,True,0.0,Flat,1.0,Normal,False,True,Low,6.0,1
19973,46,Male,20.3,Typical Angina,137.0,76.0,73.0,157.0,143.0,55.0,79.0,False,5.5,False,Normal,False,0.9,Flat,1.0,Normal,False,False,Low,10.0,1
49700,44,Female,26.2,Non-anginal Pain,113.0,74.0,64.0,174.0,152.0,59.0,80.0,False,5.2,False,Normal,False,0.0,Flat,0.0,Normal,False,False,High,3.0,0
45537,43,Male,30.1,Typical Angina,132.0,75.0,66.0,146.0,225.0,24.0,170.0,False,5.2,False,Normal,False,0.0,Up,0.0,Normal,True,False,Low,3.0,0
94462,77,Female,23.31,Atypical Angina,135.0,95.0,76.0,153.0,235.0,,162.0,False,5.3,False,ST-T Wave Abnormality,False,0.0,Up,0.0,Normal,False,True,Moderate,1.0,1
15543,35,Female,24.9,Non-anginal Pain,90.0,59.0,65.0,208.0,167.0,56.0,96.0,False,5.5,False,Normal,False,0.0,Down,0.0,Normal,False,False,High,4.0,0
78009,67,Female,25.4,Non-anginal Pain,117.0,73.0,64.0,159.0,149.0,42.0,111.0,False,5.8,False,Normal,True,0.0,Up,0.0,Normal,False,False,High,6.0,0
8562,40,Female,26.8,Asymptomatic,111.0,78.0,64.0,174.0,131.0,43.0,64.0,True,5.7,False,Normal,False,0.0,Up,1.0,Normal,False,False,Moderate,5.0,0
55444,74,Male,27.6,Atypical Angina,139.0,87.0,75.0,149.0,170.0,33.0,105.0,True,6.6,True,Normal,False,0.0,Up,1.0,Normal,True,False,Moderate,4.0,0
80513,59,Female,29.3,Asymptomatic,114.0,72.0,73.0,162.0,145.0,43.0,72.0,False,5.5,False,Normal,False,0.0,Up,0.0,Normal,False,True,Low,2.0,1
55679,50,Female,25.4,Asymptomatic,116.0,76.0,71.0,175.0,194.0,44.0,127.0,False,5.5,False,Normal,False,0.0,Up,0.0,normal,False,True,Low,5.0,0
62955,56,Male,35.9,Asymptomatic,143.0,94.0,78.0,137.0,309.0,40.0,,False,4.7,False,Normal,False,0.0,Down,2.0,Normal,False,False,Low,4.0,0
45770,70,Male,21.9,Asymptomatic,211.0,110.0,71.0,146.0,142.0,34.0,102.0,False,5.7,False,Normal,False,0.0,Up,0.0,Fixed Defect,False,False,Moderate,4.0,0
84839,28,Male,19.3,Asymptomatic,91.0,64.0,70.0,191.0,156.0,,101.0,False,4.6,False,Normal,False,0.0,Up,0.0,Normal,False,True,High,4.0,0
94912,28,Male,27.6,Asymptomatic,112.0,80.0,60.0,181.0,132.0,46.0,68.0,False,4.5,False,ST-T Wave Abnormality,False,0.0,Up,0.0,Normal,True,False,High,5.0,0
55287,72,Female,31.2,Non-anginal Pain,127.0,75.0,80.0,130.0,,46.0,162.0,True,8.2,False,Normal,False,0.0,Up,2.0,Normal,False,False,High,5.0,1
39450,64,Male,28.5,Asymptomatic,135.0,80.0,61.0,143.0,263.0,30.0,112.0,False,5.5,False,Normal,False,0.0,Up,0.0,Normal,False,False,Low,2.0,1
85218,50,Female,26.0,Asymptomatic,124.0,80.0,72.0,149.0,232.0,59.0,95.0,True,5.4,False,Normal,False,1.0,Up,1.0,Reversible Defect,False,False,Moderate,4.0,0
56751,60,Female,26.08,Atypical Angina,135.0,96.0,70.0,178.0,198.0,62.0,110.0,False,5.4,False,Normal,False,0.0,Flat,,Normal,False,False,Moderate,4.0,0
55437,58,Male,24.2,Non-anginal Pain,107.0,77.0,64.0,170.0,240.0,52.0,129.0,False,4.8,False,Normal,False,0.4,Down,0.0,Normal,False,False,Moderate,,0
53676,51,Female,23.2,Non-anginal Pain,129.0,89.0,50.0,182.0,270.0,54.0,137.0,False,4.9,False,Normal,False,0.0,Flat,0.0,Reversible Defect,False,True,High,3.0,0
31286,64,Male,26.5,Asymptomatic,116.0,81.0,71.0,174.0,218.0,45.0,147.0,False,5.4,False,Normal,True,1.2,Up,0.0,Normal,False,False,Moderate,5.0,1
87592,45,Female,21.8,Asymptomatic,115.0,71.0,73.0,163.0,253.0,62.0,140.0,False,4.6,False,Normal,True,0.7,Up,1.0,Normal,False,False,High,6.0,0
17486,52,Male,29.2,Asymptomatic,110.0,66.0,78.0,162.0,190.0,35.0,144.0,False,5.1,False,ST-T Wave Abnormality,False,0.5,Down,0.0,Reversible Defect,False,False,Low,5.0,0
72122,49,Male,29.0,Asymptomatic,129.0,83.0,81.0,161.0,150.0,33.0,,False,6.0,False,Normal,True,1.0,Up,0.0,Normal,True,False,Low,4.0,0
51351,53,Male,29.9,Atypical Angina,116.0,72.0,70.0,192.0,173.0,39.0,111.0,False,5.1,False,Normal,False,0.0,Up,2.0,Normal,False,False,Moderate,5.0,0
79173,61,Male,22.3,Asymptomatic,118.0,76.0,74.0,156.0,,29.0,126.0,False,5.4,True,ST-T Wave Abnormality,False,0.7,Up,0.0,Normal,True,True,Low,5.0,1
53675,41,Female,30.9,Asymptomatic,130.0,86.0,79.0,171.0,214.0,49.0,119.0,False,5.4,False,Normal,False,2.6,Down,1.0,Normal,False,False,Moderate,6.0,0
42408,58,Male,24.6,Non-anginal Pain,136.0,96.0,66.0,174.0,203.0,35.0,139.0,False,5.3,False,Normal,False,0.6,Down,3.0,Normal,False,True,Low,7.0,1
44514,55,Male,24.9,Non-anginal Pain,153.0,100.0,80.0,164.0,159.0,,91.0,False,4.8,False,Normal,False,,Flat,0.0,Normal,True,True,Low,3.0,0
69874,63,Male,24.1,Non-anginal Pain,134.0,70.0,71.0,163.0,183.0,44.0,81.0,False,5.1,False,Normal,True,0.0,Up,1.0,Normal,False,False,Moderate,5.0,0
50557,64,Female,31.8,Non-anginal Pain,135.0,73.0,65.0,138.0,219.0,63.0,117.0,False,5.0,False,Normal,False,0.0,Up,1.0,Normal,False,True,Low,3.0,1
41597,53,Male,28.85,Atypical Angina,101.0,,68.0,162.0,169.0,53.0,103.0,False,5.4,False,Normal,False,0.0,Flat,0.0,Normal,False,False,Moderate,6.0,0
22863,65,Female,25.84,,140.0,87.0,85.0,141.0,249.0,63.0,119.0,False,5.3,False,Left Ventricular Hypertrophy,False,0.0,Flat,3.0,Fixed Defect,True,False,Moderate,8.0,1
93168,49,Male,22.9,Atypical Angina,139.0,82.0,82.0,128.0,149.0,53.0,85.0,False,5.3,False,Normal,True,1.3,Flat,1.0,Normal,False,False,Low,6.0,1
65602,64,Female,27.0,Typical Angina,111.0,80.0,90.0,136.0,214.0,51.0,133.0,False,4.3,False,Normal,False,0.0,Flat,0.0,Reversible Defect,False,True,Low,5.0,1
95346,60,Male,25.3,Asymptomatic,145.0,85.0,73.0,143.0,233.0,37.0,161.0,False,6.1,False,Normal,False,0.7,Flat,1.0,Normal,False,True,Low,1.0,1
27566,36,Female,23.6,Atypical Angina,117.0,67.0,67.0,180.0,210.0,52.0,136.0,False,5.1,False,Normal,False,0.8,Down,0.0,Normal,False,False,High,6.0,0
23024,66,Female,24.6,Non-anginal Pain,112.0,74.0,73.0,147.0,172.0,37.0,126.0,False,5.1,False,Normal,True,1.8,Flat,3.0,Reversible Defect,False,False,Moderate,3.0,1
29329,39,Female,24.8,Atypical Angina,,60.0,73.0,172.0,191.0,52.0,117.0,False,5.1,False,Normal,False,0.0,Up,0.0,Reversible Defect,False,False,Moderate,5.0,0
56156,45,Female,25.38,Atypical Angina,122.0,77.0,60.0,176.0,203.0,45.0,108.0,False,5.0,False,Normal,True,0.6,Down,0.0,Fixed Defect,False,False,High,4.0,0
90175,53,Male,24.9,Non-anginal Pain,118.0,80.0,82.0,163.0,216.0,48.0,147.0,True,9.1,True,Normal,False,0.7,Up,0.0,Normal,False,True,Low,8.0,1
90275,41,Female,24.1,Asymptomatic,97.0,65.0,64.0,189.0,176.0,34.0,101.0,False,5.7,True,Normal,False,0.1,Up,0.0,Normal,False,True,Moderate,4.0,1
53597,38,Female,26.2,Asymptomatic,131.0,79.0,75.0,161.0,176.0,58.0,97.0,,4.8,False,Normal,False,0.0,Up,0.0,Normal,True,False,Low,5.0,0
44160,51,Female,27.0,Asymptomatic,106.0,67.0,66.0,164.0,179.0,68.0,91.0,False,5.1,False,Normal,False,0.0,Up,0.0,Reversible Defect,False,True,Moderate,6.0,0
75357,58,Male,,Asymptomatic,107.0,72.0,78.0,158.0,135.0,22.0,84.0,False,5.4,False,Normal,False,0.0,Up,0.0,Normal,True,False,Moderate,1.0,1
89229,46,Male,22.6,Asymptomatic,133.0,82.0,66.0,181.0,249.0,51.0,154.0,False,5.0,False,Left Ventricular Hypertrophy,False,1.2,Up,1.0,Reversible Defect,False,True,Moderate,4.0,0
47409,67,Female,35.0,Typical Angina,129.0,83.0,69.0,165.0,233.0,21.0,177.0,False,5.3,False,Normal,True,0.4,Up,0.0,Normal,False,False,Moderate,7.0,0
61249,60,Male,21.8,Non-anginal Pain,90.0,63.0,67.0,186.0,187.0,55.0,111.0,False,4.9,False,ST-T Wave Abnormality,True,0.0,Up,0.0,Normal,False,False,Moderate,8.0,0
24154,53,Female,20.9,Asymptomatic,113.0,73.0,74.0,150.0,214.0,48.0,144.0,False,5.0,False,Normal,True,0.0,Flat,3.0,Normal,True,True,Moderate,6.0,0
60170,40,Male,21.8,Atypical Angina,120.0,72.0,74.0,157.0,210.0,40.0,135.0,False,5.3,False,Normal,False,0.2,Flat,1.0,Normal,False,False,Low,5.0,0
46950,58,Male,22.7,Asymptomatic,117.0,77.0,77.0,169.0,151.0,49.0,98.0,False,5.9,False,Normal,False,0.0,Up,0.0,Normal,False,False,Moderate,6.0,0
27186,57,Male,29.4,Asymptomatic,121.0,94.0,79.0,153.0,260.0,41.0,201.0,True,6.6,True,Normal,False,3.9,Flat,0.0,Normal,False,False,Moderate,5.0,1
33173,33,Male,26.3,Asymptomatic,90.0,50.0,66.0,173.0,186.0,52.0,128.0,False,,False,Normal,False,0.0,,0.0,Normal,False,False,Moderate,5.0,0
42831,75,Male,29.8,Typical Angina,120.0,69.0,59.0,134.0,239.0,45.0,145.0,False,5.4,True,Normal,False,2.5,Up,1.0,Normal,False,True,Moderate,6.0,1
16914,44,Female,,Non-anginal Pain,111.0,76.0,62.0,203.0,278.0,62.0,184.0,False,5.4,False,Normal,True,0.0,Up,0.0,Normal,False,False,Low,8.0,0
999,48,Female,26.1,Non-anginal Pain,108.0,69.0,63.0,179.0,152.0,52.0,82.0,False,5.7,False,Normal,False,0.0,Up,3.0,Normal,False,True,High,6.0,0
41349,43,Male,27.8,Atypical Angina,121.0,85.0,61.0,192.0,186.0,43.0,117.0,False,5.2,False,Normal,False,0.9,Up,1.0,Normal,False,False,Low,3.0,0
50222,78,Female,29.34,Atypical Angina,128.0,77.0,81.0,125.0,177.0,47.0,102.0,False,5.5,False,ST-T Wave Abnormality,False,0.0,Flat,0.0,Normal,False,False,Low,1.0,0
17662,36,Female,24.7,Asymptomatic,100.0,78.0,57.0,191.0,196.0,55.0,113.0,False,5.3,False,Normal,False,0.5,Up,0.0,Normal,False,False,Moderate,2.0,0
43789,59,Female,25.64,Asymptomatic,129.0,88.0,80.0,175.0,213.0,61.0,124.0,False,5.5,False,Normal,False,0.0,Up,0.0,Normal,False,False,Low,7.0,0
33048,61,Female,24.0,Atypical Angina,124.0,79.0,66.0,179.0,363.0,65.0,126.0,False,4.7,False,ST-T Wave Abnormality,False,0.4,Flat,0.0,Reversible Defect,False,False,Moderate,6.0,0
75881,41,Female,27.7,Asymptomatic,120.0,81.0,86.0,185.0,214.0,50.0,,False,,False,Normal,False,0.8,Flat,0.0,Fixed Defect,False,True,Low,9.0,0
75390,69,Male,24.2,Asymptomatic,117.0,81.0,52.0,162.0,213.0,58.0,143.0,True,5.3,False,Normal,False,0.0,Up,0.0,Normal,True,False,High,4.0,0
65399,52,Female,24.7,Atypical Angina,123.0,84.0,82.0,184.0,163.0,48.0,108.0,False,5.3,False,Normal,False,1.1,Flat,1.0,Normal,False,False,Low,6.0,0
90756,71,Male,21.36,Asymptomatic,125.0,,56.0,165.0,237.0,49.0,157.0,False,6.0,True,Left Ventricular Hypertrophy,False,0.2,Flat,0.0,Reversible Defect,True,True,Moderate,5.0,1
69876,52,Male,21.3,Atypical Angina,110.0,74.0,75.0,137.0,,,,False,5.6,False,Normal,True,0.0,Flat,0.0,Normal,False,False,Low,1.0,0
79757,68,Male,23.36,Asymptomatic,123.0,73.0,57.0,149.0,178.0,56.0,98.0,False,4.8,False,ST-T Wave Abnormality,False,2.4,Flat,0.0,Normal,False,True,Moderate,4.0,1
82612,76,Male,28.95,Non-anginal Pain,126.0,87.0,70.0,154.0,197.0,44.0,126.0,False,5.0,False,Normal,False,0.0,Up,3.0,Normal,False,False,Moderate,3.0,0
22561,62,Female,23.6,Non-anginal Pain,128.0,84.0,82.0,136.0,138.0,57.0,63.0,False,5.8,False,Normal,False,1.2,Flat,0.0,Normal,False,False,Low,4.0,0
77461,56,Male,34.6,Asymptomatic,96.0,55.0,53.0,169.0,167.0,57.0,74.0,False,5.5,False,Normal,False,0.2,Flat,0.0,Normal,True,False,High,5.0,0
89947,45,Female,21.7,Atypical Angina,130.0,79.0,62.0,171.0,152.0,45.0,97.0,False,5.1,False,ST-T Wave Abnormality,False,0.0,Up,1.0,Normal,False,True,Moderate,7.0,1
65894,51,Male,25.1,Non-anginal Pain,113.0,61.0,63.0,202.0,219.0,70.0,115.0,False,5.6,False,Normal,False,0.0,Up,0.0,Normal,False,True,Moderate,,0
51203,35,Female,29.3,Asymptomatic,116.0,91.0,61.0,169.0,215.0,40.0,159.0,False,5.6,False,Normal,True,0.0,Flat,0.0,Reversible Defect,False,False,Moderate,5.0,0
14632,46,Male,25.0,Atypical Angina,98.0,71.0,71.0,149.0,221.0,43.0,153.0,False,4.9,False,Normal,False,0.3,Flat,2.0,Normal,False,False,Low,6.0,1
73316,57,Male,27.6,Non-anginal Pain,130.0,85.0,86.0,135.0,196.0,39.0,141.0,False,5.2,False,Normal,True,1.6,Flat,0.0,Normal,True,False,Low,6.0,0
64291,45,Male,18.74113,Non-anginal Pain,119.0,77.0,71.0,180.0,126.0,32.0,79.0,False,5.6,False,,False,0.0,Flat,0.0,Normal,True,False,Low,4.0,0
88694,60,Female,31.5,Asymptomatic,115.0,77.0,83.0,170.0,200.0,56.0,113.0,True,7.6,True,Normal,False,0.4,Flat,0.0,Normal,False,False,Moderate,8.0,0
96007,78,Male,28.1,Non-anginal Pain,139.0,91.0,74.0,126.0,208.0,32.0,167.0,False,5.4,False,Left Ventricular Hypertrophy,False,0.8,Flat,1.0,Normal,False,False,Low,4.0,1
99673,27,Female,40.7,Asymptomatic,109.0,66.0,81.0,189.0,191.0,48.0,110.0,True,5.4,True,Normal,False,0.0,Up,0.0,Normal,False,False,Moderate,4.0,0
30731,68,Female,32.3,Asymptomatic,140.0,83.0,81.0,137.0,235.0,41.0,166.0,False,5.8,False,Normal,True,0.8,Flat,0.0,Normal,True,True,Moderate,8.0,1
3504,71,Female,31.31,Non-anginal Pain,116.0,63.0,56.0,152.0,,52.0,84.0,False,5.4,True,Normal,False,,Up,2.0,Normal,False,False,Moderate,7.0,1
10073,60,Female,23.4,Asymptomatic,109.0,73.0,63.0,169.0,208.0,39.0,147.0,False,5.1,False,Normal,True,0.0,Up,0.0,Normal,False,False,High,5.0,0
5095,76,Male,34.0,Asymptomatic,135.0,93.0,80.0,133.0,224.0,28.0,169.0,False,6.0,False,Normal,False,0.3,Up,1.0,Normal,True,False,Low,6.0,1
5692,35,Male,29.5,Atypical Angina,98.0,68.0,127.0,196.0,143.0,35.0,85.0,False,5.7,False,Normal,False,0.0,Up,0.0,Normal,True,False,Moderate,6.0,0
42494,53,Female,33.0,Typical Angina,132.0,83.0,74.0,146.0,144.0,43.0,80.0,False,5.8,False,Normal,False,0.5,Flat,0.0,Fixed Defect,False,False,Low,2.0,0
40953,72,Male,22.0,Non-anginal Pain,134.0,82.0,86.0,152.0,251.0,40.0,188.0,False,4.7,False,Normal,True,0.7,Flat,1.0,Normal,True,False,Low,9.0,1
60702,37,Male,21.0,Typical Angina,96.0,70.0,75.0,181.0,158.0,26.0,92.0,True,9.8,True,Normal,False,0.0,Flat,1.0,Normal,False,True,Moderate,2.0,1
70816,61,Female,23.5,Typical Angina,127.0,82.0,74.0,161.0,203.0,38.0,127.0,False,6.0,False,Normal,False,0.8,Down,0.0,Reversible Defect,True,True,Moderate,7.0,1
98113,30,Male,26.9,Atypical Angina,127.0,79.0,70.0,202.0,150.0,,105.0,False,5.6,False,Normal,False,0.5,Up,0.0,Normal,True,True,Moderate,6.0,0
34274,33,Male,21.29,Asymptomatic,107.0,84.0,75.0,184.0,207.0,49.0,132.0,False,5.2,False,Normal,False,0.2,Up,0.0,Normal,False,True,Moderate,3.0,0
30817,54,Male,25.3,Non-anginal Pain,120.0,90.0,108.0,182.0,207.0,45.0,144.0,False,5.4,False,ST-T Wave Abnormality,True,0.0,Flat,2.0,Normal,False,False,High,1.0,0
27188,48,Male,29.4,Non-anginal Pain,115.0,75.0,62.0,180.0,212.0,52.0,118.0,True,6.6,True,Normal,False,0.0,Up,0.0,Normal,True,False,High,6.0,1
83195,49,Male,38.4,Atypical Angina,127.0,81.0,88.0,167.0,219.0,24.0,119.0,True,7.2,True,Normal,False,,Up,1.0,Normal,True,False,Low,6.0,0
32488,50,Male,23.6,Asymptomatic,128.0,82.0,78.0,168.0,,35.0,92.0,False,5.6,False,Left Ventricular Hypertrophy,False,4.5,Flat,1.0,Normal,False,False,Moderate,4.0,0
87317,59,Female,21.0,Non-anginal Pain,124.0,76.0,74.0,162.0,214.0,65.0,87.0,False,8.4,True,Left Ventricular Hypertrophy,False,0.0,Up,1.0,Normal,False,True,High,6.0,1
44361,59,Female,21.14,Asymptomatic,115.0,76.0,69.0,174.0,175.0,63.0,87.0,False,5.1,False,Normal,False,0.0,Up,0.0,Normal,False,True,High,7.0,1
30498,67,Female,26.3,Asymptomatic,,67.0,75.0,178.0,273.0,67.0,184.0,False,5.2,False,Normal,False,0.0,Up,0.0,Normal,False,False,Moderate,7.0,0
32464,80,Female,26.2,Non-anginal Pain,137.0,79.0,74.0,145.0,119.0,33.0,57.0,False,5.4,False,Left Ventricular Hypertrophy,False,,Down,0.0,Normal,False,True,Low,9.0,1
45810,42,Female,33.4,Asymptomatic,90.0,64.0,58.0,177.0,251.0,46.0,137.0,True,7.8,True,Normal,False,,,0.0,Normal,False,False,Moderate,3.0,0
59910,36,Female,25.7,Asymptomatic,96.0,,75.0,186.0,163.0,44.0,102.0,False,5.3,False,Normal,True,0.0,Up,0.0,Normal,True,False,High,5.0,0
74438,58,Female,32.4,Asymptomatic,123.0,63.0,74.0,151.0,190.0,57.0,102.0,False,5.7,False,Normal,False,0.0,Up,3.0,Normal,False,False,Low,4.0,0
6231,43,Female,25.7,Non-anginal Pain,102.0,82.0,53.0,174.0,228.0,54.0,156.0,False,5.2,False,Normal,False,,Flat,0.0,Normal,False,False,High,2.0,0
37743,58,Male,34.6,Non-anginal Pain,125.0,65.0,66.0,152.0,164.0,33.0,95.0,True,5.4,True,Normal,False,0.0,Up,1.0,Normal,True,False,Moderate,10.0,1
64891,69,Male,29.1,Non-anginal Pain,122.0,73.0,71.0,149.0,232.0,49.0,115.0,False,6.7,True,Normal,,,Up,1.0,Reversible Defect,False,True,Low,1.0,0
31277,70,Male,23.1,Typical Angina,118.0,82.0,79.0,138.0,158.0,27.0,111.0,False,7.1,True,Left Ventricular Hypertrophy,False,,Up,2.0,,False,True,Low,8.0,0
32948,46,Female,25.82,Typical Angina,122.0,89.0,55.0,156.0,181.0,59.0,65.0,False,4.5,False,ST-T Wave Abnormality,True,0.0,Flat,0.0,Reversible Defect,False,True,High,6.0,1
88955,52,Female,28.5,Typical Angina,125.0,80.0,91.0,164.0,207.0,36.0,156.0,False,5.1,False,ST-T Wave Abnormality,True,1.1,Flat,1.0,Normal,False,False,Moderate,6.0,0
43017,62,Female,27.8,Non-anginal Pain,131.0,82.0,72.0,142.0,179.0,46.0,89.0,False,4.7,False,Normal,True,0.4,Flat,1.0,Normal,False,False,Low,6.0,0
63024,54,Male,50.0,Asymptomatic,152.0,98.0,65.0,173.0,180.0,,121.0,True,6.5,True,Normal,False,0.0,Up,0.0,Normal,False,False,Low,4.0,0
37597,34,Female,21.2,Non-anginal Pain,116.0,77.0,77.0,184.0,184.0,65.0,90.0,False,4.9,False,Normal,False,0.0,Up,1.0,Fixed Defect,False,,Moderate,6.0,0
79154,40,Male,27.1,Typical Angina,122.0,88.0,73.0,155.0,198.0,62.0,124.0,False,4.8,False,Normal,False,0.0,Flat,0.0,Normal,False,False,Moderate,4.0,1
83123,48,Male,33.4,Asymptomatic,114.0,71.0,76.0,168.0,209.0,23.0,163.0,True,,True,Normal,False,0.2,Down,0.0,,True,True,Moderate,5.0,0
55403,42,Male,24.6,Asymptomatic,112.0,81.0,78.0,203.0,235.0,,154.0,False,4.9,False,Normal,False,0.0,Up,0.0,Normal,False,True,High,5.0,0
6304,39,Female,22.38,Asymptomatic,124.0,86.0,66.0,170.0,166.0,77.0,77.0,False,4.8,False,Normal,False,0.0,Up,0.0,Normal,False,True,Moderate,9.0,0
19127,51,Female,33.42,Non-anginal Pain,128.0,75.0,56.0,162.0,156.0,,85.0,False,,False,Normal,False,0.7,Flat,3.0,Reversible Defect,False,False,High,4.0,0
53133,29,Male,23.9,Asymptomatic,90.0,50.0,64.0,178.0,225.0,36.0,116.0,False,5.1,False,Normal,False,0.0,Flat,0.0,Normal,False,False,Low,5.0,0
48683,64,Male,27.5,Atypical Angina,125.0,81.0,61.0,148.0,,47.0,174.0,False,5.5,False,ST-T Wave Abnormality,False,,Up,0.0,Normal,,False,Moderate,8.0,1
52362,55,Male,19.1,Asymptomatic,111.0,74.0,69.0,173.0,220.0,47.0,152.0,False,5.2,True,Normal,False,0.7,Up,0.0,Reversible Defect,True,True,Moderate,7.0,0
70652,62,Male,25.4,Atypical Angina,124.0,72.0,71.0,162.0,192.0,49.0,102.0,False,5.2,False,Normal,False,0.0,Up,1.0,Normal,False,False,High,2.0,0
75222,56,Female,25.6,Asymptomatic,136.0,84.0,74.0,,234.0,56.0,144.0,False,4.6,False,Normal,False,0.2,Flat,0.0,Normal,False,False,High,7.0,0
18786,54,Male,27.6,Atypical Angina,106.0,74.0,81.0,142.0,121.0,45.0,67.0,False,6.7,False,Normal,True,1.7,Flat,0.0,Normal,False,True,Low,5.0,0
28072,64,Female,25.6,Non-anginal Pain,138.0,82.0,72.0,142.0,169.0,55.0,102.0,False,5.3,False,Left Ventricular Hypertrophy,False,,Flat,0.0,Normal,False,False,Low,7.0,0
22669,59,Female,25.3,Non-anginal Pain,114.0,79.0,69.0,153.0,225.0,45.0,148.0,False,5.7,False,Normal,False,0.0,Up,2.0,Normal,False,False,Moderate,7.0,0
598,76,Male,23.1,Asymptomatic,138.0,78.0,62.0,153.0,239.0,52.0,137.0,False,5.8,False,Left Ventricular Hypertrophy,False,,Up,1.0,Reversible Defect,True,False,Low,5.0,1
41250,60,Male,22.48,Asymptomatic,127.0,85.0,70.0,166.0,252.0,46.0,177.0,False,6.0,False,Normal,False,0.0,Up,0.0,Normal,False,False,Moderate,7.0,0
21769,51,Male,29.4,Typical Angina,102.0,67.0,72.0,158.0,204.0,56.0,121.0,False,5.0,False,Normal,False,0.1,Up,2.0,Normal,False,False,Moderate,4.0,0
84966,57,Male,27.5,Asymptomatic,106.0,80.0,67.0,167.0,218.0,,151.0,False,8.5,True,Normal,False,0.0,Up,0.0,Normal,False,False,Moderate,3.0,0
674,72,Female,25.0,Non-anginal Pain,138.0,84.0,81.0,153.0,258.0,48.0,76.0,True,7.7,True,Normal,False,0.0,Flat,0.0,Normal,False,False,Moderate,7.0,1
42007,50,Male,23.7,Atypical Angina,118.0,76.0,65.0,160.0,202.0,48.0,118.0,False,5.4,False,Normal,False,3.0,Flat,1.0,Normal,False,False,High,5.0,0
46434,48,Male,26.2,Non-anginal Pain,117.0,73.0,69.0,163.0,207.0,65.0,111.0,True,6.4,True,Normal,False,4.4,Flat,0.0,Normal,False,True,,6.0,1
63860,40,Female,23.4,Asymptomatic,110.0,70.0,72.0,,182.0,41.0,123.0,False,5.5,False,Normal,False,1.6,Up,1.0,Normal,False,False,,1.0,0
17393,60,Male,30.1,Asymptomatic,119.0,80.0,79.0,151.0,243.0,45.0,181.0,False,5.7,False,Normal,False,1.2,Flat,0.0,Reversible Defect,False,False,High,9.0,0
96578,30,Male,26.7,Asymptomatic,96.0,60.0,84.0,200.0,239.0,32.0,139.0,,,False,Normal,False,0.0,,0.0,Reversible Defect,False,False,Moderate,10.0,0
39065,47,Female,22.4,Non-anginal Pain,130.0,73.0,68.0,158.0,197.0,,116.0,True,,False,Normal,False,0.0,Flat,1.0,Normal,False,False,High,6.0,0
55169,50,Female,26.42,Asymptomatic,128.0,88.0,72.0,175.0,147.0,21.0,110.0,False,5.2,False,Normal,False,0.0,Up,0.0,Normal,False,False,High,4.0,0
62370,55,Male,31.2,Asymptomatic,131.0,72.0,71.0,146.0,,30.0,123.0,False,5.3,False,Normal,False,0.3,Up,1.0,Normal,False,True,Moderate,4.0,0
22191,54,Male,22.4,Asymptomatic,,72.0,86.0,158.0,181.0,21.0,129.0,True,5.5,False,Normal,False,0.6,Up,0.0,Normal,True,False,Low,9.0,0
78371,37,Female,25.5,Non-anginal Pain,115.0,83.0,65.0,194.0,209.0,64.0,120.0,False,5.0,False,Normal,False,,Up,0.0,Normal,False,False,Moderate,4.0,0
78638,72,Male,25.5,Non-anginal Pain,143.0,73.0,86.0,156.0,272.0,38.0,187.0,False,5.9,False,Normal,False,0.0,Flat,1.0,Normal,True,False,Moderate,5.0,1
14002,44,Male,23.2,Asymptomatic,105.0,82.0,73.0,159.0,199.0,33.0,135.0,False,5.6,False,Normal,False,0.0,Flat,0.0,Reversible Defect,True,True,Moderate,2.0,0
80026,57,Female,24.0,Atypical Angina,108.0,73.0,58.0,156.0,285.0,64.0,201.0,False,5.4,False,Normal,False,0.9,Up,0.0,Normal,True,False,High,1.0,0
85432,78,Female,42.5,Asymptomatic,139.0,88.0,71.0,148.0,162.0,42.0,92.0,False,5.8,False,ST-T Wave Abnormality,False,1.4,Flat,1.0,Normal,False,False,Low,6.0,0
59879,62,Female,26.98,Asymptomatic,140.0,95.0,76.0,147.0,190.0,40.0,144.0,False,5.6,False,ST-T Wave Abnormality,False,0.0,Up,3.0,,False,False,Low,6.0,1
4694,63,Male,26.4,Atypical Angina,117.0,71.0,56.0,145.0,171.0,33.0,117.0,False,5.4,False,Left Ventricular Hypertrophy,False,0.0,Flat,0.0,Normal,False,True,Moderate,5.0,1
47629,45,Female,30.1,Asymptomatic,130.0,82.0,66.0,210.0,213.0,64.0,118.0,False,,False,Normal,False,0.0,Up,0.0,Normal,False,True,High,7.0,0
59302,73,Female,25.4,Typical Angina,122.0,71.0,63.0,141.0,201.0,54.0,133.0,False,,False,Normal,True,6.0,Flat,3.0,Normal,True,False,Moderate,8.0,1
35315,51,Male,30.77,Atypical Angina,141.0,93.0,83.0,187.0,237.0,45.0,,False,5.3,False,Normal,False,0.0,Flat,0.0,Normal,False,True,Low,5.0,0
23865,54,Male,31.1,Asymptomatic,114.0,77.0,84.0,164.0,211.0,35.0,158.0,False,4.9,False,Normal,False,0.1,Up,0.0,Normal,False,False,Low,7.0,0
79142,40,Male,18.1,Asymptomatic,94.0,68.0,79.0,163.0,163.0,46.0,84.0,False,4.7,False,Normal,False,0.0,Up,1.0,Fixed Defect,True,False,Low,4.0,0
54279,31,Female,29.8,Typical Angina,110.0,71.0,67.0,205.0,157.0,58.0,63.0,False,4.3,False,ST-T Wave Abnormality,False,0.1,Up,0.0,Fixed Defect,False,True,High,5.0,1
16411,86,Male,27.1,Atypical Angina,167.0,99.0,78.0,108.0,153.0,51.0,100.0,False,5.1,False,Left Ventricular Hypertrophy,False,0.1,Up,3.0,Normal,False,False,Low,4.0,1
10996,37,Male,35.7,Non-anginal Pain,97.0,68.0,72.0,159.0,,39.0,117.0,False,5.9,False,Normal,False,0.0,Flat,0.0,Normal,False,True,Moderate,6.0,0
58519,44,Male,33.2,Typical Angina,136.0,75.0,69.0,151.0,197.0,48.0,123.0,False,5.5,False,Normal,True,0.5,Up,1.0,Normal,False,False,Moderate,5.0,0
35137,37,Male,27.8,Non-anginal Pain,119.0,79.0,68.0,177.0,227.0,63.0,123.0,False,5.5,False,Normal,False,0.0,Flat,0.0,Reversible Defect,False,False,High,5.0,0
79321,81,Female,19.4,Asymptomatic,150.0,83.0,80.0,138.0,205.0,57.0,97.0,False,5.5,False,Left Ventricular Hypertrophy,True,0.4,Flat,1.0,Normal,False,False,Low,,1
22161,72,Male,28.27,Non-anginal Pain,136.0,77.0,68.0,148.0,176.0,37.0,105.0,False,5.9,False,Normal,True,0.0,Up,2.0,Reversible Defect,False,False,,1.0,1
70836,72,Male,23.7,Typical Angina,125.0,84.0,130.0,150.0,186.0,50.0,118.0,False,5.3,False,Normal,True,1.5,Flat,1.0,Reversible Defect,True,False,Moderate,8.0,1
93968,56,Female,29.9,Non-anginal Pain,116.0,86.0,77.0,163.0,200.0,52.0,122.0,False,5.3,False,Left Ventricular Hypertrophy,False,0.0,Up,0.0,Normal,False,False,High,6.0,0
11240,62,Male,32.54,Asymptomatic,129.0,81.0,62.0,156.0,217.0,41.0,119.0,True,7.1,True,Normal,False,,Flat,2.0,Normal,True,False,High,7.0,1
16895,53,Female,28.1,Asymptomatic,117.0,90.0,76.0,165.0,170.0,55.0,99.0,False,5.5,False,Normal,False,0.3,Up,0.0,Normal,False,False,Low,6.0,0
63373,68,Male,23.5,Asymptomatic,134.0,85.0,77.0,139.0,145.0,35.0,68.0,True,6.7,True,Normal,False,0.2,Flat,1.0,Normal,True,False,Moderate,7.0,0
67497,69,Male,23.0,Non-anginal Pain,107.0,71.0,83.0,146.0,176.0,52.0,101.0,False,5.3,False,Normal,False,0.0,Up,0.0,Normal,False,True,Low,5.0,0
62915,56,Male,21.24,Atypical Angina,105.0,66.0,81.0,170.0,136.0,57.0,64.0,False,4.7,False,Normal,False,0.0,Up,0.0,Normal,False,False,Moderate,5.0,0
80439,56,Male,30.3,Non-anginal Pain,114.0,84.0,67.0,186.0,196.0,51.0,117.0,False,5.7,False,Normal,False,0.0,Up,0.0,Normal,True,False,High,6.0,0
24431,75,Male,33.2,Non-anginal Pain,123.0,75.0,91.0,153.0,190.0,39.0,,True,8.8,True,Normal,False,1.7,Flat,1.0,Normal,False,True,Low,2.0,1
27270,49,Male,30.68,Non-anginal Pain,106.0,61.0,75.0,174.0,182.0,51.0,99.0,False,5.0,False,Normal,False,1.0,Flat,0.0,Normal,False,False,High,6.0,0
85326,48,Female,37.3,Non-anginal Pain,115.0,71.0,83.0,159.0,192.0,51.0,126.0,False,5.3,False,Normal,False,0.6,Up,0.0,Reversible Defect,False,False,Moderate,2.0,0
50195,71,Female,30.34,Asymptomatic,130.0,75.0,78.0,133.0,224.0,63.0,,True,5.8,True,Normal,False,0.0,Flat,0.0,Normal,False,,Low,6.0,1
61067,68,Male,24.9,Non-anginal Pain,99.0,72.0,76.0,120.0,160.0,24.0,109.0,False,5.5,True,ST-T Wave Abnormality,False,1.5,Down,3.0,Normal,True,False,Moderate,1.0,1
93401,56,Female,21.3,Non-anginal Pain,115.0,73.0,75.0,181.0,184.0,72.0,82.0,False,5.5,False,Left Ventricular Hypertrophy,False,0.0,Up,0.0,Normal,False,False,High,8.0,0
21538,83,Female,23.1,Asymptomatic,142.0,94.0,,149.0,,,,False,5.3,False,Normal,False,0.0,Up,3.0,Reversible Defect,True,False,Low,4.0,1
95326,68,Male,,Typical Angina,126.0,80.0,74.0,157.0,230.0,46.0,157.0,False,5.0,False,ST-T Wave Abnormality,True,3.2,Flat,0.0,Normal,True,False,Low,6.0,1
77194,51,Female,31.2,Asymptomatic,124.0,74.0,68.0,179.0,206.0,40.0,149.0,False,,False,Normal,False,0.0,Flat,0.0,Normal,False,True,Moderate,6.0,0
32237,70,Male,31.85,Typical Angina,169.0,99.0,80.0,130.0,211.0,31.0,152.0,True,6.9,True,Left Ventricular Hypertrophy,False,1.2,Down,3.0,Reversible Defect,True,False,Low,4.0,1
19804,68,Male,26.0,Asymptomatic,137.0,86.0,65.0,202.0,150.0,46.0,88.0,False,5.4,False,Normal,False,0.0,Flat,0.0,Normal,False,False,High,6.0,0
59127,53,Female,27.1,Atypical Angina,194.0,96.0,73.0,186.0,169.0,47.0,91.0,False,4.4,False,Normal,False,0.0,Up,0.0,Normal,False,False,Moderate,5.0,1
31161,73,Male,22.9,Asymptomatic,124.0,66.0,70.0,146.0,214.0,52.0,120.0,True,8.0,True,Normal,False,0.0,Up,0.0,Normal,True,False,Moderate,5.0,1
89387,58,Male,33.0,Asymptomatic,125.0,77.0,68.0,150.0,304.0,47.0,124.0,False,5.4,True,ST-T Wave Abnormality,False,0.0,Up,1.0,Normal,True,True,Low,5.0,0
61344,58,Male,,Atypical Angina,135.0,89.0,70.0,134.0,187.0,35.0,141.0,False,4.8,False,Normal,False,0.0,Up,2.0,Normal,True,False,Low,5.0,1
332,33,Male,27.7,Atypical Angina,119.0,84.0,73.0,187.0,199.0,65.0,111.0,False,5.2,False,Normal,False,0.1,Up,0.0,Normal,False,False,Moderate,6.0,0
38431,80,Male,35.1,Asymptomatic,125.0,78.0,79.0,161.0,218.0,36.0,170.0,True,8.0,True,Normal,False,0.0,Up,1.0,Normal,False,False,Low,4.0,1
33371,84,Male,36.85,Asymptomatic,149.0,89.0,83.0,127.0,181.0,20.0,127.0,True,7.4,True,ST-T Wave Abnormality,True,0.4,Up,3.0,Normal,False,True,Low,5.0,1
25081,77,Male,23.8,Atypical Angina,129.0,84.0,73.0,155.0,162.0,40.0,90.0,False,5.8,False,,False,0.0,Flat,1.0,Normal,False,False,Moderate,6.0,1
99333,70,Female,,Asymptomatic,116.0,82.0,81.0,148.0,128.0,41.0,71.0,False,5.1,False,ST-T Wave Abnormality,False,1.1,Flat,2.0,Reversible Defect,False,True,Low,8.0,1
2289,52,Female,23.7,Asymptomatic,129.0,79.0,64.0,183.0,156.0,38.0,,False,5.7,False,Normal,False,0.3,Up,0.0,Normal,False,False,Low,6.0,0
2981,79,Female,34.77,Typical Angina,142.0,77.0,71.0,153.0,,,,False,6.3,False,Normal,False,0.4,Up,1.0,Normal,False,,Low,8.0,1
22934,68,Female,26.1,Asymptomatic,128.0,70.0,81.0,123.0,276.0,42.0,160.0,False,5.6,False,ST-T Wave Abnormality,False,0.0,Up,3.0,Reversible Defect,False,False,Low,8.0,1
2727,64,Male,19.3,Non-anginal Pain,144.0,85.0,81.0,136.0,241.0,53.0,,False,5.5,False,Normal,True,1.5,Flat,0.0,,False,True,Low,10.0,1
67659,59,Male,31.07,Non-anginal Pain,133.0,92.0,82.0,151.0,153.0,55.0,93.0,False,6.0,False,Normal,True,1.6,Up,1.0,Normal,False,False,Low,5.0,1
8840,30,Male,29.7,Asymptomatic,109.0,,72.0,181.0,171.0,34.0,92.0,False,5.5,False,Normal,True,0.0,Up,0.0,Normal,False,False,Low,4.0,0
36069,31,Male,23.85,Asymptomatic,99.0,71.0,70.0,202.0,127.0,43.0,62.0,True,7.7,True,Normal,False,0.0,Up,0.0,Normal,False,True,High,8.0,0
90042,79,Female,33.4,Non-anginal Pain,134.0,78.0,69.0,155.0,204.0,41.0,141.0,False,5.5,False,Normal,False,0.0,Up,3.0,Normal,False,False,Moderate,3.0,0
36891,39,Female,31.9,Asymptomatic,102.0,65.0,80.0,184.0,200.0,23.0,136.0,False,5.3,False,Normal,True,0.0,Flat,0.0,Normal,False,True,Moderate,3.0,1
5890,67,Female,37.0,Atypical Angina,148.0,89.0,98.0,124.0,259.0,59.0,163.0,False,5.1,False,ST-T Wave Abnormality,True,0.6,Flat,1.0,Reversible Defect,False,False,Low,8.0,1
80215,60,Male,20.8,Atypical Angina,130.0,82.0,68.0,168.0,197.0,,135.0,False,5.3,False,Normal,False,0.0,Flat,0.0,Normal,False,True,Low,8.0,1
6519,34,Male,23.0,Asymptomatic,102.0,66.0,69.0,186.0,178.0,51.0,103.0,False,5.8,False,Normal,False,4.0,Flat,0.0,Normal,False,True,High,5.0,0
85966,52,Male,,Atypical Angina,119.0,83.0,74.0,171.0,123.0,36.0,,True,5.5,False,Left Ventricular Hypertrophy,True,0.4,Up,1.0,Normal,False,False,Low,6.0,0
73863,54,Female,23.7,Non-anginal Pain,122.0,72.0,73.0,137.0,161.0,56.0,91.0,False,5.2,False,Normal,False,0.0,Flat,0.0,Normal,True,True,Moderate,4.0,0
86606,59,Male,19.0,Asymptomatic,115.0,76.0,64.0,162.0,169.0,40.0,74.0,False,,False,Normal,True,0.0,Up,0.0,Normal,True,False,Moderate,3.0,0
18788,66,Male,37.3,Atypical Angina,146.0,93.0,82.0,156.0,212.0,48.0,121.0,False,5.8,False,Normal,False,0.1,Up,0.0,Normal,False,False,Low,6.0,0
82823,70,Male,27.3,Atypical Angina,137.0,91.0,77.0,145.0,,33.0,182.0,False,5.5,False,Normal,False,0.0,Up,1.0,Fixed Defect,True,False,Low,4.0,1
54082,62,Male,20.7,Atypical Angina,123.0,73.0,73.0,175.0,156.0,52.0,78.0,False,5.2,False,Left Ventricular Hypertrophy,False,0.1,Flat,0.0,Normal,False,False,High,6.0,0
2960,79,Male,28.5,Asymptomatic,133.0,73.0,74.0,150.0,306.0,64.0,214.0,True,8.0,True,Normal,False,0.0,Up,0.0,Reversible Defect,False,True,High,3.0,1
52183,42,Male,23.3,Non-anginal Pain,104.0,68.0,79.0,,,30.0,109.0,False,5.2,False,Normal,False,0.0,Up,1.0,Normal,False,True,Low,5.0,0
52726,75,Male,30.3,Atypical Angina,121.0,79.0,76.0,143.0,131.0,42.0,77.0,False,5.2,False,Normal,False,0.0,Flat,0.0,,True,False,Low,6.0,0
52606,34,Male,20.52,Atypical Angina,106.0,73.0,72.0,189.0,136.0,56.0,40.0,False,4.8,False,Normal,False,0.0,Up,0.0,Normal,False,True,High,4.0,0
72897,80,Male,22.6,Asymptomatic,123.0,76.0,77.0,143.0,172.0,,96.0,False,5.9,True,Normal,False,0.4,Up,0.0,Normal,False,False,Low,8.0,1
82188,41,Male,20.7,Non-anginal Pain,122.0,81.0,69.0,158.0,229.0,,85.0,False,5.4,False,Normal,False,0.8,Flat,0.0,Reversible Defect,False,True,Moderate,7.0,1
3177,60,Female,22.8,Asymptomatic,116.0,87.0,75.0,171.0,187.0,53.0,114.0,False,5.4,False,Normal,False,0.0,Up,1.0,Normal,False,False,Moderate,1.0,0
64533,76,Female,26.98,Non-anginal Pain,131.0,83.0,70.0,137.0,233.0,44.0,176.0,False,,False,Normal,False,0.0,Up,0.0,Reversible Defect,False,False,Low,4.0,0
56538,52,Male,25.3,Atypical Angina,121.0,75.0,66.0,186.0,220.0,68.0,89.0,False,4.9,False,Normal,True,0.7,Up,0.0,Normal,False,False,Moderate,,0
97101,46,Female,29.6,Non-anginal Pain,130.0,70.0,79.0,174.0,204.0,58.0,104.0,False,,False,Normal,True,0.7,Up,0.0,Normal,False,False,Low,5.0,0
32181,56,Male,25.9,Asymptomatic,111.0,76.0,61.0,204.0,180.0,66.0,104.0,False,6.3,False,Normal,False,0.0,Up,0.0,Normal,False,False,Moderate,3.0,0
63788,65,Male,30.7,Non-anginal Pain,123.0,79.0,79.0,154.0,264.0,65.0,169.0,False,4.6,False,Normal,False,0.0,Up,0.0,Normal,False,True,High,5.0,0
31919,53,Male,24.5,Non-anginal Pain,103.0,67.0,61.0,139.0,164.0,39.0,109.0,False,5.7,False,ST-T Wave Abnormality,False,0.0,Up,0.0,Normal,False,True,Moderate,5.0,0
93336,45,Male,27.6,Typical Angina,110.0,79.0,77.0,161.0,,,146.0,False,5.2,False,Normal,False,0.0,Up,0.0,Normal,True,True,Moderate,5.0,0
99734,49,Male,29.2,Atypical Angina,111.0,83.0,70.0,181.0,216.0,45.0,120.0,False,5.9,False,Normal,False,0.0,Flat,1.0,Reversible Defect,False,False,Moderate,5.0,0
31284,63,Male,20.32,Asymptomatic,106.0,69.0,55.0,162.0,179.0,52.0,98.0,False,5.4,False,Normal,False,0.0,Up,1.0,Reversible Defect,False,False,High,3.0,0
35089,61,Female,18.86,Asymptomatic,115.0,67.0,53.0,131.0,,62.0,99.0,False,5.5,False,ST-T Wave Abnormality,False,1.9,Down,2.0,Fixed Defect,False,False,High,8.0,1
87619,41,Male,34.5,Typical Angina,118.0,90.0,73.0,173.0,235.0,33.0,159.0,False,5.7,False,Normal,False,,Flat,1.0,Reversible Defect,True,True,Low,2.0,1
73632,76,Male,37.6,Atypical Angina,135.0,78.0,84.0,151.0,212.0,32.0,130.0,False,6.3,True,ST-T Wave Abnormality,False,0.4,Flat,1.0,Normal,False,False,Low,8.0,1
26343,54,Female,28.3,Asymptomatic,106.0,67.0,77.0,147.0,181.0,56.0,93.0,False,5.1,False,Normal,True,0.0,Up,0.0,Normal,False,False,Low,6.0,0
19613,67,Male,35.9,Non-anginal Pain,137.0,79.0,86.0,156.0,260.0,50.0,188.0,False,6.5,True,ST-T Wave Abnormality,False,1.2,Flat,,Normal,False,False,Low,5.0,1
59891,41,Male,22.73,Asymptomatic,117.0,66.0,62.0,150.0,176.0,,120.0,False,4.9,False,Normal,False,0.0,Flat,0.0,Normal,False,True,Low,4.0,0
70107,43,Female,18.0,Atypical Angina,121.0,71.0,62.0,195.0,238.0,73.0,120.0,False,5.2,False,Normal,False,0.0,Flat,1.0,Normal,False,True,High,4.0,0
84554,44,Male,23.7,Asymptomatic,130.0,79.0,73.0,170.0,146.0,49.0,69.0,False,5.5,False,Normal,False,0.4,Flat,0.0,Normal,True,True,Moderate,6.0,0
7822,52,Female,27.2,Asymptomatic,98.0,69.0,75.0,146.0,187.0,54.0,117.0,False,5.5,False,Normal,False,1.0,Flat,2.0,Normal,False,False,Low,5.0,1
3039,51,Female,31.9,Atypical Angina,108.0,73.0,80.0,168.0,217.0,43.0,158.0,False,5.4,False,Normal,False,0.0,Up,0.0,Normal,False,False,Low,5.0,0
24913,69,Male,27.85,Non-anginal Pain,134.0,83.0,80.0,161.0,213.0,39.0,142.0,False,5.3,False,Left Ventricular Hypertrophy,False,0.0,Flat,0.0,Normal,True,False,,5.0,1
75655,33,Male,33.6,Atypical Angina,126.0,64.0,87.0,210.0,167.0,35.0,108.0,True,11.0,True,ST-T Wave Abnormality,False,0.0,Flat,0.0,Normal,True,False,Moderate,10.0,1
23360,41,Female,24.9,Non-anginal Pain,116.0,83.0,74.0,176.0,198.0,54.0,118.0,False,5.9,False,Left Ventricular Hypertrophy,False,0.0,Flat,0.0,Normal,False,False,Low,6.0,0
26831,60,Female,19.0,Asymptomatic,,,69.0,144.0,179.0,56.0,123.0,False,4.9,False,Normal,False,0.0,Flat,1.0,Reversible Defect,False,True,Moderate,4.0,0
66480,55,Female,25.2,Asymptomatic,,75.0,79.0,165.0,302.0,46.0,153.0,False,4.9,False,Left Ventricular Hypertrophy,False,0.0,Down,0.0,Normal,False,True,Moderate,5.0,1
15713,51,Male,23.5,Typical Angina,115.0,73.0,78.0,170.0,178.0,55.0,102.0,False,5.4,False,Normal,False,0.0,Flat,0.0,Normal,False,False,Moderate,5.0,0
48087,62,Male,26.2,Typical Angina,121.0,72.0,61.0,167.0,217.0,58.0,122.0,False,5.7,False,ST-T Wave Abnormality,True,1.4,Flat,1.0,Normal,True,False,High,2.0,1
40933,41,Male,26.4,Atypical Angina,107.0,72.0,69.0,152.0,148.0,43.0,70.0,False,4.5,False,Normal,False,0.0,Up,0.0,,False,False,Low,8.0,0
14378,43,Female,30.3,Atypical Angina,106.0,71.0,75.0,162.0,175.0,30.0,111.0,False,5.0,False,Normal,False,0.2,Up,0.0,Normal,False,False,Low,5.0,0
35808,84,Female,35.6,Asymptomatic,151.0,86.0,74.0,139.0,228.0,45.0,114.0,False,5.4,True,Normal,False,1.4,Flat,3.0,Reversible Defect,False,True,High,9.0,1
52442,70,Male,26.8,Atypical Angina,122.0,,79.0,176.0,186.0,33.0,118.0,False,5.8,False,Normal,False,0.0,Up,1.0,Normal,False,False,High,4.0,0
43601,84,Male,37.0,Asymptomatic,146.0,90.0,77.0,128.0,204.0,31.0,144.0,,7.9,True,Normal,False,0.0,Up,2.0,Normal,False,False,Low,4.0,1
68422,40,Male,34.17,Asymptomatic,158.0,103.0,85.0,150.0,268.0,38.0,163.0,True,,True,Normal,False,0.0,Up,0.0,Reversible Defect,False,False,Low,7.0,1
79043,62,Female,22.9,Atypical Angina,123.0,86.0,,164.0,185.0,41.0,113.0,False,5.4,False,ST-T Wave Abnormality,False,0.7,Flat,0.0,Normal,True,True,Moderate,3.0,0
86771,37,Male,28.0,Non-anginal Pain,109.0,67.0,76.0,202.0,176.0,41.0,106.0,False,4.6,False,Normal,False,0.0,Up,0.0,Normal,False,False,Moderate,5.0,0
51741,44,Female,23.6,Non-anginal Pain,119.0,69.0,69.0,179.0,181.0,61.0,112.0,False,4.9,False,Normal,False,0.0,,0.0,Normal,False,False,High,4.0,0
49012,67,Male,23.8,Atypical Angina,,79.0,83.0,152.0,,42.0,65.0,True,7.0,True,Normal,False,0.0,Up,0.0,Normal,False,True,Moderate,7.0,0
65968,76,Female,28.4,Non-anginal Pain,106.0,78.0,77.0,134.0,215.0,40.0,164.0,False,5.0,False,Normal,False,0.0,Up,2.0,Reversible Defect,True,False,Low,2.0,1
76299,44,Female,23.1,Atypical Angina,118.0,71.0,74.0,178.0,208.0,57.0,102.0,False,5.0,False,ST-T Wave Abnormality,False,0.0,Flat,1.0,Reversible Defect,False,False,High,2.0,1
98093,39,Female,22.93,Non-anginal Pain,131.0,74.0,58.0,196.0,200.0,63.0,103.0,False,5.2,False,Normal,False,0.0,Down,1.0,Normal,False,False,High,4.0,0
99233,43,Male,24.9,Asymptomatic,123.0,63.0,73.0,179.0,159.0,28.0,108.0,False,5.5,False,Normal,False,0.6,Flat,0.0,Normal,False,False,,7.0,0
83921,73,Male,21.9,Non-anginal Pain,109.0,,63.0,143.0,,48.0,157.0,True,7.1,True,Normal,False,0.4,Up,1.0,Normal,False,True,Moderate,3.0,0
93524,60,Male,26.3,Atypical Angina,133.0,81.0,77.0,137.0,233.0,,163.0,False,5.4,False,ST-T Wave Abnormality,False,0.7,Flat,0.0,Reversible Defect,False,False,Moderate,6.0,1
75482,54,Male,22.4,Non-anginal Pain,107.0,76.0,72.0,163.0,185.0,39.0,124.0,False,4.5,False,Normal,True,1.1,Flat,2.0,Normal,True,True,Moderate,8.0,0
48625,68,Female,31.35,Non-anginal Pain,157.0,86.0,,138.0,174.0,44.0,92.0,False,7.3,True,Normal,True,1.3,Flat,1.0,Normal,False,False,Low,7.0,0
99758,53,Male,21.8,Atypical Angina,123.0,74.0,77.0,169.0,226.0,42.0,134.0,True,6.0,True,Normal,False,0.0,Up,0.0,Reversible Defect,False,False,Low,7.0,0
93802,56,Male,23.2,Asymptomatic,127.0,78.0,74.0,143.0,194.0,39.0,118.0,False,5.2,False,ST-T Wave Abnormality,False,0.0,Up,0.0,Normal,True,False,Low,6.0,1
36492,36,Female,29.8,Atypical Angina,94.0,68.0,59.0,171.0,240.0,72.0,136.0,False,5.4,False,Normal,False,4.8,Flat,0.0,Normal,False,True,High,5.0,0
27119,50,Male,20.0,Atypical Angina,124.0,,63.0,156.0,313.0,50.0,224.0,False,5.6,False,Normal,False,2.1,Flat,2.0,Normal,False,True,High,5.0,1
61923,41,Male,27.2,Asymptomatic,125.0,80.0,73.0,168.0,116.0,35.0,58.0,False,5.2,False,Normal,False,0.0,Up,0.0,Normal,True,False,Moderate,8.0,0
39172,65,Female,33.4,Atypical Angina,115.0,71.0,71.0,140.0,,53.0,121.0,False,5.3,False,Normal,False,0.0,Up,0.0,Normal,False,False,Moderate,4.0,0
63466,69,Male,32.2,Non-anginal Pain,122.0,72.0,79.0,148.0,210.0,37.0,,True,6.3,True,Normal,False,1.7,Flat,3.0,Fixed Defect,False,False,Low,5.0,1
32936,48,Female,29.13,Non-anginal Pain,109.0,80.0,73.0,178.0,159.0,42.0,105.0,False,5.4,False,Normal,True,1.7,Flat,0.0,Normal,False,False,Low,4.0,0
70024,68,Male,33.99,Atypical Angina,129.0,82.0,83.0,140.0,166.0,43.0,113.0,False,5.6,False,Normal,False,1.6,Flat,0.0,Normal,False,False,Low,7.0,1
58458,74,Male,36.5,Typical Angina,146.0,83.0,92.0,140.0,191.0,24.0,128.0,True,8.5,True,,False,0.0,Down,1.0,Normal,True,True,Low,9.0,1
1436,40,Female,27.1,Typical Angina,,68.0,64.0,189.0,321.0,58.0,227.0,False,4.8,False,Normal,False,0.0,Up,0.0,Normal,False,False,High,6.0,0
28635,65,Female,20.2,Non-anginal Pain,128.0,77.0,73.0,159.0,143.0,44.0,87.0,False,5.5,False,Normal,False,0.0,Up,0.0,Normal,True,False,High,8.0,0
37111,52,Female,26.9,Typical Angina,133.0,83.0,63.0,151.0,181.0,38.0,96.0,False,5.4,True,Normal,False,0.0,Up,0.0,Normal,False,False,Low,9.0,1
56558,60,Female,33.0,Asymptomatic,118.0,83.0,68.0,167.0,198.0,45.0,137.0,True,5.5,True,Normal,False,0.0,Up,0.0,Normal,False,True,High,3.0,0
86206,38,Male,24.8,Asymptomatic,106.0,77.0,63.0,180.0,204.0,49.0,134.0,False,5.1,False,Normal,False,0.0,Up,0.0,Normal,False,False,Low,4.0,0
25065,69,Male,28.1,Asymptomatic,124.0,81.0,97.0,136.0,220.0,47.0,137.0,False,5.2,False,Normal,False,2.0,Flat,0.0,Reversible Defect,False,False,Low,6.0,0
68819,83,Female,34.2,Atypical Angina,139.0,,63.0,141.0,207.0,41.0,128.0,False,5.2,False,Left Ventricular Hypertrophy,False,1.1,Flat,2.0,Reversible Defect,False,False,Low,1.0,1
51231,44,Male,29.0,Non Anginal Pain,129.0,82.0,83.0,177.0,186.0,39.0,125.0,False,5.2,False,Normal,True,0.0,Up,0.0,Normal,False,False,Moderate,5.0,0
48283,49,Female,25.1,Atypical Angina,132.0,80.0,69.0,175.0,208.0,53.0,117.0,False,5.3,False,Normal,False,0.4,Up,0.0,Normal,True,False,High,4.0,0
13338,69,Male,37.52,Asymptomatic,136.0,85.0,77.0,125.0,220.0,39.0,106.0,True,5.9,False,ST-T Wave Abnormality,False,1.9,Down,1.0,Fixed Defect,False,False,High,3.0,0
27923,37,Male,21.4,Typical Angina,110.0,77.0,71.0,177.0,144.0,25.0,96.0,False,4.9,False,Normal,False,0.0,Up,0.0,Normal,False,True,Moderate,3.0,0
66131,53,Male,27.52,Atypical Angina,115.0,73.0,65.0,176.0,188.0,39.0,126.0,False,5.4,False,Normal,False,0.0,Up,0.0,Normal,False,True,Moderate,4.0,0
95526,51,Male,27.2,Asymptomatic,125.0,70.0,51.0,170.0,131.0,28.0,76.0,False,5.5,False,Normal,False,,Down,0.0,Normal,False,False,Moderate,7.0,0
66971,36,Male,18.4,Asymptomatic,111.0,81.0,75.0,151.0,127.0,62.0,45.0,False,4.9,False,Normal,False,0.3,Up,0.0,Normal,False,True,Moderate,9.0,0
30822,72,Male,25.6,Atypical Angina,143.0,88.0,80.0,139.0,,51.0,211.0,False,5.2,False,Normal,False,2.4,Flat,0.0,Normal,False,True,,5.0,1
62473,72,Male,24.9,Non-anginal Pain,136.0,78.0,79.0,136.0,169.0,36.0,129.0,True,5.6,False,Left Ventricular Hypertrophy,False,0.9,Flat,1.0,Normal,False,False,Moderate,5.0,1
16405,63,Male,29.7,Atypical Angina,113.0,74.0,129.0,150.0,161.0,,81.0,True,7.7,True,Left Ventricular Hypertrophy,False,,Down,1.0,Reversible Defect,False,False,Moderate,3.0,1
78153,42,Male,24.0,Atypical Angina,100.0,70.0,76.0,158.0,192.0,47.0,115.0,False,5.2,False,Normal,False,0.0,Up,0.0,Fixed Defect,False,True,High,6.0,1
7449,62,Female,38.73,Asymptomatic,147.0,100.0,86.0,124.0,179.0,27.0,130.0,False,5.4,False,Normal,False,1.4,,1.0,Reversible Defect,False,False,Low,6.0,1
49447,44,Female,21.7,Non-anginal Pain,109.0,72.0,63.0,162.0,138.0,61.0,65.0,False,5.4,False,Normal,True,0.8,Flat,0.0,Normal,False,False,High,8.0,0
45956,41,Female,20.5,Non-anginal Pain,104.0,80.0,57.0,193.0,168.0,50.0,71.0,False,5.7,False,Normal,False,0.0,Up,1.0,Normal,False,True,Moderate,5.0,0
4384,45,Male,29.9,Atypical Angina,116.0,76.0,70.0,203.0,162.0,28.0,102.0,True,6.7,True,Normal,False,0.0,Up,0.0,Fixed Defect,True,False,Moderate,6.0,0
74596,52,Male,30.2,,124.0,90.0,70.0,186.0,198.0,,,False,5.0,False,Normal,False,,Up,0.0,,False,False,High,4.0,0
66042,46,Male,29.4,Atypical Angina,96.0,68.0,70.0,155.0,205.0,50.0,76.0,True,9.7,True,Normal,False,0.0,Up,0.0,Normal,False,False,High,6.0,0
61696,48,Female,25.7,Non-anginal Pain,137.0,78.0,82.0,183.0,239.0,44.0,147.0,False,5.4,False,Normal,False,0.0,,0.0,Normal,False,False,Moderate,4.0,0
84799,34,Female,22.3,Atypical Angina,108.0,70.0,78.0,177.0,137.0,55.0,73.0,False,4.7,False,Normal,False,0.0,Up,0.0,Normal,False,False,Low,4.0,0
51838,40,Female,31.1,Asymptomatic,116.0,83.0,67.0,183.0,161.0,37.0,92.0,False,5.4,False,Normal,False,0.0,Down,0.0,Normal,False,False,High,3.0,0
15172,54,Female,31.6,Asymptomatic,145.0,96.0,53.0,193.0,,,,False,5.1,False,Normal,False,0.5,Flat,0.0,Normal,False,False,High,2.0,1
53301,62,Male,28.4,Non-anginal Pain,116.0,74.0,63.0,148.0,245.0,49.0,162.0,False,5.3,False,ST-T Wave Abnormality,False,1.4,Flat,0.0,Normal,False,True,Moderate,5.0,0
86285,52,Male,26.8,Non-anginal Pain,90.0,59.0,80.0,160.0,208.0,44.0,140.0,False,4.9,False,Normal,False,0.0,Up,0.0,Normal,False,False,Low,3.0,0
798,47,Female,31.7,Asymptomatic,112.0,75.0,91.0,138.0,183.0,27.0,122.0,False,5.8,False,Normal,False,0.0,Up,0.0,Normal,True,False,Low,6.0,0
50639,54,Female,25.9,Asymptomatic,133.0,83.0,70.0,160.0,160.0,58.0,78.0,False,5.1,False,Normal,,0.1,Flat,2.0,Fixed Defect,False,True,Low,1.0,0
67702,71,Male,27.6,Asymptomatic,126.0,75.0,119.0,139.0,161.0,48.0,81.0,False,5.6,False,Normal,False,0.5,Flat,1.0,,False,False,Low,8.0,1
77218,60,Male,30.3,Atypical Angina,121.0,81.0,76.0,147.0,183.0,55.0,78.0,False,5.5,False,Normal,False,0.8,Up,0.0,Normal,True,False,Moderate,7.0,0
29344,49,Female,39.1,Non-anginal Pain,,85.0,75.0,175.0,199.0,45.0,112.0,False,7.4,True,Normal,False,0.0,Up,0.0,Normal,True,False,Moderate,6.0,0
91082,86,Male,29.0,Atypical Angina,127.0,85.0,89.0,122.0,260.0,54.0,123.0,False,5.3,False,Normal,True,1.1,Flat,3.0,Normal,False,False,Low,5.0,1
37630,71,Female,35.84,Non-anginal Pain,116.0,79.0,112.0,140.0,189.0,53.0,93.0,,5.9,False,Normal,True,1.0,Flat,1.0,Normal,False,True,Moderate,2.0,1
9989,74,Female,32.2,Non-anginal Pain,150.0,95.0,68.0,127.0,236.0,64.0,127.0,False,5.6,False,Normal,False,0.0,Up,1.0,Normal,False,False,,6.0,0
25251,51,Male,29.0,,114.0,82.0,76.0,137.0,185.0,37.0,121.0,False,5.1,False,Normal,False,0.0,Flat,0.0,Reversible Defect,False,True,Low,5.0,0
22544,35,Male,19.1,Atypical Angina,111.0,66.0,65.0,148.0,141.0,38.0,64.0,False,5.1,False,Normal,False,0.0,Flat,0.0,Reversible Defect,False,True,High,6.0,0
87993,74,Female,27.5,Asymptomatic,132.0,91.0,67.0,178.0,197.0,60.0,116.0,False,5.3,False,Normal,False,0.0,Up,0.0,Normal,False,False,High,2.0,0
49380,45,Female,33.3,Asymptomatic,122.0,75.0,77.0,177.0,177.0,38.0,116.0,False,4.7,False,Normal,False,0.0,Up,0.0,,True,False,Low,5.0,0
38,76,Female,27.5,Atypical Angina,118.0,70.0,70.0,155.0,219.0,51.0,133.0,False,5.4,False,Normal,True,0.3,Up,1.0,Normal,False,False,Moderate,6.0,0
24377,56,Male,22.3,Asymptomatic,122.0,70.0,64.0,177.0,181.0,54.0,88.0,False,5.0,False,Normal,False,0.2,Flat,2.0,Normal,True,False,High,6.0,0
98554,49,Male,26.85,Typical Angina,,79.0,48.0,162.0,,38.0,88.0,False,4.7,False,Normal,False,,Up,0.0,Normal,True,False,Moderate,1.0,0
51727,45,Male,36.0,Asymptomatic,,81.0,82.0,167.0,213.0,32.0,144.0,False,5.2,False,Normal,False,0.0,Up,0.0,Normal,False,False,Low,9.0,0
64141,38,Female,30.9,Atypical Angina,128.0,74.0,80.0,154.0,193.0,,113.0,False,5.1,False,Normal,True,0.0,Flat,2.0,Fixed Defect,False,False,Low,5.0,1
41933,66,Male,23.9,Atypical Angina,,90.0,123.0,149.0,169.0,47.0,106.0,False,6.1,False,ST-T Wave Abnormality,False,0.0,Up,0.0,Normal,True,False,Low,7.0,1
15734,74,Female,24.4,Atypical Angina,157.0,90.0,74.0,145.0,215.0,62.0,142.0,False,5.2,False,Normal,False,0.0,Flat,1.0,Normal,True,False,Low,7.0,1
53034,44,Male,23.9,Asymptomatic,120.0,81.0,61.0,161.0,249.0,57.0,154.0,False,,False,Normal,False,0.6,Flat,0.0,Reversible Defect,False,False,Low,3.0,0
70038,82,Male,30.0,Non-anginal Pain,123.0,74.0,76.0,140.0,178.0,46.0,107.0,False,5.7,False,Normal,True,1.8,Flat,0.0,Normal,False,False,Low,2.0,1
27926,42,Male,29.3,Asymptomatic,111.0,75.0,,192.0,180.0,50.0,115.0,False,5.0,False,Normal,False,0.0,Flat,0.0,Normal,False,False,Moderate,6.0,0
84848,38,Female,,Asymptomatic,133.0,78.0,73.0,190.0,,69.0,149.0,False,5.6,False,Normal,False,0.7,Flat,0.0,Normal,True,,Low,4.0,0
4153,46,Female,27.2,Atypical Angina,103.0,69.0,66.0,174.0,201.0,49.0,110.0,False,,False,Normal,False,0.0,Up,0.0,Reversible Defect,False,False,Moderate,8.0,0
62078,63,Female,23.9,Non Anginal Pain,131.0,82.0,69.0,160.0,187.0,71.0,95.0,False,5.9,False,,False,0.0,,0.0,Normal,False,True,,8.0,0
18750,66,Female,33.6,Atypical Angina,137.0,70.0,73.0,156.0,184.0,51.0,119.0,False,5.8,False,Normal,False,0.0,Up,0.0,Normal,True,False,Low,,0
6282,68,Male,26.4,Asymptomatic,111.0,,69.0,126.0,137.0,33.0,94.0,False,5.8,False,Normal,False,0.0,Flat,3.0,Normal,False,False,Moderate,4.0,0
81477,74,Male,,Atypical Angina,120.0,81.0,62.0,191.0,,53.0,111.0,False,5.9,False,ST-T Wave Abnormality,False,0.0,Up,0.0,Reversible Defect,False,False,High,7.0,0
29834,83,Male,36.0,Asymptomatic,136.0,70.0,81.0,132.0,253.0,45.0,179.0,False,5.3,False,Normal,False,0.0,Up,1.0,Normal,True,False,Moderate,3.0,0
40208,81,Male,32.5,Typical Angina,133.0,78.0,,129.0,200.0,35.0,143.0,False,5.9,False,ST-T Wave Abnormality,True,1.9,Flat,1.0,Normal,False,False,Low,3.0,1
56832,65,Male,32.6,Asymptomatic,118.0,88.0,63.0,172.0,211.0,55.0,142.0,False,5.6,False,Normal,False,0.0,Up,0.0,Normal,False,False,High,6.0,0
18758,80,Female,29.1,Atypical Angina,149.0,90.0,,138.0,180.0,59.0,105.0,False,5.9,False,ST-T Wave Abnormality,False,,Up,0.0,Normal,False,False,Moderate,7.0,1
16133,58,Male,33.3,Typical Angina,126.0,76.0,,156.0,146.0,38.0,73.0,False,5.0,False,Normal,False,,,0.0,Reversible Defect,False,False,Moderate,2.0,0
93149,35,Female,16.2,Non-anginal Pain,114.0,77.0,62.0,174.0,186.0,43.0,126.0,False,5.2,False,Normal,False,0.0,Flat,0.0,Normal,False,False,Moderate,2.0,0
98485,40,Male,23.77,Asymptomatic,112.0,63.0,87.0,178.0,279.0,45.0,233.0,False,5.0,False,Normal,False,0.0,Up,0.0,Normal,True,False,Moderate,5.0,0
13510,55,Male,25.76865,Typical Angina,123.0,71.0,69.0,163.0,165.0,61.0,80.0,False,,False,Normal,False,0.5,Flat,0.0,,False,False,Moderate,3.0,0
96931,42,Male,25.3,Non-anginal Pain,108.0,76.0,70.0,144.0,151.0,45.0,91.0,False,5.8,False,Normal,False,0.0,Up,1.0,Normal,False,False,Low,2.0,0
53572,51,Female,29.0,Asymptomatic,126.0,78.0,67.0,140.0,143.0,56.0,74.0,False,5.3,False,Normal,False,0.0,Flat,0.0,Normal,False,False,Low,7.0,0
25542,64,Female,25.3,Atypical Angina,121.0,84.0,69.0,147.0,,51.0,98.0,False,11.7,True,Normal,True,2.7,Flat,0.0,Normal,False,False,Moderate,2.0,1
14569,64,Female,26.8,Atypical Angina,141.0,87.0,57.0,159.0,200.0,53.0,,True,7.0,True,Left Ventricular Hypertrophy,False,,Flat,0.0,Normal,True,True,Moderate,4.0,0
64156,52,Female,30.5,Non-anginal Pain,107.0,72.0,63.0,190.0,135.0,38.0,86.0,True,7.4,True,,False,0.6,Up,0.0,Normal,False,False,Low,4.0,0
78433,86,Male,29.4,Non-anginal Pain,148.0,80.0,74.0,142.0,212.0,31.0,156.0,False,5.5,False,Normal,False,0.5,Up,3.0,Normal,False,False,Moderate,4.0,1
51555,61,Female,30.8,Typical Angina,137.0,97.0,70.0,179.0,158.0,51.0,78.0,False,5.6,False,Normal,True,0.0,Up,3.0,Normal,False,True,Moderate,6.0,1
23062,41,Male,31.0,Atypical Angina,128.0,88.0,84.0,157.0,175.0,35.0,108.0,False,5.3,False,Normal,False,0.7,Up,0.0,Normal,False,True,Low,5.0,0
7912,63,Female,28.4,Asymptomatic,108.0,77.0,60.0,159.0,228.0,40.0,166.0,False,,False,Normal,False,0.0,Up,0.0,Normal,False,False,Low,4.0,0
41719,56,Female,21.9,Typical Angina,122.0,78.0,70.0,175.0,203.0,70.0,116.0,False,4.7,False,Normal,False,0.3,Up,0.0,Normal,True,False,Moderate,3.0,0
13969,59,Male,24.3,Non-anginal Pain,149.0,90.0,89.0,148.0,173.0,62.0,86.0,False,5.3,False,Normal,False,0.0,Flat,3.0,Reversible Defect,True,False,,5.0,0
46347,80,Female,30.4,Atypical Angina,140.0,76.0,68.0,138.0,198.0,44.0,125.0,False,4.9,False,Normal,False,0.6,Flat,0.0,Fixed Defect,False,False,Moderate,6.0,1
68770,61,Male,23.3,Atypical Angina,110.0,59.0,59.0,152.0,185.0,43.0,114.0,False,5.5,False,ST-T Wave Abnormality,,0.5,Flat,2.0,Normal,False,True,Low,4.0,0
96069,26,Female,25.6,Atypical Angina,94.0,70.0,78.0,185.0,236.0,44.0,159.0,False,4.9,False,Normal,False,0.0,Up,0.0,Normal,False,False,Low,5.0,0
74671,63,Female,25.4,Asymptomatic,111.0,81.0,82.0,163.0,177.0,48.0,94.0,False,5.4,False,Normal,True,0.9,Up,0.0,Normal,False,False,Low,4.0,0
35434,52,Female,27.7,Atypical Angina,129.0,81.0,64.0,175.0,164.0,54.0,92.0,False,5.3,,Normal,False,0.4,Flat,0.0,Normal,False,False,Moderate,4.0,0
49078,82,Female,31.7,Non-anginal Pain,133.0,72.0,83.0,115.0,199.0,58.0,95.0,True,8.0,True,Normal,False,0.6,Flat,0.0,Reversible Defect,False,False,Moderate,1.0,1
12954,44,Male,17.5,Asymptomatic,,76.0,81.0,169.0,159.0,30.0,95.0,False,,False,Normal,False,0.0,Flat,0.0,Normal,True,False,Moderate,10.0,0
91150,44,Female,24.2,Atypical Angina,122.0,86.0,76.0,188.0,209.0,46.0,106.0,True,8.6,True,Normal,False,0.0,Up,0.0,Normal,False,False,Low,4.0,0
73838,63,Female,24.9,Atypical Angina,143.0,83.0,73.0,154.0,179.0,51.0,104.0,False,5.4,False,Normal,False,0.0,Flat,0.0,Normal,False,True,Low,5.0,0
89000,62,Female,29.0,Typical Angina,147.0,90.0,88.0,149.0,197.0,53.0,114.0,False,4.9,False,ST-T Wave Abnormality,False,0.0,Up,1.0,Fixed Defect,False,False,Low,9.0,1
52907,84,Female,28.8,Atypical Angina,117.0,76.0,81.0,142.0,351.0,47.0,133.0,False,6.0,False,Normal,True,0.5,,2.0,Fixed Defect,False,False,Low,4.0,1
31244,80,Male,34.8,typical angina,137.0,82.0,81.0,149.0,171.0,25.0,132.0,False,6.1,False,Normal,True,0.0,Flat,0.0,Normal,False,False,Low,7.0,1
93238,67,Female,23.3,Atypical Angina,140.0,89.0,81.0,166.0,218.0,42.0,161.0,False,4.9,False,Normal,False,0.3,Flat,0.0,Reversible Defect,False,False,Low,5.0,1
76868,66,Male,32.7,Asymptomatic,141.0,79.0,73.0,143.0,263.0,38.0,156.0,False,5.0,False,ST-T Wave Abnormality,False,0.0,Down,2.0,Reversible Defect,False,False,Moderate,4.0,1
86640,55,Male,26.8,Asymptomatic,122.0,77.0,58.0,171.0,174.0,42.0,104.0,False,5.6,False,Normal,False,0.5,Up,0.0,Normal,True,False,Low,5.0,0
64232,67,Female,26.5,Asymptomatic,115.0,74.0,70.0,166.0,205.0,58.0,101.0,False,5.7,False,Normal,False,0.0,Up,0.0,Normal,False,False,Low,6.0,0
14981,55,Female,35.0,Asymptomatic,122.0,76.0,121.0,176.0,204.0,51.0,119.0,False,5.1,False,Normal,False,0.5,Flat,0.0,Reversible Defect,True,False,High,6.0,0
38871,36,Male,31.75,Asymptomatic,109.0,80.0,60.0,196.0,187.0,43.0,95.0,False,5.4,False,Normal,False,0.5,Up,1.0,Normal,False,False,High,9.0,0
2257,61,Female,28.63,Atypical Angina,127.0,85.0,73.0,148.0,229.0,,153.0,False,,False,Normal,False,1.0,Up,0.0,Reversible Defect,False,True,High,6.0,1
43314,32,Male,45.8,Typical Angina,98.0,60.0,76.0,199.0,209.0,36.0,126.0,False,,False,Normal,False,0.0,Up,0.0,Normal,False,False,High,9.0,0
23395,50,Female,,Atypical Angina,111.0,70.0,77.0,170.0,203.0,52.0,135.0,False,5.3,False,Normal,True,0.9,Up,0.0,Normal,False,False,High,8.0,0
33758,48,Male,26.5,Asymptomatic,118.0,72.0,49.0,187.0,153.0,37.0,64.0,False,5.1,False,Normal,False,0.0,Flat,0.0,Normal,False,False,High,3.0,0
32162,74,Female,23.8,Non-anginal Pain,145.0,85.0,70.0,152.0,170.0,61.0,86.0,False,5.1,False,ST-T Wave Abnormality,False,0.2,Up,0.0,Normal,False,False,Moderate,2.0,0
8941,71,Female,24.3,Atypical Angina,137.0,82.0,69.0,134.0,217.0,61.0,134.0,False,5.1,False,,False,,Up,1.0,Normal,False,False,Low,4.0,0
29446,81,Male,32.2,Asymptomatic,144.0,93.0,70.0,179.0,219.0,,113.0,True,7.9,True,Normal,True,0.7,Up,0.0,Reversible Defect,False,False,High,4.0,1
3920,52,Male,29.9,Asymptomatic,129.0,76.0,87.0,141.0,173.0,42.0,105.0,False,5.6,False,Normal,True,0.9,Up,2.0,Normal,False,True,Low,4.0,1
12594,53,Male,29.43,Non-anginal Pain,145.0,96.0,81.0,128.0,146.0,42.0,74.0,False,5.2,False,Normal,False,0.0,Up,0.0,Normal,,False,Low,7.0,0
8713,51,Female,18.0,Non-anginal Pain,98.0,54.0,50.0,174.0,237.0,54.0,171.0,False,5.1,False,Normal,False,0.9,Flat,2.0,Normal,False,False,High,3.0,0
94539,71,Male,22.1,Typical Angina,125.0,72.0,82.0,154.0,165.0,36.0,115.0,False,5.3,False,Normal,False,0.0,Up,1.0,Normal,True,False,Low,6.0,0
75477,50,Female,26.1,Asymptomatic,115.0,81.0,69.0,161.0,183.0,50.0,107.0,False,5.7,False,Normal,False,0.0,Down,0.0,Normal,False,True,Low,6.0,0
49118,65,Male,29.2,Atypical Angina,149.0,89.0,74.0,162.0,,,,True,8.4,True,Normal,True,1.2,Flat,0.0,Reversible Defect,False,True,Moderate,4.0,0
66249,74,Female,26.2,Atypical Angina,141.0,86.0,71.0,133.0,184.0,43.0,112.0,False,5.2,False,ST-T Wave Abnormality,False,,Up,2.0,Normal,False,False,Moderate,5.0,0
71933,59,Female,27.9,Typical Angina,107.0,74.0,84.0,168.0,140.0,33.0,78.0,False,5.7,False,Normal,False,1.1,Down,0.0,Reversible Defect,False,True,Low,6.0,1
81930,54,Male,28.1,Non-anginal Pain,111.0,80.0,70.0,180.0,214.0,55.0,134.0,False,4.7,False,ST-T Wave Abnormality,False,0.0,Up,0.0,Normal,True,True,High,5.0,0
27710,78,Male,27.4,Asymptomatic,116.0,77.0,63.0,173.0,285.0,44.0,174.0,True,7.6,True,Normal,False,0.0,Up,1.0,Normal,False,True,High,2.0,0
95702,67,Female,26.1,Asymptomatic,122.0,69.0,74.0,136.0,170.0,35.0,98.0,False,5.2,False,Normal,False,0.0,Up,0.0,Normal,True,False,Low,3.0,0
13977,56,Male,22.8,Non-anginal Pain,111.0,77.0,76.0,169.0,126.0,44.0,73.0,False,6.1,False,Normal,True,0.0,Flat,3.0,Normal,False,False,Moderate,9.0,1
59734,38,Male,26.7,Asymptomatic,110.0,71.0,63.0,175.0,214.0,53.0,149.0,False,4.5,False,Normal,False,0.3,Up,0.0,Normal,False,False,High,,0
68378,68,Male,24.4,Asymptomatic,130.0,82.0,83.0,167.0,227.0,54.0,149.0,,4.7,False,ST-T Wave Abnormality,False,0.0,Up,0.0,,False,True,Moderate,6.0,0
90398,51,Female,23.5,Asymptomatic,118.0,69.0,79.0,185.0,268.0,56.0,184.0,False,5.2,False,,True,0.0,Up,0.0,Normal,False,True,Moderate,7.0,1
48846,70,Female,24.3,Atypical Angina,118.0,83.0,86.0,157.0,204.0,52.0,144.0,False,4.8,False,Normal,False,,Flat,0.0,Normal,False,True,Low,5.0,0
90856,35,Female,27.4,Asymptomatic,114.0,82.0,83.0,167.0,193.0,74.0,81.0,False,4.9,False,Normal,False,0.0,Up,0.0,Normal,False,True,Moderate,7.0,0
28816,48,Male,23.4,Non-anginal Pain,123.0,72.0,76.0,154.0,254.0,49.0,170.0,False,5.3,False,Normal,False,0.0,Up,0.0,Normal,True,False,Low,8.0,0
10741,82,Male,36.9,Non-anginal Pain,127.0,79.0,87.0,141.0,187.0,65.0,97.0,False,5.3,False,Normal,False,0.9,Flat,0.0,Normal,False,False,Moderate,4.0,1
30591,32,Male,26.79,Non-anginal Pain,128.0,84.0,67.0,206.0,255.0,46.0,154.0,False,5.2,False,Normal,False,0.0,Up,0.0,Normal,False,False,High,3.0,0
29656,40,Female,26.7,Asymptomatic,90.0,58.0,67.0,186.0,165.0,51.0,100.0,False,5.2,False,Normal,False,0.4,Up,0.0,Normal,False,False,Moderate,6.0,0
25990,62,Female,23.3,Asymptomatic,118.0,67.0,65.0,168.0,177.0,44.0,117.0,False,5.0,False,Normal,False,0.0,Up,0.0,,False,True,Low,4.0,0
23115,77,Male,25.9,Atypical Angina,129.0,77.0,68.0,131.0,139.0,25.0,95.0,False,,False,Normal,True,1.4,Down,1.0,Normal,False,True,Low,,1
21552,31,Male,27.4,Asymptomatic,90.0,75.0,67.0,176.0,250.0,43.0,185.0,True,4.8,False,Normal,False,0.0,Up,0.0,Normal,False,False,Low,6.0,0
58189,54,Female,29.4,Asymptomatic,125.0,79.0,80.0,159.0,169.0,49.0,77.0,True,7.9,True,Normal,True,0.0,Up,0.0,Normal,,False,Low,4.0,0
39445,39,Female,18.2,Atypical Angina,110.0,73.0,73.0,174.0,242.0,59.0,140.0,False,4.9,False,Normal,False,0.0,Up,0.0,Normal,False,False,Moderate,6.0,0
1419,74,Female,32.0,Non-anginal Pain,144.0,92.0,51.0,144.0,202.0,49.0,117.0,False,5.6,False,Left Ventricular Hypertrophy,False,0.7,Up,0.0,Normal,False,False,High,4.0,0
15236,30,Female,18.3,Non-anginal Pain,91.0,65.0,57.0,203.0,267.0,48.0,204.0,False,5.3,False,Normal,False,0.1,Down,0.0,Normal,False,True,High,9.0,0
60591,67,Male,25.7,Asymptomatic,134.0,89.0,64.0,162.0,259.0,44.0,155.0,False,4.9,False,ST-T Wave Abnormality,False,0.0,Up,0.0,Normal,False,False,Low,,0
87501,46,Female,24.9,Asymptomatic,127.0,88.0,63.0,169.0,156.0,57.0,89.0,False,5.5,False,Normal,False,0.0,Up,0.0,Reversible Defect,False,False,Moderate,6.0,0
45889,61,Female,30.7,Asymptomatic,116.0,73.0,83.0,149.0,302.0,53.0,235.0,False,4.9,False,Normal,False,0.0,Up,2.0,Normal,False,False,Low,4.0,0
16138,67,Male,30.8,Non-anginal Pain,131.0,83.0,71.0,170.0,150.0,37.0,88.0,False,5.3,False,Normal,False,0.6,Flat,0.0,Normal,True,False,Moderate,2.0,1
17405,76,Female,25.3,Asymptomatic,122.0,72.0,78.0,146.0,209.0,52.0,127.0,False,5.4,False,ST-T Wave Abnormality,False,1.2,Flat,2.0,Normal,False,True,High,4.0,1
92124,40,Male,23.6,Non-anginal Pain,110.0,79.0,70.0,190.0,206.0,58.0,118.0,False,5.7,False,Left Ventricular Hypertrophy,False,0.3,Up,0.0,Normal,False,False,High,6.0,0
77115,55,Female,24.4,Non-anginal Pain,122.0,89.0,68.0,159.0,293.0,58.0,162.0,False,,False,Normal,False,0.0,Up,0.0,Normal,False,False,Moderate,6.0,0
5334,75,Female,27.6,Typical Angina,140.0,84.0,82.0,163.0,,49.0,87.0,True,6.6,True,Normal,False,0.0,Flat,0.0,Normal,True,True,Low,7.0,0
29848,43,Female,23.0,Asymptomatic,119.0,89.0,68.0,176.0,187.0,38.0,125.0,False,4.9,False,Normal,False,0.0,Up,0.0,Normal,False,True,Moderate,7.0,0
29013,48,Female,26.3,Typical Angina,130.0,81.0,76.0,149.0,166.0,,84.0,False,5.4,False,Normal,False,0.0,Flat,,Reversible Defect,False,False,Low,8.0,1
98341,63,Female,22.1,Asymptomatic,122.0,77.0,63.0,142.0,148.0,45.0,84.0,False,5.6,False,Normal,True,0.0,Flat,0.0,Normal,False,True,Low,3.0,0
1156,50,Male,22.0,Atypical Angina,115.0,86.0,67.0,140.0,,49.0,108.0,False,5.3,False,Normal,False,2.6,Flat,0.0,Fixed Defect,False,False,Moderate,1.0,0
25274,53,Female,32.8,Asymptomatic,128.0,84.0,64.0,172.0,195.0,54.0,120.0,False,4.6,False,Normal,False,0.0,Up,0.0,Normal,False,True,Moderate,2.0,0
91724,63,Male,23.9,Non-anginal Pain,147.0,81.0,80.0,146.0,131.0,,84.0,True,9.7,True,,False,0.0,Flat,2.0,Reversible Defect,True,False,Low,9.0,1
58728,40,Female,20.9,Asymptomatic,100.0,63.0,51.0,173.0,157.0,52.0,76.0,False,,False,Normal,False,0.0,Flat,0.0,,False,True,Moderate,4.0,0
7876,74,Female,28.4,Atypical Angina,133.0,80.0,64.0,172.0,192.0,50.0,141.0,False,5.2,False,Normal,True,0.7,Up,2.0,Normal,True,False,Moderate,8.0,1
69730,73,Female,24.8,Atypical Angina,125.0,83.0,64.0,146.0,200.0,65.0,105.0,False,5.5,False,Normal,False,4.5,Flat,3.0,Normal,False,False,High,5.0,1
92118,55,Male,40.6,Asymptomatic,141.0,96.0,81.0,154.0,237.0,43.0,160.0,True,10.2,,Normal,False,0.0,Up,2.0,Normal,False,True,Low,10.0,1
83214,44,Male,,Atypical Angina,126.0,80.0,85.0,166.0,189.0,,,False,4.9,False,ST-T Wave Abnormality,True,0.7,Flat,0.0,Reversible Defect,False,True,Moderate,7.0,0
42688,49,Male,24.3,Non-anginal Pain,153.0,86.0,81.0,168.0,133.0,31.0,77.0,False,4.8,False,Normal,False,1.2,Down,1.0,Normal,False,False,Low,6.0,0
75741,44,Female,27.61761,Non-anginal Pain,107.0,72.0,67.0,156.0,184.0,29.0,149.0,False,5.0,False,Normal,False,2.8,Up,0.0,Normal,False,False,Moderate,2.0,0
82082,80,Female,39.3,Non-anginal Pain,139.0,85.0,83.0,140.0,,43.0,113.0,True,8.3,True,Normal,True,0.0,Flat,1.0,Reversible Defect,False,False,Low,4.0,1
25757,59,Male,29.1,Asymptomatic,118.0,76.0,76.0,156.0,,36.0,168.0,False,5.6,True,Normal,False,,Up,0.0,Normal,False,True,Low,8.0,0
83947,42,Male,28.3,Non-anginal Pain,112.0,83.0,49.0,182.0,236.0,58.0,157.0,False,5.0,False,Normal,False,0.0,Up,0.0,Normal,False,True,High,6.0,0
84046,56,Female,21.39,Asymptomatic,121.0,72.0,71.0,174.0,202.0,52.0,124.0,True,6.4,True,ST-T Wave Abnormality,,1.6,Flat,0.0,Normal,False,False,Moderate,8.0,1
26326,43,Female,23.54,Non-anginal Pain,,82.0,65.0,168.0,206.0,61.0,,False,5.5,False,Normal,False,,Up,0.0,Normal,False,False,Moderate,4.0,0
82592,74,Male,31.5,Atypical Angina,133.0,95.0,84.0,142.0,181.0,52.0,106.0,False,,False,Normal,False,0.0,Up,0.0,Normal,False,True,Low,5.0,0
66899,29,Female,23.1,Atypical Angina,105.0,63.0,76.0,,214.0,54.0,138.0,False,5.5,False,Normal,False,0.0,Up,0.0,Normal,False,False,Moderate,8.0,0
46412,56,Male,30.4,Asymptomatic,124.0,89.0,75.0,153.0,168.0,,77.0,False,5.3,False,Normal,False,0.6,Flat,0.0,Normal,False,True,Low,6.0,0
88938,83,Male,28.8,Asymptomatic,125.0,80.0,76.0,134.0,234.0,50.0,115.0,False,6.6,True,Normal,False,0.6,Flat,1.0,Normal,False,False,Low,4.0,1
87630,72,Female,24.3,Non-anginal Pain,,78.0,75.0,,214.0,,144.0,False,5.7,False,Left Ventricular Hypertrophy,False,0.0,Flat,1.0,Reversible Defect,False,True,Moderate,7.0,0
10751,52,Female,24.3,Asymptomatic,112.0,81.0,81.0,168.0,223.0,53.0,151.0,False,5.0,False,,False,0.0,Down,0.0,Normal,False,True,Low,8.0,0
49753,76,Male,33.35,Asymptomatic,130.0,92.0,67.0,150.0,305.0,44.0,223.0,False,5.9,False,Normal,False,2.1,Down,0.0,Normal,False,False,Moderate,5.0,0
95764,48,Male,22.97,Asymptomatic,128.0,87.0,72.0,176.0,169.0,38.0,108.0,False,4.3,False,Normal,False,0.0,Flat,1.0,Reversible Defect,False,False,High,9.0,0
969,60,Female,,Non-anginal Pain,126.0,78.0,72.0,156.0,252.0,54.0,,False,5.8,False,Normal,False,,Down,0.0,,True,False,High,8.0,0
84118,63,Male,19.9,Asymptomatic,116.0,67.0,67.0,165.0,166.0,50.0,100.0,False,5.1,False,ST-T Wave Abnormality,False,0.0,Flat,0.0,Normal,True,False,High,6.0,0
22586,72,Female,30.2,Typical Angina,154.0,89.0,73.0,150.0,154.0,42.0,,False,5.3,False,Normal,False,0.0,Up,1.0,Normal,False,False,Low,4.0,0
41211,61,Male,31.3,Asymptomatic,128.0,81.0,59.0,166.0,226.0,50.0,101.0,False,5.1,False,Normal,False,0.0,Up,2.0,Normal,False,False,High,4.0,0
93831,57,Male,27.9,Typical Angina,120.0,81.0,73.0,160.0,229.0,43.0,112.0,False,5.9,False,Normal,False,0.3,Flat,1.0,Normal,False,False,Moderate,7.0,0
29846,71,Female,21.17,Asymptomatic,118.0,78.0,63.0,149.0,177.0,50.0,94.0,False,5.3,False,Normal,False,0.0,Flat,,Normal,False,False,Moderate,3.0,0
20433,38,Male,27.53,Typical Angina,205.0,116.0,67.0,175.0,177.0,54.0,98.0,False,5.7,False,Normal,False,0.0,Up,0.0,Normal,False,False,,7.0,0
878,54,Female,23.3,Asymptomatic,127.0,89.0,80.0,129.0,,,,False,5.1,False,Left Ventricular Hypertrophy,False,0.0,Down,0.0,Normal,False,False,Low,6.0,0
36958,33,Female,29.5,Asymptomatic,111.0,70.0,69.0,161.0,155.0,69.0,54.0,True,5.2,False,Normal,False,0.0,Flat,3.0,Normal,True,False,High,9.0,0
11092,45,Female,25.48,Asymptomatic,109.0,78.0,74.0,193.0,166.0,47.0,93.0,False,,False,Normal,True,2.9,Flat,0.0,Reversible Defect,False,True,Moderate,2.0,0
46628,49,Female,24.0,Asymptomatic,130.0,70.0,83.0,154.0,317.0,51.0,235.0,False,5.3,False,ST-T Wave Abnormality,False,0.4,Up,0.0,Fixed Defect,False,False,Low,9.0,0
68124,70,Male,25.1,Atypical Angina,174.0,101.0,78.0,145.0,210.0,39.0,127.0,False,4.7,False,,False,0.0,Up,0.0,Normal,False,False,Low,5.0,0
92170,54,Male,23.5,Asymptomatic,131.0,80.0,75.0,173.0,166.0,50.0,93.0,False,4.5,False,Normal,False,0.0,Up,0.0,Normal,False,False,High,7.0,0
51003,77,Female,36.0,Atypical Angina,153.0,86.0,80.0,131.0,210.0,66.0,92.0,False,5.5,False,Normal,True,0.0,Flat,1.0,Normal,False,False,Moderate,4.0,0
51114,43,Male,26.5,Asymptomatic,101.0,66.0,68.0,161.0,162.0,56.0,90.0,False,5.7,False,Normal,True,0.0,Up,0.0,Normal,False,False,Moderate,9.0,0
57371,56,Male,21.9,Atypical Angina,102.0,69.0,73.0,178.0,232.0,61.0,144.0,False,5.8,False,Normal,False,0.0,Up,3.0,Normal,False,False,,7.0,0
89265,73,Male,16.6,Typical Angina,132.0,68.0,64.0,140.0,154.0,28.0,114.0,True,8.7,True,Normal,False,0.7,Flat,0.0,Normal,True,True,Moderate,4.0,1
62589,64,Male,32.8,Atypical Angina,140.0,87.0,78.0,148.0,170.0,33.0,118.0,True,7.7,True,Normal,,1.2,Flat,0.0,Normal,True,False,Moderate,10.0,1
21322,65,Female,35.1,Asymptomatic,135.0,78.0,80.0,146.0,227.0,55.0,122.0,True,8.3,True,Normal,False,0.4,Up,0.0,Reversible Defect,False,True,Moderate,6.0,1
86291,46,Male,21.1,Asymptomatic,101.0,68.0,80.0,161.0,148.0,42.0,72.0,False,6.0,False,Normal,True,0.6,Flat,3.0,Normal,False,False,Low,4.0,0
71715,88,Male,24.8,Non-anginal Pain,139.0,83.0,79.0,102.0,180.0,39.0,115.0,False,5.5,False,Normal,False,0.3,Flat,1.0,Fixed Defect,False,False,Low,,1
38966,43,Female,28.3,Non-anginal Pain,103.0,65.0,70.0,,137.0,47.0,77.0,False,4.9,False,Normal,True,3.0,Flat,0.0,Normal,True,False,High,5.0,0
14028,52,Male,20.6,Non-anginal Pain,107.0,68.0,76.0,152.0,319.0,54.0,243.0,False,4.8,False,Normal,True,1.5,Flat,1.0,Normal,True,True,High,6.0,0
17265,48,Male,26.1,Asymptomatic,117.0,72.0,58.0,210.0,161.0,47.0,102.0,False,5.5,False,Normal,False,0.0,Up,0.0,Normal,False,False,High,3.0,0
982,37,Female,26.2,Asymptomatic,122.0,70.0,74.0,168.0,188.0,52.0,122.0,False,5.7,False,ST-T Wave Abnormality,False,1.0,Flat,0.0,Reversible Defect,True,False,Moderate,10.0,0
43622,70,Female,21.1,Asymptomatic,137.0,81.0,66.0,119.0,184.0,45.0,106.0,False,5.2,False,Left Ventricular Hypertrophy,False,0.8,Down,0.0,Normal,False,False,Moderate,6.0,1
6475,74,Male,20.9,Asymptomatic,117.0,67.0,78.0,150.0,287.0,54.0,222.0,False,4.6,False,Normal,False,0.9,Up,0.0,Normal,False,False,Moderate,9.0,0
59368,36,Female,23.1,Non-anginal Pain,,71.0,70.0,194.0,165.0,51.0,100.0,False,5.4,False,Normal,False,0.0,Up,1.0,Fixed Defect,False,False,Moderate,8.0,0
21634,61,Female,34.7,Asymptomatic,109.0,88.0,60.0,163.0,187.0,74.0,98.0,False,5.4,False,Normal,True,3.7,Flat,1.0,Normal,False,False,High,6.0,0
5731,44,Female,38.1,Typical Angina,142.0,77.0,83.0,152.0,183.0,35.0,126.0,False,5.1,False,Normal,False,0.0,Flat,0.0,Reversible Defect,False,False,Low,2.0,0
12458,69,Female,22.8,Asymptomatic,123.0,85.0,75.0,161.0,203.0,48.0,152.0,False,4.6,False,Normal,False,0.3,Flat,1.0,Normal,True,True,High,8.0,0
1949,71,Male,28.86,Atypical Angina,136.0,90.0,66.0,152.0,175.0,43.0,104.0,True,6.0,False,Normal,False,,Flat,3.0,Reversible Defect,False,False,High,2.0,1
2905,54,Male,26.3,Non-anginal Pain,117.0,80.0,77.0,164.0,175.0,35.0,99.0,True,7.4,True,Normal,False,0.0,Up,0.0,Normal,True,False,Low,8.0,0
51381,52,Male,29.8,Atypical Angina,134.0,86.0,79.0,186.0,232.0,36.0,174.0,False,5.6,False,Normal,False,0.0,Up,1.0,Reversible Defect,True,False,Moderate,10.0,0
15532,45,Male,34.4,Non-anginal Pain,131.0,76.0,64.0,186.0,256.0,49.0,148.0,False,4.8,False,Normal,False,0.0,Up,2.0,Normal,False,False,High,6.0,0
62449,73,Male,31.2,Asymptomatic,122.0,79.0,73.0,130.0,191.0,56.0,114.0,False,5.5,False,ST-T Wave Abnormality,False,0.0,Up,0.0,Reversible Defect,True,False,Low,6.0,1
20700,61,Male,32.3,Non-anginal Pain,137.0,79.0,66.0,134.0,164.0,39.0,116.0,False,5.5,False,Normal,True,0.0,,0.0,Normal,True,True,Moderate,4.0,0
88326,41,Male,25.3,Typical Angina,126.0,86.0,73.0,170.0,218.0,53.0,,False,,False,Normal,True,0.5,Up,2.0,Normal,False,False,High,3.0,0
91278,38,Male,23.1,Non-anginal Pain,115.0,76.0,68.0,155.0,150.0,55.0,69.0,False,5.6,False,Normal,False,0.0,Flat,1.0,Reversible Defect,True,False,High,6.0,1
71569,66,Male,18.17,Non-anginal Pain,130.0,71.0,,156.0,246.0,53.0,164.0,False,5.1,False,Left Ventricular Hypertrophy,False,0.0,Flat,1.0,Normal,False,True,High,4.0,0
81196,51,Male,33.4,Typical Angina,123.0,78.0,63.0,201.0,196.0,48.0,103.0,False,5.1,False,Normal,False,1.1,Up,0.0,Normal,False,True,High,7.0,0
44215,33,Female,26.2,Asymptomatic,102.0,64.0,62.0,203.0,167.0,59.0,91.0,False,5.1,False,Normal,False,0.0,Up,0.0,Normal,False,False,Moderate,6.0,0
84367,54,Male,31.1,Non-anginal Pain,117.0,,78.0,156.0,130.0,20.0,64.0,False,5.1,False,Normal,False,0.0,Flat,0.0,,False,True,Low,6.0,0
88719,48,Male,33.0,Asymptomatic,133.0,78.0,78.0,184.0,121.0,39.0,66.0,False,4.9,False,Normal,False,,Up,2.0,Normal,False,False,Low,5.0,0
49925,45,Female,30.5,Asymptomatic,114.0,76.0,75.0,179.0,266.0,46.0,178.0,False,5.4,False,Normal,False,0.7,Up,0.0,Fixed Defect,False,False,Moderate,6.0,0
67848,53,Female,17.3,Asymptomatic,142.0,92.0,71.0,,,53.0,108.0,False,4.6,False,Normal,False,0.0,Up,0.0,Normal,True,,Moderate,6.0,0
74841,53,Male,29.7,Non-anginal Pain,117.0,96.0,77.0,179.0,145.0,29.0,88.0,False,5.0,False,Normal,False,0.0,Up,0.0,Normal,False,False,Low,5.0,0
64043,30,Female,29.4,Typical Angina,120.0,82.0,66.0,177.0,164.0,57.0,72.0,False,4.9,False,Normal,False,0.0,Flat,2.0,Normal,False,True,Moderate,9.0,0
98883,79,Male,30.7,Atypical Angina,156.0,95.0,98.0,118.0,233.0,56.0,157.0,False,4.9,False,ST-T Wave Abnormality,True,0.9,Flat,0.0,Normal,False,False,Low,6.0,1
25520,77,Male,30.0,Typical Angina,121.0,74.0,77.0,168.0,269.0,58.0,176.0,True,6.3,False,Normal,True,0.0,Up,1.0,Normal,False,True,Low,4.0,0
38825,59,Male,26.0,Asymptomatic,116.0,77.0,64.0,180.0,220.0,,144.0,True,4.7,False,Normal,False,0.1,Up,0.0,Normal,False,False,Moderate,5.0,0
17728,39,Male,31.1,Typical Angina,106.0,78.0,87.0,179.0,168.0,69.0,68.0,False,5.0,False,Normal,False,0.0,Flat,1.0,Reversible Defect,False,False,Moderate,5.0,0
83092,50,Female,27.7,Asymptomatic,115.0,81.0,82.0,166.0,172.0,40.0,,False,5.0,False,Normal,False,0.0,Up,1.0,Normal,False,False,Low,6.0,0
93860,46,Male,24.7,Non-anginal Pain,123.0,78.0,,171.0,,50.0,158.0,False,5.3,False,ST-T Wave Abnormality,False,0.3,Up,1.0,Normal,False,True,Moderate,4.0,1
91412,66,Female,21.2,Asymptomatic,106.0,79.0,68.0,142.0,172.0,65.0,94.0,False,5.1,False,Normal,False,0.3,Up,0.0,Normal,False,False,Low,6.0,0
74576,62,Female,22.6,Atypical Angina,118.0,84.0,75.0,148.0,213.0,54.0,142.0,False,5.4,False,Normal,True,0.5,Up,0.0,Reversible Defect,False,True,Low,5.0,0
45591,62,Male,30.6,Typical Angina,164.0,97.0,86.0,145.0,228.0,40.0,98.0,True,8.6,True,ST-T Wave Abnormality,True,3.0,Flat,1.0,Normal,True,False,Moderate,7.0,1
81423,58,Female,24.3,Asymptomatic,131.0,84.0,79.0,184.0,161.0,52.0,72.0,False,5.5,False,Normal,False,1.7,Flat,0.0,,False,False,Low,,0
71996,33,Male,22.6,Typical Angina,104.0,76.0,67.0,180.0,,55.0,111.0,False,4.8,,Normal,False,1.1,Flat,0.0,Reversible Defect,False,False,High,3.0,0
3197,38,Female,19.0,Asymptomatic,113.0,77.0,70.0,164.0,148.0,44.0,76.0,False,5.4,False,,False,1.0,Flat,3.0,Reversible Defect,False,False,Moderate,5.0,0
44150,56,Male,28.1,Non-anginal Pain,132.0,69.0,75.0,166.0,170.0,37.0,130.0,False,5.4,False,,False,,Up,0.0,Normal,False,True,Moderate,4.0,0
97946,77,Female,33.27,Non-anginal Pain,157.0,88.0,64.0,152.0,234.0,66.0,133.0,True,,True,ST-T Wave Abnormality,False,,Up,2.0,Normal,False,True,High,8.0,1
69849,44,Female,24.41,Non-anginal Pain,112.0,83.0,72.0,163.0,209.0,52.0,142.0,False,5.5,False,Normal,False,4.6,Up,0.0,Normal,True,True,Moderate,5.0,0
64721,33,Female,30.3,Non-anginal Pain,114.0,79.0,66.0,193.0,184.0,64.0,102.0,True,4.6,False,Normal,False,0.5,Up,0.0,Normal,False,False,Moderate,4.0,0
192,38,Female,,Non-anginal Pain,123.0,76.0,60.0,177.0,197.0,64.0,84.0,False,5.1,False,Normal,True,0.0,Up,0.0,Normal,False,False,High,5.0,0
69363,66,Female,23.6,Non-anginal Pain,127.0,77.0,61.0,161.0,160.0,60.0,78.0,False,5.7,False,Normal,False,0.3,Up,0.0,Normal,False,True,Moderate,3.0,0
49702,48,Female,21.6,Non-anginal Pain,101.0,75.0,59.0,169.0,164.0,57.0,85.0,False,4.7,False,Normal,False,0.0,,1.0,Normal,True,False,Moderate,4.0,0
26607,57,Male,,Typical Angina,113.0,73.0,67.0,164.0,187.0,49.0,98.0,False,5.5,False,Normal,False,0.0,Up,1.0,Normal,False,False,Moderate,,0
39092,58,Female,31.5,Non Anginal Pain,137.0,79.0,75.0,156.0,162.0,40.0,116.0,False,4.4,False,,False,,Up,2.0,Normal,False,False,Low,9.0,0
913,63,Female,22.3,Asymptomatic,129.0,86.0,75.0,157.0,205.0,64.0,123.0,False,5.9,False,Normal,False,0.0,Up,0.0,Fixed Defect,False,False,Moderate,8.0,0
39433,77,Male,32.38,Asymptomatic,119.0,79.0,71.0,159.0,296.0,48.0,81.0,False,5.9,True,Normal,False,0.4,Up,0.0,Reversible Defect,False,True,Moderate,4.0,0
19786,46,Female,28.5,Asymptomatic,107.0,81.0,87.0,157.0,140.0,30.0,99.0,False,5.7,False,Normal,False,0.0,Up,1.0,Normal,False,True,Moderate,6.0,0
52812,55,Female,30.2,Non-anginal Pain,132.0,83.0,77.0,164.0,207.0,35.0,127.0,False,5.3,False,Normal,False,0.0,Up,3.0,Normal,False,False,Low,8.0,1
31498,47,Male,28.8,Atypical Angina,119.0,75.0,72.0,179.0,163.0,46.0,109.0,,5.2,False,Normal,False,0.0,Flat,0.0,Normal,False,True,Moderate,3.0,0
60214,31,Female,20.1,Typical Angina,122.0,72.0,60.0,190.0,197.0,53.0,107.0,False,4.8,False,Normal,False,0.0,Up,1.0,Normal,False,False,High,7.0,0
16459,46,Male,29.8,Atypical Angina,114.0,76.0,61.0,148.0,155.0,38.0,95.0,False,5.4,False,Normal,False,0.5,Flat,1.0,Normal,False,True,Low,10.0,1
2476,42,Female,23.6,Non-anginal Pain,193.0,119.0,108.0,183.0,170.0,60.0,,False,5.6,False,Left Ventricular Hypertrophy,True,1.4,Up,0.0,Fixed Defect,False,False,High,3.0,0
87209,33,Female,35.2,Asymptomatic,113.0,83.0,62.0,160.0,188.0,32.0,113.0,False,5.0,False,Normal,False,0.3,Up,0.0,Normal,False,True,Low,2.0,0
38517,35,Male,20.2,Asymptomatic,118.0,82.0,62.0,179.0,164.0,42.0,75.0,False,4.3,False,Normal,False,0.0,Flat,0.0,Normal,False,True,High,9.0,0
4925,78,Female,27.2,Asymptomatic,152.0,97.0,97.0,156.0,227.0,52.0,156.0,False,5.6,False,Left Ventricular Hypertrophy,False,2.2,Up,1.0,Normal,False,False,Low,5.0,1
96790,35,Female,25.9,Atypical Angina,104.0,,73.0,,224.0,60.0,104.0,False,5.1,False,Normal,False,0.0,Up,0.0,Normal,False,False,Moderate,5.0,0
22665,63,Female,23.4,Asymptomatic,111.0,76.0,78.0,161.0,182.0,44.0,121.0,True,8.6,True,Normal,False,,Up,0.0,Normal,False,False,High,8.0,0
70881,79,Male,26.5,Non-anginal Pain,126.0,71.0,75.0,137.0,179.0,37.0,99.0,True,8.3,True,ST-T Wave Abnormality,False,0.1,Up,1.0,Normal,False,False,Low,7.0,1
44850,72,Male,30.7,Typical Angina,126.0,88.0,72.0,146.0,196.0,31.0,126.0,False,5.8,False,Normal,False,0.0,Down,0.0,,False,False,Low,1.0,0
2189,57,Male,37.7,Asymptomatic,129.0,85.0,75.0,168.0,205.0,37.0,133.0,True,7.1,True,Normal,False,0.0,Up,1.0,Normal,False,,Moderate,6.0,1
51915,72,Male,30.7,Typical Angina,132.0,89.0,85.0,157.0,207.0,,124.0,False,5.0,False,Normal,True,2.5,Up,0.0,Reversible Defect,False,True,Low,4.0,1
8889,42,Male,25.2,Non-anginal Pain,125.0,85.0,75.0,164.0,112.0,31.0,65.0,False,4.4,False,,False,0.0,Up,0.0,Normal,True,False,Low,2.0,0
65749,51,Female,28.0,Atypical Angina,109.0,73.0,73.0,166.0,171.0,36.0,115.0,False,5.4,False,Normal,False,0.1,Flat,0.0,Normal,False,True,Moderate,9.0,0
50699,63,Male,30.9,Non-anginal Pain,118.0,83.0,70.0,156.0,148.0,23.0,106.0,False,5.3,False,Normal,False,0.0,Flat,0.0,Normal,False,True,Low,6.0,1
60647,61,Female,23.2,Typical Angina,132.0,82.0,80.0,151.0,220.0,57.0,121.0,False,4.8,False,Normal,False,1.5,Flat,0.0,Normal,False,False,Moderate,7.0,0
81062,50,Male,22.1,Asymptomatic,109.0,69.0,78.0,158.0,204.0,38.0,105.0,True,12.0,True,Normal,False,0.0,Up,0.0,Normal,False,False,Moderate,5.0,0
34618,79,Female,27.5,Asymptomatic,137.0,74.0,65.0,137.0,210.0,42.0,109.0,False,,False,Normal,False,0.0,Down,0.0,Normal,True,False,Moderate,6.0,0
48841,42,Male,27.59,Atypical Angina,119.0,83.0,68.0,164.0,320.0,58.0,210.0,False,5.6,False,Normal,False,0.0,Up,1.0,Normal,True,True,High,1.0,0
26931,47,Male,22.9,Asymptomatic,109.0,71.0,66.0,207.0,181.0,55.0,108.0,True,7.2,True,Normal,False,1.0,Down,0.0,Normal,False,False,High,4.0,0
76148,38,Female,27.7,Asymptomatic,106.0,75.0,80.0,166.0,191.0,42.0,101.0,False,5.2,False,Normal,False,0.0,Up,0.0,,False,False,Low,3.0,0
6593,54,Male,28.8,Non-anginal Pain,119.0,82.0,73.0,171.0,171.0,53.0,68.0,False,5.3,False,Normal,False,0.0,Up,0.0,Normal,False,True,Moderate,2.0,0
27580,42,Female,25.6,Asymptomatic,125.0,78.0,68.0,,210.0,57.0,108.0,False,7.3,True,,False,0.0,Up,0.0,Normal,False,False,High,5.0,0
72748,46,Female,24.2,Atypical Angina,131.0,76.0,79.0,172.0,144.0,,93.0,False,5.0,False,Normal,False,0.0,Flat,0.0,Normal,True,True,Low,8.0,0
95200,75,Female,39.7,Non-anginal Pain,152.0,90.0,78.0,163.0,245.0,61.0,117.0,False,7.3,True,Normal,False,0.0,Up,0.0,Normal,False,False,Moderate,5.0,0
51039,57,Female,34.87,Non-anginal Pain,95.0,70.0,64.0,163.0,169.0,62.0,87.0,False,6.1,False,Normal,False,0.0,,0.0,Normal,False,False,Low,4.0,0
58333,65,Male,,Non-anginal Pain,126.0,89.0,69.0,163.0,210.0,45.0,149.0,False,,False,Normal,False,0.6,Flat,0.0,Fixed Defect,False,False,Low,2.0,1
59786,45,Male,29.4,Typical Angina,99.0,58.0,75.0,168.0,230.0,50.0,165.0,False,5.2,False,Normal,True,0.0,Up,1.0,Normal,False,False,Moderate,5.0,0
47138,37,Female,29.0,Asymptomatic,104.0,75.0,69.0,172.0,,43.0,94.0,False,5.7,False,Normal,False,0.0,Flat,0.0,Normal,False,False,Low,3.0,0
15092,61,Female,33.43,Atypical Angina,129.0,87.0,78.0,139.0,260.0,48.0,,False,5.8,False,,False,0.6,Flat,0.0,Normal,False,False,Low,7.0,0
17390,42,Female,28.2,Asymptomatic,121.0,82.0,67.0,197.0,158.0,36.0,77.0,False,5.5,False,Normal,False,0.0,Up,0.0,Normal,False,False,Moderate,6.0,0
96762,37,Female,36.7,Non-anginal Pain,129.0,85.0,73.0,179.0,283.0,71.0,129.0,True,8.7,True,Normal,False,0.0,Flat,0.0,Normal,False,False,Moderate,3.0,0
13154,59,Female,32.7,Atypical Angina,124.0,78.0,65.0,158.0,165.0,43.0,101.0,False,5.7,False,,False,0.3,Up,0.0,Normal,False,True,Low,5.0,0
58414,70,Male,34.1,Atypical Angina,145.0,85.0,73.0,148.0,154.0,29.0,99.0,False,5.7,False,ST-T Wave Abnormality,False,0.0,Down,1.0,Reversible Defect,True,False,Moderate,6.0,1
29980,62,Male,23.1,Typical Angina,141.0,74.0,79.0,156.0,156.0,49.0,72.0,True,8.6,True,Normal,True,0.6,Flat,0.0,Reversible Defect,False,False,Low,5.0,1
44940,73,Male,34.3,Typical Angina,106.0,75.0,75.0,126.0,237.0,37.0,137.0,True,7.6,True,Normal,False,0.0,Up,0.0,Reversible Defect,False,False,Low,4.0,1
3647,48,Male,34.69,Asymptomatic,133.0,84.0,82.0,164.0,125.0,24.0,82.0,False,5.4,False,Normal,False,0.0,Up,0.0,Reversible Defect,False,True,Low,6.0,0
87857,35,Male,19.4,Non-anginal Pain,127.0,71.0,67.0,152.0,115.0,37.0,,False,4.6,False,Normal,False,0.0,Flat,0.0,Normal,True,False,Low,3.0,0
76397,42,Male,25.46,Atypical Angina,130.0,76.0,55.0,163.0,171.0,46.0,97.0,False,5.2,False,Normal,False,0.0,Flat,0.0,Normal,True,False,Low,5.0,0
76543,78,Female,24.8,Non-anginal Pain,133.0,78.0,61.0,141.0,200.0,72.0,107.0,False,4.9,False,Normal,False,0.0,Up,0.0,Normal,False,False,Moderate,5.0,0
21122,47,Female,28.1,Typical Angina,120.0,83.0,79.0,154.0,183.0,56.0,108.0,True,5.7,False,Normal,False,0.0,Down,0.0,Reversible Defect,False,False,Low,6.0,1
82898,39,Female,20.7,Non-anginal Pain,118.0,68.0,57.0,179.0,158.0,54.0,87.0,False,5.2,,Normal,False,1.0,Up,0.0,Normal,False,True,High,5.0,0
33704,80,Female,26.8,Asymptomatic,139.0,87.0,60.0,114.0,237.0,44.0,154.0,False,5.5,False,Normal,False,0.0,Up,0.0,Reversible Defect,False,False,Low,2.0,1
50858,56,Female,,Non-anginal Pain,119.0,76.0,70.0,164.0,168.0,45.0,100.0,False,4.8,False,Normal,False,0.0,Flat,1.0,Normal,False,False,Moderate,3.0,0
79620,63,Female,31.8,Atypical Angina,134.0,82.0,69.0,151.0,266.0,52.0,154.0,True,6.6,True,Normal,False,5.8,Flat,0.0,Reversible Defect,False,True,Moderate,2.0,0
23720,61,Female,26.83,Non-anginal Pain,134.0,82.0,99.0,153.0,203.0,51.0,111.0,False,6.7,True,Normal,False,0.8,Flat,3.0,Normal,False,False,Low,9.0,0
7628,51,Male,35.95,Typical Angina,120.0,81.0,67.0,163.0,195.0,45.0,113.0,False,5.0,False,Normal,True,1.9,Flat,1.0,Normal,False,True,Low,5.0,1
73803,58,Male,24.9,Atypical Angina,113.0,78.0,78.0,174.0,219.0,43.0,130.0,False,4.8,False,Normal,,0.0,Up,0.0,Normal,False,True,Moderate,7.0,0
31401,36,Female,28.09,Asymptomatic,,78.0,62.0,186.0,193.0,47.0,106.0,False,,False,ST-T Wave Abnormality,True,,Down,1.0,Normal,True,False,Moderate,1.0,1
92861,32,Male,,Asymptomatic,110.0,72.0,70.0,168.0,245.0,41.0,154.0,False,,False,Normal,False,0.0,Up,1.0,Normal,False,False,Moderate,4.0,0
68816,38,Male,30.1,Typical Angina,116.0,78.0,77.0,163.0,160.0,49.0,97.0,True,5.0,False,Normal,True,0.0,Up,0.0,Normal,False,True,Low,4.0,0
19903,63,Male,32.3,Atypical Angina,142.0,74.0,76.0,149.0,,49.0,96.0,False,5.4,False,Normal,False,0.7,Up,1.0,Normal,False,True,Low,7.0,0
54808,43,Female,28.4,Atypical Angina,99.0,84.0,79.0,173.0,156.0,52.0,89.0,False,5.6,False,Normal,False,4.6,Flat,0.0,Normal,False,False,Moderate,6.0,0
61768,55,Male,31.5,Asymptomatic,115.0,69.0,68.0,185.0,201.0,29.0,142.0,False,4.7,False,Normal,False,0.0,Up,0.0,Normal,True,True,Moderate,10.0,1
13166,50,Male,25.55,Typical Angina,144.0,93.0,74.0,154.0,222.0,48.0,151.0,False,5.5,False,ST-T Wave Abnormality,True,0.4,Flat,1.0,Normal,False,False,Low,1.0,1
90592,77,Female,28.2,Atypical Angina,136.0,77.0,69.0,159.0,171.0,51.0,,False,5.9,False,Normal,False,0.0,Down,0.0,Normal,False,False,High,5.0,0
12577,74,Male,27.9,Asymptomatic,137.0,89.0,93.0,153.0,280.0,38.0,212.0,False,5.8,False,,False,0.0,Up,0.0,,True,False,Moderate,5.0,1
51267,78,Female,29.8,Atypical Angina,131.0,75.0,80.0,114.0,174.0,26.0,134.0,False,5.5,False,Normal,,1.0,Flat,2.0,Fixed Defect,False,False,Low,9.0,0
89386,33,Male,25.3,Asymptomatic,104.0,64.0,68.0,188.0,263.0,54.0,181.0,False,5.1,False,Normal,False,0.0,Up,1.0,Normal,False,False,Moderate,3.0,0
14551,73,Female,25.32,Asymptomatic,131.0,87.0,69.0,157.0,228.0,44.0,159.0,False,5.2,False,Normal,False,0.7,Flat,0.0,Normal,False,False,Low,6.0,0
65614,49,Male,25.9,Asymptomatic,133.0,91.0,69.0,130.0,112.0,34.0,47.0,False,4.8,False,Normal,True,2.2,Flat,1.0,Fixed Defect,False,True,Low,9.0,1
90286,32,Male,25.3,Non-anginal Pain,100.0,78.0,70.0,210.0,203.0,38.0,87.0,False,4.8,False,Normal,False,0.0,Up,0.0,Normal,True,False,Moderate,6.0,0
91918,59,Female,29.3,Non-anginal Pain,130.0,81.0,75.0,185.0,159.0,55.0,81.0,False,5.1,False,Normal,True,0.0,Up,1.0,Normal,False,False,High,9.0,0
312,49,Female,30.98,Non-anginal Pain,131.0,78.0,75.0,163.0,207.0,46.0,131.0,False,5.8,False,Left Ventricular Hypertrophy,False,0.8,Up,1.0,Normal,False,True,Low,7.0,1
13821,61,Female,28.3,Asymptomatic,112.0,74.0,73.0,135.0,238.0,60.0,146.0,True,7.2,True,Normal,False,0.0,Up,0.0,Normal,False,False,Moderate,7.0,0
51981,65,Female,26.4,Atypical Angina,137.0,78.0,68.0,177.0,207.0,58.0,,False,5.4,False,ST-T Wave Abnormality,True,0.0,Flat,0.0,Reversible Defect,False,False,High,7.0,1
61386,68,Male,26.2,Asymptomatic,112.0,71.0,63.0,154.0,217.0,49.0,127.0,False,4.9,False,Normal,False,0.0,Flat,0.0,Normal,False,False,Moderate,5.0,0
7012,72,Female,28.1,Asymptomatic,116.0,74.0,62.0,159.0,197.0,51.0,116.0,False,5.7,False,Normal,False,0.0,Up,0.0,Normal,False,False,Moderate,3.0,0
77648,65,Female,35.4,Asymptomatic,135.0,81.0,79.0,157.0,190.0,42.0,117.0,False,5.6,False,Normal,False,0.0,Up,0.0,Normal,False,False,Low,4.0,0
7403,75,Male,34.0,Typical Angina,143.0,85.0,70.0,154.0,206.0,25.0,140.0,False,6.0,False,Normal,False,,Up,2.0,Normal,False,False,Moderate,6.0,1
83406,50,Female,24.0,Typical Angina,127.0,76.0,80.0,161.0,,43.0,173.0,False,5.6,False,Normal,True,,Flat,0.0,Normal,False,False,,7.0,0
15756,69,Female,29.49,Non-anginal Pain,127.0,77.0,72.0,158.0,135.0,40.0,87.0,False,5.5,False,,True,1.0,Up,1.0,Reversible Defect,False,False,,4.0,1
7145,44,Male,24.32,Asymptomatic,106.0,75.0,74.0,178.0,150.0,32.0,91.0,False,5.0,False,Normal,False,0.0,Up,0.0,Normal,False,,Low,6.0,0
23195,70,Female,25.7,Asymptomatic,141.0,90.0,76.0,165.0,203.0,52.0,133.0,False,5.9,False,Normal,False,0.1,Up,3.0,Normal,False,False,Moderate,7.0,0
18067,76,Male,28.3,Atypical Angina,133.0,71.0,65.0,161.0,231.0,59.0,142.0,True,8.8,True,Normal,False,0.0,Up,0.0,Normal,False,False,Low,4.0,0
24999,52,Male,28.8,Non-anginal Pain,119.0,86.0,77.0,165.0,159.0,51.0,88.0,False,5.9,False,ST-T Wave Abnormality,False,0.5,Up,1.0,Normal,False,False,High,7.0,0
19977,42,Male,37.6,Typical Angina,130.0,87.0,81.0,157.0,177.0,41.0,96.0,False,5.6,False,Normal,False,0.0,Down,0.0,Normal,False,False,Moderate,4.0,1
98560,39,Female,21.5,Atypical Angina,113.0,,78.0,,272.0,51.0,175.0,False,5.2,False,Normal,False,0.6,Up,0.0,Normal,False,True,Low,6.0,0
82567,56,Female,25.5,Asymptomatic,121.0,80.0,66.0,176.0,151.0,44.0,100.0,False,6.2,False,Normal,False,0.0,Up,,Reversible Defect,False,False,Moderate,7.0,0
47177,37,Female,23.7,Asymptomatic,99.0,70.0,73.0,151.0,204.0,63.0,88.0,False,4.7,False,Normal,False,1.6,Flat,0.0,Normal,False,False,Low,6.0,0
34327,58,Male,23.0,Non-anginal Pain,136.0,77.0,65.0,184.0,161.0,,79.0,False,5.4,False,Left Ventricular Hypertrophy,False,0.0,Flat,3.0,Normal,False,False,High,3.0,0
55344,62,Male,26.68735,Asymptomatic,118.0,77.0,78.0,169.0,,24.0,117.0,False,4.9,False,Normal,False,0.0,Up,0.0,Normal,False,False,Moderate,7.0,0
41306,56,Male,31.83,Asymptomatic,112.0,85.0,73.0,158.0,159.0,43.0,99.0,False,5.8,True,Normal,False,0.0,Up,1.0,Fixed Defect,False,False,Low,5.0,0
32179,59,Female,27.04,Non-anginal Pain,134.0,82.0,82.0,176.0,199.0,53.0,115.0,False,5.1,False,Normal,False,0.0,Up,0.0,Normal,True,False,Moderate,7.0,0
92937,55,Female,23.6,Non-anginal Pain,118.0,81.0,64.0,156.0,,50.0,138.0,False,6.0,False,Normal,False,0.0,Flat,1.0,Normal,False,False,Moderate,8.0,0
32601,68,Female,28.0,Non-anginal Pain,,77.0,73.0,164.0,211.0,59.0,136.0,False,,False,Normal,False,,Flat,0.0,,False,False,High,10.0,0
64689,68,Male,28.6,Atypical Angina,108.0,62.0,70.0,140.0,,,,True,11.2,True,Normal,False,2.2,Flat,2.0,Normal,False,False,Moderate,3.0,0
71273,54,Male,26.6,Asymptomatic,123.0,66.0,,175.0,213.0,56.0,98.0,False,5.2,False,Normal,False,0.0,Flat,0.0,Normal,False,True,Moderate,5.0,0
69275,57,Female,23.5,Non-anginal Pain,118.0,71.0,85.0,159.0,139.0,61.0,60.0,False,5.5,False,Normal,False,0.4,Up,0.0,Normal,True,False,Moderate,9.0,0
28957,63,Male,29.3,Non-anginal Pain,116.0,81.0,71.0,139.0,158.0,45.0,82.0,True,5.5,False,Normal,False,0.0,Flat,3.0,Normal,False,False,Low,9.0,1
21698,82,Male,35.3,Non-anginal Pain,137.0,83.0,72.0,141.0,153.0,43.0,91.0,False,5.6,False,Normal,False,0.0,Up,1.0,Normal,False,False,Low,6.0,1
66090,57,Male,28.06,Asymptomatic,133.0,86.0,83.0,167.0,174.0,52.0,86.0,False,5.8,True,Normal,False,2.1,Flat,1.0,Reversible Defect,False,False,Low,8.0,0
38388,65,Female,23.2,Asymptomatic,117.0,80.0,70.0,164.0,176.0,40.0,108.0,False,5.4,False,Normal,False,0.0,Up,1.0,Normal,False,False,Moderate,6.0,1
29526,40,Male,30.8,Atypical Angina,102.0,71.0,75.0,186.0,156.0,48.0,86.0,False,4.8,False,Normal,False,0.0,Up,0.0,Reversible Defect,False,False,High,6.0,0
38541,36,Male,33.9,Asymptomatic,122.0,85.0,78.0,170.0,202.0,41.0,117.0,False,5.2,False,Normal,False,0.0,Up,0.0,Normal,False,False,Moderate,3.0,0
37135,67,Male,,Non-anginal Pain,152.0,88.0,81.0,144.0,138.0,40.0,72.0,False,5.6,False,Normal,True,5.8,Flat,2.0,Normal,True,False,Low,,1
63413,44,Male,17.8,Atypical Angina,126.0,81.0,80.0,169.0,159.0,50.0,81.0,False,5.1,False,Normal,False,0.0,Flat,0.0,Normal,False,False,Moderate,7.0,0
47707,37,Female,18.2,Asymptomatic,91.0,74.0,71.0,186.0,149.0,41.0,95.0,False,5.1,False,Normal,False,0.0,Up,0.0,,True,False,Moderate,4.0,0
19426,74,Male,29.0,Asymptomatic,138.0,87.0,73.0,166.0,226.0,38.0,165.0,False,5.0,False,Normal,False,0.0,Down,0.0,Normal,True,False,Moderate,3.0,0
23250,41,Male,26.6,Atypical Angina,101.0,77.0,59.0,180.0,177.0,54.0,115.0,,5.6,False,Normal,True,0.0,Up,0.0,Normal,False,True,High,4.0,0
39303,59,Male,22.9,Non-anginal Pain,131.0,82.0,73.0,153.0,141.0,,82.0,False,5.0,False,Normal,False,0.7,Up,1.0,Normal,True,True,Low,4.0,0
2932,42,Female,25.7,Atypical Angina,131.0,86.0,76.0,185.0,332.0,47.0,239.0,False,4.6,False,Normal,False,0.3,Flat,1.0,Normal,False,False,Moderate,7.0,0
34170,63,Male,36.1,Asymptomatic,125.0,83.0,83.0,140.0,192.0,37.0,126.0,False,5.4,False,Normal,False,0.0,Flat,0.0,Normal,False,False,Low,8.0,0
32365,55,Female,29.4,Atypical Angina,124.0,93.0,69.0,148.0,162.0,51.0,73.0,False,5.4,False,Normal,False,0.0,Up,0.0,Reversible Defect,True,False,Low,5.0,0
77477,66,Male,29.0,Asymptomatic,119.0,77.0,81.0,143.0,250.0,51.0,,,8.2,True,Normal,False,1.4,Flat,3.0,Normal,True,False,Moderate,8.0,1
84549,79,Male,34.1,Non-anginal Pain,131.0,69.0,82.0,117.0,172.0,38.0,119.0,True,11.7,True,Normal,False,0.0,Flat,0.0,Reversible Defect,True,False,Low,2.0,0
60261,28,Male,25.3,Asymptomatic,121.0,73.0,80.0,188.0,177.0,41.0,112.0,False,4.7,False,,False,0.0,Flat,1.0,Normal,True,False,Moderate,3.0,0
62801,71,Female,30.7,Asymptomatic,123.0,73.0,73.0,130.0,,52.0,236.0,False,5.2,False,,False,0.0,Flat,1.0,Reversible Defect,False,False,Moderate,5.0,0
5862,61,Male,29.63,,135.0,83.0,58.0,150.0,257.0,55.0,153.0,False,4.8,False,Normal,True,,Up,0.0,Normal,False,False,Moderate,4.0,0
77907,57,Male,,Asymptomatic,97.0,64.0,81.0,170.0,189.0,37.0,106.0,False,,False,Normal,False,1.8,Flat,0.0,Normal,False,False,Low,3.0,0
38262,57,Male,27.2,Non-anginal Pain,125.0,,56.0,169.0,,39.0,158.0,False,5.0,False,Normal,False,0.0,Up,1.0,normal,True,False,,6.0,0
73402,70,Male,25.59,Asymptomatic,137.0,85.0,64.0,159.0,224.0,38.0,176.0,True,7.3,True,ST-T Wave Abnormality,False,1.3,Flat,1.0,Normal,True,False,Low,10.0,1
84505,50,Male,24.4,Asymptomatic,112.0,85.0,45.0,170.0,207.0,53.0,108.0,False,5.4,False,Normal,True,0.0,Up,1.0,Normal,True,False,High,5.0,0
5390,47,Female,26.2,Asymptomatic,123.0,72.0,45.0,165.0,192.0,57.0,97.0,False,4.6,False,Normal,False,0.8,Flat,0.0,Normal,False,False,High,5.0,0
80004,66,Female,39.7,Non-anginal Pain,133.0,82.0,84.0,168.0,219.0,39.0,141.0,True,5.5,False,ST-T Wave Abnormality,True,0.3,Up,1.0,Fixed Defect,False,False,High,6.0,0
63264,66,Male,31.24,Atypical Angina,,75.0,76.0,155.0,279.0,38.0,214.0,False,6.2,False,Normal,False,,Flat,0.0,Normal,False,False,Moderate,6.0,1
16836,31,Male,28.11,Asymptomatic,93.0,65.0,75.0,168.0,106.0,36.0,61.0,False,5.1,False,Normal,False,4.8,Flat,0.0,Normal,False,False,Low,8.0,0
43280,75,Male,29.5,Atypical Angina,136.0,85.0,59.0,155.0,188.0,32.0,129.0,True,7.0,True,Normal,True,0.0,Up,0.0,Fixed Defect,False,True,Moderate,2.0,0
33089,68,Female,26.9,Non-anginal Pain,130.0,80.0,74.0,170.0,157.0,41.0,96.0,False,5.2,False,Normal,False,1.2,Flat,,Reversible Defect,False,True,Moderate,4.0,0
65866,61,Female,30.21,Non-anginal Pain,127.0,,75.0,150.0,201.0,59.0,,False,5.2,False,Normal,False,2.5,Flat,1.0,Reversible Defect,False,True,Low,10.0,1
55512,60,Male,28.6,Asymptomatic,126.0,78.0,55.0,169.0,196.0,45.0,109.0,False,4.7,False,Normal,,0.0,Up,1.0,Normal,False,False,High,5.0,0
75015,56,Female,25.0,Non-anginal Pain,117.0,81.0,56.0,136.0,171.0,48.0,107.0,False,4.5,False,Normal,False,0.4,Flat,1.0,Normal,False,False,Moderate,4.0,0
13119,37,Male,33.35,Asymptomatic,105.0,81.0,76.0,162.0,133.0,32.0,61.0,False,5.0,False,Normal,False,0.6,Up,0.0,Normal,True,False,Moderate,7.0,0
72634,62,Male,26.4,Asymptomatic,151.0,84.0,74.0,140.0,177.0,39.0,119.0,False,5.5,False,Normal,False,0.0,Flat,1.0,Normal,True,True,Low,3.0,0
93365,65,Female,29.1,Non-anginal Pain,121.0,,77.0,142.0,,46.0,154.0,False,5.5,False,Normal,False,0.0,Flat,0.0,Reversible Defect,True,True,Moderate,5.0,1
87346,65,Male,31.8,Asymptomatic,115.0,67.0,76.0,164.0,281.0,62.0,190.0,False,5.1,False,Normal,False,0.7,Up,1.0,Normal,False,False,High,2.0,0
31129,36,Female,23.8,Asymptomatic,112.0,88.0,55.0,195.0,134.0,43.0,58.0,False,5.4,False,Normal,False,0.0,Up,0.0,Normal,False,False,Moderate,6.0,0
13400,29,Male,26.6,Non-anginal Pain,108.0,78.0,67.0,188.0,,,,,4.8,False,Normal,False,0.0,Flat,0.0,Normal,False,False,Moderate,2.0,0
61441,29,Female,26.4,Asymptomatic,112.0,76.0,64.0,187.0,196.0,67.0,70.0,False,5.1,False,Normal,False,0.0,Up,0.0,Normal,False,True,Moderate,6.0,0
49304,45,Male,31.5,Asymptomatic,133.0,95.0,84.0,161.0,190.0,22.0,154.0,False,5.4,False,Normal,True,3.3,Flat,1.0,Reversible Defect,True,False,Low,9.0,1
32922,41,Male,28.8,Typical Angina,125.0,75.0,85.0,185.0,173.0,45.0,97.0,True,8.1,True,Normal,False,2.1,Up,0.0,Normal,False,False,Low,5.0,0
48512,34,Male,25.2,Asymptomatic,123.0,85.0,73.0,178.0,169.0,31.0,112.0,False,4.2,False,Normal,False,0.0,Flat,0.0,Normal,False,False,Moderate,3.0,1
78706,36,Female,23.3,Atypical Angina,117.0,76.0,66.0,181.0,200.0,46.0,138.0,False,5.3,False,Normal,False,0.0,Flat,1.0,Normal,False,True,Moderate,4.0,0
55089,51,Female,22.3,Atypical Angina,127.0,85.0,71.0,147.0,168.0,58.0,84.0,False,5.1,False,Normal,False,5.1,Flat,0.0,Normal,False,True,Moderate,5.0,0
86255,69,Female,20.7,Asymptomatic,136.0,74.0,73.0,167.0,180.0,52.0,108.0,False,5.1,False,Normal,False,0.9,Flat,2.0,Reversible Defect,False,True,Moderate,4.0,1
11814,64,Male,33.9,Non-anginal Pain,138.0,85.0,80.0,144.0,138.0,44.0,93.0,False,5.2,False,ST-T Wave Abnormality,False,,Flat,0.0,Normal,False,False,Low,5.0,0
72307,70,Male,30.2,Atypical Angina,142.0,89.0,68.0,152.0,,,,False,5.8,False,Normal,False,0.0,Flat,1.0,Reversible Defect,False,False,High,4.0,1
18069,65,Male,,Typical Angina,129.0,81.0,58.0,151.0,190.0,47.0,106.0,False,5.3,False,Normal,False,0.0,Flat,0.0,Reversible Defect,False,False,Moderate,8.0,1
65870,65,Female,26.6,Non-anginal Pain,146.0,83.0,,151.0,148.0,33.0,84.0,True,6.0,True,Normal,False,1.0,Up,0.0,Normal,False,False,Low,3.0,0
75046,35,Female,22.8,Atypical Angina,93.0,75.0,67.0,185.0,198.0,56.0,123.0,False,,False,Normal,True,1.2,Up,0.0,Normal,False,True,Moderate,2.0,0
21434,67,Male,34.1,Asymptomatic,138.0,83.0,73.0,182.0,191.0,34.0,134.0,False,5.3,False,Left Ventricular Hypertrophy,False,0.0,Up,2.0,Normal,False,False,Moderate,6.0,0
46998,45,Male,28.77,,122.0,76.0,70.0,171.0,264.0,,191.0,False,5.3,False,Normal,False,0.2,Flat,0.0,Reversible Defect,True,False,Low,6.0,0
49238,44,Male,19.8,Asymptomatic,96.0,64.0,74.0,164.0,141.0,46.0,91.0,False,5.5,False,Normal,False,0.0,Flat,1.0,Normal,True,True,High,4.0,0
1237,54,Female,25.3,Asymptomatic,119.0,86.0,66.0,177.0,178.0,59.0,107.0,False,5.2,False,Normal,False,0.0,Flat,0.0,Normal,False,False,Moderate,4.0,0
66064,63,Male,,Asymptomatic,136.0,,75.0,159.0,217.0,54.0,140.0,False,5.5,False,Left Ventricular Hypertrophy,True,1.1,Flat,3.0,Normal,False,True,Moderate,6.0,1
14749,64,Female,21.3,Non-anginal Pain,109.0,72.0,64.0,162.0,198.0,54.0,129.0,True,6.0,False,Normal,False,0.0,Up,0.0,Normal,False,False,Moderate,6.0,0
12392,62,Female,21.2,Asymptomatic,124.0,65.0,69.0,162.0,201.0,33.0,148.0,False,5.2,False,,False,0.0,Flat,3.0,Normal,False,True,Moderate,5.0,0
94661,52,Male,28.4,Asymptomatic,121.0,71.0,84.0,155.0,156.0,32.0,120.0,False,5.7,False,Normal,False,0.4,Up,1.0,Normal,True,False,Low,7.0,0
54443,78,Female,26.6,Asymptomatic,128.0,79.0,75.0,120.0,220.0,65.0,132.0,False,4.8,False,Normal,True,0.0,Up,0.0,Normal,False,True,High,5.0,0
67982,85,Male,,Asymptomatic,164.0,86.0,70.0,128.0,303.0,39.0,224.0,True,8.5,False,Normal,True,4.5,Flat,0.0,Normal,True,True,Low,2.0,1
66944,57,Female,30.1,Atypical Angina,122.0,74.0,66.0,158.0,286.0,58.0,219.0,False,,False,Normal,False,0.0,Up,0.0,Normal,False,False,High,5.0,0
42043,69,Female,24.2,Non-anginal Pain,146.0,80.0,65.0,139.0,227.0,56.0,99.0,False,5.5,True,ST-T Wave Abnormality,False,0.0,Up,0.0,Normal,False,False,Low,5.0,0
7005,46,Male,30.4,Non-anginal Pain,110.0,69.0,72.0,163.0,166.0,60.0,73.0,False,5.4,False,Normal,True,2.8,Flat,3.0,Normal,True,True,Moderate,4.0,1
14579,45,Female,32.5,Non-anginal Pain,112.0,79.0,86.0,185.0,152.0,,81.0,False,5.4,True,,False,0.0,Up,2.0,Normal,False,True,Low,10.0,0
14490,84,Female,28.5,Atypical Angina,111.0,81.0,74.0,137.0,149.0,44.0,93.0,False,5.3,False,ST-T Wave Abnormality,False,2.2,Up,1.0,Normal,False,True,Moderate,5.0,0
19530,51,Female,29.9,Atypical Angina,125.0,69.0,80.0,172.0,145.0,37.0,105.0,False,5.1,False,Normal,False,1.4,Flat,1.0,Normal,,True,Moderate,8.0,0
77923,28,Male,26.59,Non-anginal Pain,92.0,60.0,80.0,186.0,181.0,50.0,112.0,False,4.7,False,Normal,False,0.0,Flat,0.0,Normal,False,False,High,7.0,0
1918,55,Male,34.02,Typical Angina,108.0,70.0,69.0,176.0,174.0,48.0,98.0,True,6.3,True,Normal,False,0.0,Flat,0.0,Reversible Defect,False,True,Moderate,2.0,1
31469,78,Female,40.3,Atypical Angina,142.0,87.0,76.0,141.0,169.0,33.0,118.0,False,5.9,False,Normal,True,0.7,Flat,0.0,Normal,False,False,Low,7.0,1
6714,39,Male,32.6,Atypical Angina,108.0,66.0,91.0,184.0,187.0,52.0,114.0,False,,False,Normal,False,0.8,Flat,0.0,,False,False,High,9.0,0
33929,39,Male,24.0,Asymptomatic,129.0,80.0,72.0,163.0,154.0,49.0,86.0,False,5.1,False,Normal,False,0.9,Up,0.0,Normal,False,True,Low,8.0,0
60700,44,Male,30.32,Non-anginal Pain,108.0,59.0,,159.0,175.0,39.0,111.0,False,5.4,False,Normal,False,0.0,Up,0.0,Normal,False,False,Moderate,6.0,0
27326,52,Male,39.5,Asymptomatic,116.0,86.0,74.0,167.0,229.0,38.0,175.0,False,6.0,False,Normal,False,0.0,Up,0.0,Reversible Defect,False,False,High,5.0,0
25351,78,Male,32.9,Non-anginal Pain,117.0,80.0,67.0,123.0,,49.0,129.0,True,6.2,True,Normal,False,,Down,0.0,Normal,False,True,Moderate,3.0,1
64805,51,Male,27.4,Asymptomatic,129.0,80.0,58.0,166.0,202.0,58.0,99.0,False,4.6,False,Normal,False,2.1,Flat,0.0,Normal,False,False,Moderate,7.0,0
74238,63,Male,34.1,Typical Angina,114.0,78.0,111.0,131.0,217.0,32.0,145.0,False,5.4,False,Normal,False,0.3,Up,3.0,Normal,False,False,Low,3.0,1
86897,48,Female,25.7,Non-anginal Pain,120.0,75.0,67.0,171.0,,,,False,5.6,False,Normal,False,0.0,Flat,0.0,Normal,False,False,Low,1.0,0
23366,41,Male,19.1,Typical Angina,90.0,74.0,67.0,174.0,239.0,58.0,149.0,False,5.8,,Normal,False,0.0,Flat,0.0,Normal,False,False,Moderate,6.0,0
31438,59,Female,33.0,Non-anginal Pain,111.0,72.0,83.0,145.0,207.0,61.0,129.0,False,5.2,False,Normal,False,0.0,Up,0.0,Normal,False,False,Moderate,7.0,0
20111,47,Male,21.8,Atypical Angina,110.0,76.0,73.0,178.0,,38.0,119.0,False,5.2,False,Normal,False,0.0,Up,0.0,Normal,True,False,Moderate,6.0,0
92012,79,Female,28.7,Typical Angina,122.0,88.0,89.0,136.0,222.0,48.0,132.0,False,5.3,False,,False,,Flat,3.0,Normal,False,False,Low,5.0,1
98509,31,Female,22.89,Asymptomatic,110.0,78.0,63.0,188.0,155.0,47.0,96.0,False,5.0,False,ST-T Wave Abnormality,False,0.0,Up,2.0,Normal,True,False,High,6.0,1
55016,26,Female,30.8,Non-anginal Pain,109.0,79.0,,180.0,201.0,52.0,105.0,False,5.1,False,Normal,False,0.0,Down,0.0,Reversible Defect,False,True,,4.0,0
92585,31,Male,27.71,Asymptomatic,101.0,69.0,77.0,172.0,148.0,35.0,89.0,False,5.1,False,Normal,,0.4,Up,0.0,Normal,False,False,Moderate,3.0,0
81072,76,Male,34.2,Asymptomatic,160.0,94.0,,148.0,170.0,47.0,100.0,False,5.8,False,Left Ventricular Hypertrophy,False,0.0,Flat,1.0,Normal,False,False,Low,5.0,1
1726,46,Male,16.0,Asymptomatic,118.0,73.0,67.0,163.0,167.0,41.0,99.0,False,5.4,False,Normal,True,0.0,Up,0.0,Reversible Defect,True,False,Moderate,3.0,0
64257,61,Female,33.4,Asymptomatic,136.0,95.0,90.0,142.0,176.0,44.0,118.0,False,5.8,False,Normal,False,0.0,Up,0.0,Normal,False,True,Low,7.0,0
221,31,Male,26.2,Typical Angina,112.0,77.0,70.0,172.0,171.0,46.0,104.0,False,5.3,False,Normal,True,0.0,Flat,0.0,Normal,False,True,Moderate,2.0,0
45851,81,Male,35.42,Asymptomatic,136.0,90.0,86.0,146.0,171.0,29.0,121.0,True,9.3,True,Normal,False,0.0,Up,2.0,Normal,False,True,Low,4.0,1
18713,33,Male,26.77,Asymptomatic,115.0,77.0,68.0,176.0,216.0,39.0,156.0,False,5.3,False,Normal,False,0.2,Up,0.0,Normal,False,False,Low,7.0,0
77101,80,Female,27.89,Atypical Angina,142.0,77.0,83.0,138.0,245.0,,160.0,True,8.7,True,Left Ventricular Hypertrophy,False,0.0,Up,1.0,Normal,False,False,Moderate,3.0,1
48046,55,Female,32.18,Non-anginal Pain,143.0,90.0,67.0,154.0,224.0,58.0,137.0,False,5.6,False,Normal,True,0.0,Up,0.0,Reversible Defect,False,False,Low,6.0,0
6630,50,Male,34.0,Atypical Angina,113.0,82.0,75.0,155.0,190.0,60.0,,False,5.4,False,Normal,True,0.0,Up,0.0,Normal,False,False,Low,4.0,1
59952,50,Female,26.1,Asymptomatic,118.0,86.0,70.0,181.0,205.0,51.0,99.0,False,4.8,False,Normal,False,0.0,Up,0.0,Normal,False,False,Low,7.0,0
29506,77,Male,30.2,Asymptomatic,142.0,82.0,72.0,136.0,237.0,49.0,155.0,False,5.7,False,Left Ventricular Hypertrophy,False,0.0,Up,1.0,Normal,True,False,Low,6.0,1
40037,74,Female,28.6,Typical Angina,124.0,93.0,,156.0,189.0,48.0,130.0,True,10.7,True,ST-T Wave Abnormality,False,0.0,Flat,3.0,Normal,False,True,High,3.0,1
56510,42,Female,29.7,Asymptomatic,113.0,70.0,64.0,202.0,231.0,41.0,157.0,False,4.9,False,Normal,True,0.0,Up,0.0,Normal,True,False,Low,4.0,0
29872,38,Male,33.1,Asymptomatic,97.0,68.0,65.0,182.0,161.0,32.0,107.0,True,8.2,True,Normal,False,0.0,Up,0.0,Normal,False,False,Low,6.0,0
69599,78,Female,40.1,Asymptomatic,132.0,76.0,85.0,116.0,243.0,57.0,133.0,True,7.2,True,Normal,False,0.0,Flat,0.0,Normal,False,False,Low,4.0,0
76505,52,Male,26.1,Non-anginal Pain,126.0,74.0,77.0,144.0,204.0,48.0,129.0,True,8.8,True,ST-T Wave Abnormality,False,0.0,Flat,0.0,Normal,False,False,Moderate,4.0,0
90427,53,Female,25.9,Atypical Angina,95.0,74.0,69.0,150.0,215.0,55.0,136.0,False,4.7,False,Normal,True,0.0,Up,1.0,Normal,False,False,Moderate,6.0,0
27808,45,Male,20.8,Asymptomatic,112.0,70.0,79.0,176.0,187.0,73.0,101.0,False,4.5,False,ST-T Wave Abnormality,False,0.0,Flat,0.0,Normal,False,False,Moderate,8.0,0
35311,40,Female,17.8,Asymptomatic,123.0,73.0,65.0,165.0,,,,False,5.3,False,Normal,False,0.7,Flat,2.0,Reversible Defect,True,True,Moderate,6.0,1
83302,66,Female,23.2,Atypical Angina,109.0,72.0,80.0,157.0,208.0,49.0,138.0,False,5.2,False,Normal,False,0.3,Up,0.0,Normal,False,False,Low,3.0,1
18394,77,Female,32.9,Non-anginal Pain,144.0,87.0,62.0,148.0,167.0,46.0,90.0,False,4.9,False,Normal,False,0.0,Flat,3.0,Normal,True,True,Low,6.0,1
64000,39,Female,31.6,Atypical Angina,115.0,69.0,77.0,164.0,173.0,39.0,112.0,False,5.4,False,Normal,True,0.0,Up,1.0,Normal,False,,Low,5.0,0
27108,59,Female,34.9,Non-anginal Pain,122.0,83.0,69.0,144.0,206.0,42.0,129.0,False,5.4,False,Normal,False,0.0,Flat,0.0,Reversible Defect,False,False,Moderate,9.0,1
14644,39,Male,36.2,Asymptomatic,107.0,71.0,65.0,175.0,193.0,33.0,131.0,False,5.0,False,Normal,False,0.0,Up,0.0,Normal,False,False,Moderate,5.0,0
76596,32,Female,20.9,Typical Angina,115.0,70.0,69.0,196.0,216.0,56.0,132.0,False,5.4,False,Normal,False,1.3,Flat,0.0,Fixed Defect,True,True,High,6.0,0
6563,66,Male,32.1,Atypical Angina,139.0,81.0,67.0,152.0,158.0,20.0,135.0,False,5.3,False,ST-T Wave Abnormality,False,0.0,Flat,2.0,,True,False,Low,6.0,1
28204,80,Male,,Typical Angina,200.0,103.0,73.0,129.0,161.0,38.0,116.0,False,5.6,False,Normal,True,1.0,Up,3.0,Normal,False,False,Moderate,7.0,1
54983,51,Male,29.0,Atypical Angina,114.0,68.0,81.0,149.0,130.0,51.0,63.0,False,5.4,False,Normal,True,0.0,Up,0.0,Normal,False,False,Low,8.0,0
69635,63,FEMALE,29.12,Asymptomatic,132.0,85.0,76.0,164.0,190.0,41.0,,False,5.5,False,Normal,True,1.2,Up,1.0,Normal,False,True,Moderate,3.0,1
7962,76,Female,29.2,Non-anginal Pain,147.0,87.0,76.0,136.0,160.0,60.0,89.0,True,8.8,True,Normal,True,0.0,Up,0.0,Fixed Defect,False,False,Low,4.0,0
69660,86,Female,24.5,Typical Angina,163.0,97.0,91.0,120.0,190.0,,135.0,False,5.4,False,Normal,True,0.7,Flat,1.0,Normal,False,False,,8.0,1
7850,50,Female,37.74,Typical Angina,145.0,100.0,58.0,173.0,215.0,59.0,118.0,False,5.2,False,Normal,False,0.0,Up,0.0,Normal,False,False,Moderate,7.0,0
62981,65,Female,20.9,Atypical Angina,124.0,72.0,72.0,167.0,203.0,54.0,124.0,False,4.7,,Left Ventricular Hypertrophy,True,5.4,Flat,,Normal,False,False,High,9.0,0
65231,37,Male,22.2,Asymptomatic,117.0,74.0,67.0,160.0,197.0,48.0,121.0,False,5.3,False,Normal,False,0.0,Flat,1.0,Normal,False,False,Moderate,6.0,0
50109,41,Female,27.7,Non-anginal Pain,121.0,85.0,67.0,177.0,154.0,52.0,63.0,False,,False,Normal,True,4.4,Up,0.0,,False,True,Moderate,5.0,0
29860,79,Male,22.4,Asymptomatic,132.0,81.0,84.0,138.0,214.0,59.0,138.0,False,5.2,False,Left Ventricular Hypertrophy,False,0.0,Flat,1.0,Normal,True,True,Low,6.0,1
61512,85,Male,28.0,Typical Angina,147.0,96.0,69.0,115.0,168.0,49.0,102.0,False,5.2,False,Normal,True,1.1,Flat,2.0,Normal,False,False,Low,5.0,1
39151,71,Male,26.0,Atypical Angina,126.0,62.0,80.0,144.0,177.0,20.0,,False,5.1,False,Normal,False,0.0,Up,1.0,Normal,False,False,Moderate,3.0,0
52575,49,Male,25.7,Asymptomatic,129.0,84.0,81.0,154.0,159.0,42.0,100.0,False,5.9,False,Normal,False,3.0,Flat,0.0,Normal,False,True,Low,7.0,0
46173,47,Male,22.9,Non-anginal Pain,112.0,67.0,77.0,165.0,221.0,42.0,155.0,False,5.7,False,Normal,False,0.0,Down,0.0,Normal,False,False,Moderate,8.0,0
35307,52,Female,32.7,Asymptomatic,128.0,,64.0,178.0,188.0,,116.0,False,6.6,True,Normal,True,1.5,Flat,0.0,Normal,False,False,Moderate,6.0,0
35868,39,Male,28.3,Atypical Angina,111.0,67.0,75.0,209.0,151.0,55.0,71.0,False,5.4,False,Normal,False,0.0,Flat,0.0,Normal,True,False,Moderate,6.0,0
96251,58,Female,23.9,Asymptomatic,122.0,63.0,67.0,160.0,,36.0,80.0,False,4.8,False,ST-T Wave Abnormality,False,0.3,Flat,0.0,Normal,False,False,Moderate,8.0,0
51217,57,Female,25.8,Non-anginal Pain,125.0,84.0,84.0,178.0,180.0,53.0,108.0,False,5.4,False,Normal,False,0.0,Flat,0.0,Normal,False,True,Low,9.0,1
3338,64,Female,26.45,Asymptomatic,142.0,88.0,60.0,185.0,251.0,65.0,,True,8.5,True,,False,0.0,Up,0.0,Normal,False,False,High,6.0,0
49033,47,Male,34.87,Non-anginal Pain,105.0,67.0,71.0,159.0,194.0,29.0,142.0,False,5.8,False,Normal,False,0.0,Up,0.0,Normal,True,False,Moderate,7.0,0
33028,39,Female,25.5,Atypical Angina,119.0,66.0,70.0,184.0,157.0,42.0,94.0,False,5.4,False,Normal,False,0.0,Up,0.0,Reversible Defect,False,False,Moderate,5.0,0
89877,61,Male,24.8,Atypical Angina,127.0,71.0,73.0,151.0,222.0,60.0,120.0,True,8.0,True,Normal,True,0.0,Up,2.0,Reversible Defect,False,False,High,4.0,0
71697,44,Female,21.7,Non-anginal Pain,121.0,80.0,71.0,181.0,143.0,58.0,74.0,False,4.8,False,Normal,False,0.0,Flat,0.0,Normal,False,False,Low,5.0,0
65515,68,Male,25.57,Asymptomatic,121.0,77.0,101.0,177.0,185.0,34.0,128.0,False,5.3,False,Normal,False,0.5,Up,0.0,Normal,False,True,Low,9.0,0
92599,63,Male,32.2,Asymptomatic,135.0,90.0,80.0,146.0,237.0,55.0,109.0,True,7.7,False,ST-T Wave Abnormality,False,1.3,Flat,1.0,Normal,False,False,High,7.0,1
22047,50,Male,18.9,Asymptomatic,115.0,79.0,69.0,203.0,120.0,47.0,61.0,False,4.6,False,Normal,False,,Up,0.0,Normal,False,False,High,10.0,0
77563,59,Male,24.8,Asymptomatic,108.0,71.0,52.0,176.0,202.0,49.0,104.0,True,7.6,True,Normal,False,0.0,Up,0.0,Normal,False,False,Low,2.0,0
32709,67,Male,26.9,Non-anginal Pain,139.0,75.0,81.0,144.0,200.0,27.0,165.0,True,5.5,False,Normal,False,0.0,Flat,3.0,Fixed Defect,False,False,Low,8.0,1
42558,76,Male,32.96,Atypical Angina,150.0,94.0,78.0,154.0,221.0,72.0,120.0,False,5.3,False,ST-T Wave Abnormality,False,0.0,Down,1.0,Normal,False,False,Low,5.0,1
71066,46,Male,23.9,Asymptomatic,107.0,65.0,59.0,185.0,200.0,48.0,123.0,True,6.5,True,Normal,True,0.0,Flat,0.0,Normal,False,True,High,6.0,0
87673,37,Male,25.6,Atypical Angina,105.0,71.0,62.0,158.0,183.0,28.0,,False,5.7,False,Normal,False,0.3,Up,0.0,Normal,True,True,Moderate,3.0,0
46900,67,Female,29.0,Atypical Angina,143.0,79.0,78.0,123.0,172.0,56.0,107.0,False,5.5,False,Normal,False,0.0,Down,1.0,Normal,False,True,Low,4.0,0
24399,44,Female,21.9,Asymptomatic,126.0,83.0,71.0,157.0,233.0,55.0,140.0,False,5.2,False,,False,0.5,Up,0.0,Normal,False,False,Moderate,,0
11480,79,Female,28.9,Non-anginal Pain,127.0,102.0,78.0,115.0,,38.0,141.0,,4.8,False,Normal,False,0.0,Flat,1.0,Normal,False,False,Low,4.0,0
241,49,Female,22.3,Non-anginal Pain,95.0,61.0,63.0,151.0,190.0,77.0,87.0,False,4.7,False,Left Ventricular Hypertrophy,False,,Up,0.0,Normal,False,False,Moderate,4.0,0
44908,51,Male,25.0,Asymptomatic,124.0,80.0,63.0,150.0,222.0,39.0,143.0,False,4.9,True,Normal,False,0.0,Up,,Normal,True,False,Moderate,5.0,0
72841,38,Male,28.2,Atypical Angina,125.0,,76.0,178.0,260.0,45.0,142.0,True,,True,,False,0.0,Up,0.0,Normal,True,True,Moderate,6.0,0
182,37,Male,24.06,Non-anginal Pain,91.0,65.0,60.0,203.0,205.0,56.0,107.0,False,4.8,False,ST-T Wave Abnormality,False,5.0,Up,0.0,Normal,False,False,High,4.0,0
15364,40,Female,26.5,Non-anginal Pain,122.0,71.0,68.0,194.0,155.0,45.0,87.0,False,5.5,False,ST-T Wave Abnormality,False,0.0,Up,0.0,Reversible Defect,False,False,High,7.0,0
53976,76,Male,32.9,Asymptomatic,145.0,81.0,,130.0,191.0,42.0,141.0,False,5.2,False,ST-T Wave Abnormality,True,0.9,Flat,2.0,Normal,False,False,Low,6.0,1
20498,79,Male,43.4,Non-anginal Pain,138.0,,64.0,142.0,,36.0,114.0,False,5.9,False,Normal,False,0.0,Down,3.0,Normal,False,False,Low,6.0,1
26007,41,Male,36.4,Asymptomatic,115.0,73.0,85.0,150.0,205.0,33.0,133.0,False,5.4,False,Normal,False,1.1,Up,1.0,Fixed Defect,False,True,Low,5.0,1
63617,36,Female,28.9,Non-anginal Pain,109.0,79.0,74.0,190.0,201.0,55.0,109.0,False,5.1,False,Normal,True,0.4,Up,0.0,Normal,False,False,Moderate,3.0,0
56621,50,Female,23.2,Typical angina,108.0,75.0,69.0,169.0,166.0,45.0,126.0,False,,False,ST-T Wave Abnormality,False,0.0,Up,0.0,Reversible Defect,False,False,Moderate,4.0,1
50521,52,Male,31.6,Atypical Angina,162.0,90.0,88.0,179.0,218.0,37.0,131.0,True,4.7,False,Normal,True,1.7,Flat,1.0,Reversible Defect,False,False,Moderate,10.0,1
59595,54,Male,32.8,Asymptomatic,111.0,65.0,59.0,195.0,179.0,53.0,101.0,False,5.0,False,Normal,False,0.7,Flat,1.0,Reversible Defect,False,True,High,5.0,1
28398,56,Female,25.8,Atypical Angina,120.0,73.0,80.0,142.0,,54.0,137.0,True,7.8,True,ST-T Wave Abnormality,False,0.0,Flat,1.0,,False,True,Low,7.0,0
18588,51,Female,26.6,Non-anginal Pain,216.0,124.0,76.0,151.0,168.0,52.0,93.0,False,,False,Normal,False,0.0,Up,1.0,Reversible Defect,True,False,Moderate,8.0,1
63344,71,Male,,Non-anginal Pain,153.0,80.0,82.0,148.0,199.0,45.0,124.0,False,,False,Normal,True,0.0,Up,2.0,Normal,False,True,Low,4.0,1
37688,51,Male,18.3,Non-anginal Pain,104.0,70.0,56.0,189.0,243.0,53.0,163.0,False,5.2,False,Normal,False,0.5,,0.0,,False,True,High,5.0,0
62606,54,Female,23.7,Non-anginal Pain,112.0,75.0,78.0,168.0,175.0,54.0,79.0,False,5.2,False,Normal,False,0.0,Up,0.0,Reversible Defect,False,False,Moderate,9.0,1
77564,39,Male,24.7,Atypical Angina,121.0,73.0,71.0,180.0,242.0,51.0,168.0,False,5.0,False,,False,0.8,Flat,0.0,Normal,False,False,High,6.0,0
13066,69,Male,32.4,Asymptomatic,129.0,89.0,82.0,132.0,157.0,22.0,98.0,False,5.4,False,Normal,False,0.0,Up,1.0,Fixed Defect,False,True,Low,6.0,0
92210,55,Male,46.0,Atypical Angina,147.0,99.0,86.0,139.0,155.0,41.0,100.0,True,8.1,True,Normal,False,4.7,Flat,1.0,Reversible Defect,False,True,Low,9.0,1
12638,40,Male,24.9,Asymptomatic,120.0,78.0,70.0,142.0,200.0,51.0,116.0,True,,False,Normal,False,1.2,Flat,1.0,Reversible Defect,False,True,Low,4.0,0
20569,74,Female,28.5,Non-anginal Pain,160.0,75.0,82.0,142.0,239.0,60.0,114.0,False,5.6,True,Normal,True,1.2,Up,1.0,Normal,True,True,Low,3.0,1
43667,53,Male,30.5,Asymptomatic,128.0,80.0,129.0,172.0,129.0,40.0,69.0,False,4.8,False,ST-T Wave Abnormality,False,0.0,Down,0.0,Normal,False,False,Moderate,10.0,0
35532,60,Female,28.6,Asymptomatic,127.0,74.0,,170.0,200.0,58.0,132.0,False,5.6,False,Normal,True,0.0,Up,0.0,Normal,False,False,Moderate,10.0,0
22300,38,Female,22.9,Atypical Angina,107.0,78.0,59.0,187.0,154.0,59.0,80.0,False,5.4,False,ST-T Wave Abnormality,False,,Up,2.0,Normal,False,True,High,5.0,0
23920,66,Female,31.7,Asymptomatic,123.0,90.0,79.0,145.0,188.0,34.0,134.0,True,5.0,False,Normal,False,0.0,Flat,2.0,Normal,False,False,Low,1.0,0
29262,56,Female,29.3,Asymptomatic,130.0,80.0,66.0,173.0,212.0,49.0,152.0,True,7.7,True,Normal,False,0.0,Up,0.0,Normal,False,False,Low,4.0,1
81185,72,Female,,Asymptomatic,121.0,87.0,73.0,177.0,,48.0,,True,10.3,True,Normal,False,0.0,Flat,0.0,Normal,False,False,High,7.0,1
76661,56,Female,25.4,Asymptomatic,127.0,74.0,76.0,177.0,192.0,43.0,121.0,False,,False,Normal,False,0.5,Up,1.0,,False,True,Moderate,4.0,0
80101,33,Male,20.4,Asymptomatic,97.0,69.0,65.0,195.0,146.0,46.0,97.0,False,6.2,False,Normal,False,0.3,Up,0.0,Normal,False,True,Moderate,5.0,0
38140,75,Male,25.9,Asymptomatic,137.0,81.0,72.0,145.0,164.0,42.0,100.0,True,6.0,True,Normal,False,0.0,Up,0.0,Normal,True,False,Low,5.0,0
56984,26,Male,29.6,Asymptomatic,119.0,,91.0,174.0,205.0,44.0,124.0,False,5.0,False,Normal,True,0.0,Up,0.0,Normal,True,False,Low,9.0,0
89250,75,Female,29.3,Non-anginal Pain,129.0,81.0,77.0,109.0,174.0,56.0,92.0,False,5.9,False,Normal,False,1.0,Flat,0.0,Normal,False,False,Moderate,7.0,0
73566,44,Male,,Atypical Angina,112.0,76.0,80.0,148.0,165.0,43.0,92.0,False,4.6,False,ST-T Wave Abnormality,False,1.7,Up,1.0,Normal,True,False,Moderate,5.0,1
69035,32,Female,25.5,Atypical Angina,105.0,69.0,65.0,190.0,192.0,33.0,128.0,True,5.8,,Normal,True,0.7,Flat,1.0,Normal,False,False,Moderate,1.0,0
47895,32,Male,23.1,Non-anginal Pain,104.0,69.0,75.0,204.0,176.0,33.0,103.0,False,4.8,False,Normal,False,0.0,Flat,1.0,Normal,False,False,Low,5.0,0
14305,81,Female,24.5,Typical Angina,134.0,72.0,71.0,147.0,152.0,54.0,86.0,True,8.6,True,Normal,False,,Flat,0.0,Fixed Defect,False,True,Moderate,1.0,1
83457,62,Male,21.27,Non-anginal Pain,128.0,84.0,68.0,141.0,232.0,,151.0,False,5.0,False,Normal,False,0.0,Up,1.0,Normal,False,False,Moderate,7.0,0
22318,34,Male,22.0,Non-anginal Pain,104.0,55.0,74.0,206.0,283.0,46.0,225.0,False,4.9,False,Normal,False,0.0,Up,0.0,Normal,False,True,Moderate,6.0,0
82825,45,Male,26.4,Atypical Angina,101.0,62.0,87.0,168.0,194.0,25.0,169.0,False,5.1,False,Normal,False,0.0,Flat,0.0,Reversible Defect,False,True,Low,7.0,0
43468,52,Male,34.9,Asymptomatic,126.0,75.0,87.0,157.0,177.0,40.0,125.0,False,5.2,False,Normal,False,0.0,Flat,1.0,Normal,False,False,Low,10.0,0
24983,63,Male,20.5,Atypical Angina,134.0,92.0,87.0,148.0,182.0,30.0,97.0,False,5.2,False,Normal,False,0.0,Flat,0.0,Reversible Defect,False,,Low,8.0,0
98731,54,Female,21.8,Asymptomatic,135.0,90.0,71.0,173.0,176.0,45.0,115.0,False,4.7,False,,False,0.0,Up,0.0,Reversible Defect,False,False,High,7.0,0
40803,56,Female,23.8,Non-anginal Pain,,,63.0,162.0,176.0,69.0,89.0,False,5.6,False,Normal,False,0.0,Up,0.0,Normal,False,True,,7.0,0
95475,76,Male,29.8,Typical Angina,145.0,76.0,75.0,151.0,,40.0,100.0,False,5.2,False,Normal,True,0.0,Down,,Reversible Defect,True,False,Low,5.0,1
15844,69,Female,31.2,Atypical Angina,185.0,95.0,76.0,155.0,177.0,38.0,101.0,False,,False,Left Ventricular Hypertrophy,True,0.8,Flat,1.0,Normal,False,False,Low,2.0,0
86133,51,Female,28.3,Non-anginal Pain,111.0,76.0,67.0,193.0,233.0,43.0,173.0,False,4.7,False,,False,0.0,Up,0.0,Normal,False,False,High,8.0,0
45601,60,Male,28.05,Non-anginal Pain,,78.0,79.0,166.0,173.0,40.0,108.0,False,5.1,False,Normal,False,0.3,Flat,2.0,Normal,True,False,High,7.0,0
9406,60,Female,32.0,Asymptomatic,141.0,79.0,64.0,168.0,254.0,48.0,154.0,False,5.2,False,Normal,False,0.5,Up,1.0,Normal,False,True,Moderate,6.0,0
81790,63,Female,25.7,Asymptomatic,138.0,83.0,69.0,164.0,175.0,52.0,84.0,False,5.1,False,Normal,False,0.0,Up,0.0,,False,False,Moderate,10.0,0
7900,80,Female,26.4,Non-anginal Pain,147.0,83.0,66.0,141.0,199.0,67.0,110.0,False,5.3,False,Normal,True,0.0,Flat,1.0,Reversible Defect,False,True,Moderate,5.0,1
37841,38,Female,32.8,Typical Angina,112.0,70.0,70.0,181.0,189.0,43.0,135.0,True,5.4,True,Normal,False,0.4,Up,1.0,Normal,False,False,High,4.0,1
27453,76,Male,24.8,Asymptomatic,132.0,81.0,66.0,160.0,,48.0,178.0,False,6.8,True,Normal,False,0.0,Flat,1.0,Normal,False,True,High,3.0,0
70895,63,Male,29.2,Typical Angina,140.0,93.0,62.0,133.0,236.0,44.0,140.0,False,4.7,False,ST-T Wave Abnormality,True,0.8,Flat,1.0,Normal,False,False,Low,5.0,1
69717,75,Male,25.2,Typical Angina,119.0,78.0,74.0,138.0,187.0,48.0,119.0,False,5.4,False,Normal,False,0.0,Up,1.0,Normal,True,True,Moderate,4.0,1
56754,56,Female,31.9,Asymptomatic,123.0,79.0,,137.0,196.0,44.0,109.0,False,5.2,False,,False,0.8,Down,0.0,Normal,False,True,Low,4.0,0
54116,58,FEMALE,30.6,Non-anginal Pain,124.0,77.0,79.0,165.0,163.0,40.0,,False,4.9,False,Normal,True,0.0,Flat,0.0,Normal,,False,Low,1.0,0
77815,60,Male,33.1,Non-anginal Pain,136.0,80.0,78.0,145.0,205.0,45.0,132.0,False,5.8,False,Normal,False,1.3,Flat,1.0,Normal,False,False,Moderate,7.0,1
35729,39,Female,30.7,Asymptomatic,124.0,82.0,57.0,,154.0,51.0,83.0,True,6.4,True,Normal,False,0.3,Up,2.0,Normal,False,False,High,3.0,0
70236,87,Male,29.6,Non-anginal Pain,149.0,91.0,75.0,166.0,235.0,,151.0,True,8.1,True,Left Ventricular Hypertrophy,False,0.0,Flat,0.0,Normal,False,False,Low,3.0,1
65122,79,Male,46.4,Non-anginal Pain,135.0,85.0,78.0,126.0,211.0,41.0,112.0,True,5.4,True,Normal,False,0.4,Up,1.0,Normal,False,True,Low,5.0,1
5134,42,Female,23.4,Non-anginal Pain,,65.0,66.0,169.0,230.0,38.0,151.0,False,5.1,False,Normal,False,0.0,Up,0.0,Normal,False,True,Low,2.0,0
26737,33,Male,25.95,Atypical Angina,109.0,71.0,89.0,189.0,134.0,34.0,99.0,False,4.5,False,Normal,False,0.0,Up,0.0,Normal,True,False,,8.0,0
31455,29,Female,26.1,Non-anginal Pain,103.0,76.0,80.0,190.0,199.0,63.0,116.0,False,4.7,False,Normal,False,0.2,Up,0.0,,False,False,High,6.0,0
10668,41,Female,19.8,Non-anginal Pain,102.0,67.0,60.0,179.0,210.0,49.0,137.0,False,5.2,False,Normal,False,0.0,Up,0.0,Normal,True,False,,7.0,0
74761,45,Female,34.36,Asymptomatic,126.0,87.0,68.0,174.0,224.0,,,False,5.6,False,Normal,True,0.0,Up,0.0,Normal,False,False,Moderate,1.0,0
12277,52,Female,25.4,Atypical Angina,,113.0,60.0,151.0,144.0,46.0,68.0,False,5.0,False,Left Ventricular Hypertrophy,False,2.1,Up,0.0,Normal,False,True,Moderate,6.0,0
84881,40,Male,28.7,Asymptomatic,113.0,68.0,75.0,192.0,208.0,50.0,138.0,True,5.4,False,,False,0.2,Up,0.0,Normal,False,False,Moderate,5.0,0
27030,43,Female,25.0,Atypical Angina,105.0,83.0,63.0,179.0,218.0,50.0,,False,5.5,False,Normal,False,0.0,Up,0.0,Normal,False,False,,8.0,0
12483,39,Female,18.0,Non-anginal Pain,112.0,74.0,82.0,178.0,201.0,43.0,126.0,False,5.1,False,Normal,False,0.4,Up,0.0,Normal,False,False,High,9.0,0
99747,76,Female,22.9,Asymptomatic,129.0,80.0,73.0,124.0,221.0,51.0,130.0,False,5.7,False,Normal,True,5.9,Flat,1.0,Normal,False,False,Moderate,5.0,1
63138,73,Male,35.1,Non-anginal Pain,145.0,92.0,89.0,127.0,219.0,54.0,132.0,False,4.9,False,Normal,False,0.0,Flat,2.0,,False,True,High,6.0,1
83156,78,Male,31.5,Typical Angina,138.0,83.0,,128.0,246.0,46.0,147.0,False,,False,Normal,False,0.6,Up,1.0,Normal,False,True,Low,5.0,1
99810,50,Male,29.7,Typical Angina,114.0,83.0,69.0,151.0,133.0,20.0,,False,5.6,False,Normal,False,0.0,Flat,1.0,Normal,False,False,Moderate,4.0,0
1818,51,Male,23.5,Non-anginal Pain,134.0,81.0,75.0,149.0,142.0,27.0,70.0,False,5.0,False,Normal,False,0.0,Up,0.0,Normal,True,True,,7.0,1
64028,60,Male,22.41,Typical Angina,132.0,67.0,86.0,130.0,193.0,45.0,141.0,,5.4,False,,False,0.0,Up,2.0,Normal,False,True,Low,6.0,1
75752,89,Male,35.7,Non-anginal Pain,156.0,93.0,86.0,134.0,206.0,36.0,109.0,True,6.5,True,Normal,True,1.5,Flat,0.0,Fixed Defect,True,False,Low,7.0,1
95376,51,Female,25.3,Asymptomatic,102.0,81.0,84.0,163.0,213.0,71.0,121.0,False,4.9,False,Normal,False,,Flat,0.0,Normal,False,True,Low,6.0,0
52520,51,Male,20.5,Typical Angina,101.0,64.0,65.0,168.0,177.0,,114.0,False,4.9,False,Normal,False,0.0,Up,0.0,,True,False,Moderate,1.0,0
55924,49,Female,25.1,Asymptomatic,119.0,80.0,76.0,149.0,248.0,66.0,125.0,True,7.0,True,ST-T Wave Abnormality,False,0.0,Up,0.0,Normal,False,False,Low,7.0,1
32572,33,Male,28.27,Asymptomatic,120.0,,88.0,192.0,203.0,57.0,129.0,False,5.1,False,Normal,False,0.0,Up,0.0,Normal,False,False,Low,5.0,0
76464,40,Male,25.4,Asymptomatic,107.0,91.0,72.0,162.0,215.0,31.0,156.0,False,5.1,False,Normal,False,0.0,,0.0,Normal,True,True,Moderate,6.0,0
89529,65,Male,35.7,Asymptomatic,124.0,73.0,74.0,140.0,181.0,39.0,122.0,False,5.6,False,Left Ventricular Hypertrophy,False,0.0,,0.0,Normal,True,False,Low,3.0,1
26726,59,Female,25.8,Non-anginal Pain,136.0,95.0,78.0,158.0,228.0,39.0,159.0,False,,False,Left Ventricular Hypertrophy,False,,Up,0.0,Normal,False,False,Moderate,9.0,0
53183,69,Male,22.1,Non-anginal Pain,122.0,75.0,77.0,161.0,206.0,43.0,101.0,False,5.2,False,Left Ventricular Hypertrophy,True,0.0,Flat,0.0,Normal,False,False,Moderate,10.0,1
61205,46,Female,25.1,Atypical Angina,121.0,84.0,59.0,176.0,216.0,63.0,112.0,False,5.4,False,ST-T Wave Abnormality,False,0.3,Up,0.0,Fixed Defect,False,False,Moderate,4.0,0
98839,71,Female,28.3,Atypical Angina,145.0,100.0,62.0,140.0,231.0,61.0,156.0,False,5.3,False,Normal,True,2.6,Flat,3.0,Normal,False,False,Moderate,6.0,1
71512,53,Female,15.07,Non-anginal Pain,114.0,72.0,65.0,147.0,218.0,50.0,151.0,False,8.1,True,Normal,False,0.0,Up,2.0,Normal,False,False,Low,5.0,0
92785,34,Female,28.1,Non-anginal Pain,92.0,67.0,59.0,158.0,154.0,,93.0,False,4.6,False,Normal,False,0.4,Flat,0.0,,False,False,High,4.0,0
56686,40,Female,32.6,Asymptomatic,120.0,88.0,64.0,142.0,182.0,55.0,87.0,False,,True,Normal,False,0.0,Flat,1.0,Normal,False,False,Moderate,5.0,0
82539,49,Female,30.7,Asymptomatic,127.0,85.0,71.0,152.0,206.0,42.0,134.0,True,6.8,True,Normal,False,0.0,,1.0,Normal,False,True,Moderate,8.0,0
68441,44,Female,29.3,Non-anginal Pain,112.0,82.0,82.0,165.0,251.0,53.0,89.0,False,5.4,False,Normal,False,0.0,Up,0.0,Normal,False,False,Low,9.0,0
53743,50,Female,34.8,Non-anginal Pain,125.0,85.0,72.0,190.0,261.0,51.0,149.0,False,5.7,False,Normal,False,0.0,Up,0.0,Normal,False,True,Moderate,6.0,0
37435,69,Female,23.1,Typical Angina,145.0,91.0,77.0,138.0,183.0,44.0,105.0,False,5.1,False,Normal,True,2.6,Flat,3.0,Reversible Defect,True,False,Moderate,4.0,1
68753,28,Female,24.1,Asymptomatic,107.0,74.0,,209.0,179.0,30.0,128.0,False,5.2,False,Normal,False,0.0,Up,0.0,Reversible Defect,False,False,Moderate,8.0,0
58513,49,Male,30.5,Asymptomatic,126.0,80.0,67.0,155.0,,,,,5.6,False,Normal,True,1.1,Flat,1.0,Normal,True,False,High,1.0,0
30071,56,Male,26.1,Non-anginal Pain,130.0,84.0,97.0,153.0,194.0,52.0,127.0,False,5.6,False,Normal,False,0.4,Flat,0.0,Normal,False,False,Low,6.0,0
46635,76,Female,22.6,Non-anginal Pain,121.0,66.0,92.0,134.0,225.0,48.0,139.0,False,5.2,False,Normal,False,0.2,Up,0.0,Normal,False,False,Moderate,5.0,0
99399,55,Male,23.4,Asymptomatic,111.0,80.0,75.0,162.0,170.0,44.0,113.0,False,5.2,False,Normal,True,0.8,Flat,1.0,Normal,True,False,Moderate,4.0,0
79522,52,Female,28.9,Non-anginal Pain,105.0,70.0,75.0,154.0,154.0,38.0,87.0,False,6.1,False,Left Ventricular Hypertrophy,False,2.2,Flat,0.0,Reversible Defect,False,False,Moderate,4.0,1
65343,42,Male,20.5,Asymptomatic,120.0,68.0,70.0,167.0,103.0,32.0,63.0,False,5.1,False,Normal,False,0.0,Flat,0.0,,False,False,Moderate,4.0,0
86254,43,Female,,Asymptomatic,,81.0,72.0,160.0,241.0,58.0,136.0,False,5.2,False,Normal,False,0.0,Flat,0.0,Normal,False,False,Moderate,,0
53798,48,Female,30.8,Asymptomatic,123.0,86.0,84.0,174.0,174.0,50.0,109.0,False,5.4,False,Normal,False,0.0,Up,1.0,Normal,False,False,Low,6.0,0
29617,48,Female,25.9,Non-anginal Pain,119.0,79.0,64.0,186.0,181.0,56.0,,False,5.0,False,Normal,False,0.0,Up,0.0,Normal,False,False,High,1.0,0
52250,58,Female,27.4,Typical Angina,110.0,74.0,76.0,151.0,211.0,43.0,147.0,False,6.0,False,ST-T Wave Abnormality,True,0.5,Up,3.0,Reversible Defect,False,True,Low,1.0,1
14698,55,Female,28.22,Atypical Angina,127.0,89.0,76.0,150.0,198.0,44.0,101.0,False,5.9,False,Normal,False,0.0,Down,0.0,Normal,False,True,Low,4.0,0
8744,70,Male,32.72,Asymptomatic,120.0,71.0,61.0,174.0,179.0,40.0,108.0,False,5.6,False,Normal,False,0.0,Up,0.0,Normal,False,False,Moderate,4.0,0
21635,83,Female,27.1,Atypical Angina,124.0,75.0,72.0,152.0,173.0,45.0,102.0,False,5.2,False,Normal,False,0.0,Flat,1.0,Normal,False,True,Low,3.0,0
15965,44,Male,29.0,Typical Angina,108.0,81.0,83.0,186.0,257.0,42.0,179.0,True,8.4,True,Normal,False,0.0,Flat,0.0,Normal,True,False,Low,6.0,0
20291,81,Male,32.4,Non-anginal Pain,152.0,89.0,90.0,121.0,173.0,54.0,82.0,False,5.6,False,ST-T Wave Abnormality,False,0.9,Up,0.0,Fixed Defect,False,False,Low,5.0,1
31835,41,Male,25.6,Non-anginal Pain,124.0,84.0,47.0,161.0,159.0,58.0,71.0,False,5.2,False,Normal,False,0.0,Up,1.0,Normal,False,True,High,3.0,0
15989,72,Male,26.11,Asymptomatic,138.0,79.0,92.0,119.0,218.0,31.0,145.0,False,5.4,False,Left Ventricular Hypertrophy,False,0.0,Flat,2.0,Normal,False,False,Low,5.0,1
85810,37,Male,24.8,Asymptomatic,106.0,67.0,68.0,191.0,170.0,37.0,103.0,,5.3,False,Normal,True,0.8,Up,0.0,Normal,True,False,Low,4.0,0
64351,58,Male,20.1,Atypical Angina,110.0,86.0,70.0,178.0,233.0,54.0,147.0,False,4.5,False,Normal,False,0.8,Up,0.0,Normal,False,True,Moderate,9.0,0
46627,40,Male,30.8,Asymptomatic,99.0,68.0,76.0,181.0,181.0,39.0,117.0,False,5.8,False,Normal,True,0.0,Up,0.0,Normal,True,False,High,4.0,0
60827,62,Male,25.3,Atypical Angina,142.0,86.0,61.0,187.0,203.0,51.0,135.0,True,4.9,False,Normal,False,0.4,Up,2.0,Normal,False,,High,9.0,0
22848,67,Female,27.9,Non-anginal Pain,123.0,79.0,74.0,168.0,228.0,41.0,118.0,False,5.6,False,Normal,True,0.0,Flat,0.0,Normal,False,False,Moderate,10.0,0
69959,68,Male,36.54,Atypical Angina,127.0,64.0,80.0,145.0,144.0,39.0,93.0,True,5.7,False,Normal,False,0.0,Flat,1.0,Reversible Defect,True,False,Moderate,6.0,0
43853,62,Female,28.0,Non-anginal Pain,136.0,92.0,70.0,161.0,185.0,44.0,117.0,False,5.4,False,ST-T Wave Abnormality,False,1.5,Flat,0.0,Normal,False,False,Low,4.0,1
55275,54,Female,18.2,Non-anginal Pain,119.0,64.0,65.0,145.0,231.0,83.0,,False,5.4,False,Normal,False,0.0,Up,0.0,Normal,False,,Moderate,5.0,0
85804,48,Male,31.6,Non-anginal Pain,126.0,74.0,77.0,163.0,134.0,24.0,85.0,False,5.1,False,Normal,False,0.3,Up,0.0,Normal,False,False,Low,6.0,0
49903,68,Female,35.17,Atypical Angina,129.0,94.0,74.0,124.0,171.0,53.0,97.0,False,5.2,False,ST-T Wave Abnormality,False,0.0,Up,0.0,Normal,False,False,Moderate,6.0,0
97069,62,Female,19.5,Asymptomatic,132.0,84.0,76.0,188.0,219.0,71.0,134.0,False,6.3,False,Normal,False,0.0,Up,0.0,Normal,False,True,Moderate,7.0,0
66501,60,Female,22.7,Atypical Angina,139.0,93.0,75.0,164.0,183.0,54.0,100.0,False,5.2,False,Normal,False,0.0,Up,1.0,Normal,False,False,Low,6.0,0
9069,51,Male,28.82,Asymptomatic,108.0,82.0,72.0,161.0,165.0,30.0,100.0,False,5.0,False,Normal,False,0.0,Up,0.0,Reversible Defect,False,True,Moderate,2.0,0
67774,58,Male,,Asymptomatic,131.0,85.0,78.0,154.0,161.0,49.0,84.0,False,4.8,False,Normal,True,0.5,Flat,0.0,Normal,False,False,Moderate,7.0,0
85168,63,Male,29.7,Typical Angina,122.0,85.0,80.0,151.0,188.0,41.0,100.0,True,11.0,True,Normal,True,2.4,Flat,1.0,Normal,False,True,Low,9.0,1
90283,66,Male,22.3,Non-anginal Pain,123.0,67.0,84.0,126.0,177.0,36.0,120.0,False,5.8,False,Normal,True,0.0,Up,0.0,Normal,True,False,Moderate,6.0,0
45379,71,Female,21.1,Atypical Angina,122.0,78.0,73.0,141.0,198.0,40.0,141.0,False,5.8,False,Normal,True,1.7,Down,2.0,Reversible Defect,False,False,Low,6.0,1
9590,54,Female,30.7,Atypical Angina,115.0,84.0,72.0,165.0,183.0,65.0,92.0,False,5.0,False,ST-T Wave Abnormality,False,1.3,,1.0,Normal,False,True,Moderate,3.0,1
41348,45,Male,27.9,Non-anginal Pain,126.0,90.0,70.0,161.0,229.0,,149.0,False,4.8,False,Normal,False,0.0,Up,0.0,Normal,False,False,Low,4.0,0
10337,60,Female,28.2,Asymptomatic,,89.0,58.0,186.0,274.0,67.0,166.0,False,5.0,False,Normal,False,0.3,Up,0.0,Normal,False,False,High,4.0,0
63627,76,Male,20.9,Asymptomatic,114.0,83.0,66.0,158.0,150.0,52.0,75.0,False,6.0,False,Normal,False,0.0,Flat,0.0,Normal,False,False,Moderate,4.0,0
14212,67,Male,23.2,Asymptomatic,112.0,72.0,86.0,138.0,207.0,64.0,118.0,True,6.4,True,ST-T Wave Abnormality,False,0.7,,0.0,Normal,True,True,Low,5.0,1
18336,50,Female,20.6,Non-anginal Pain,124.0,74.0,72.0,188.0,244.0,57.0,184.0,False,5.4,False,Normal,False,0.0,Flat,1.0,Reversible Defect,True,False,High,2.0,0
19579,73,Male,40.5,Atypical Angina,170.0,81.0,94.0,133.0,195.0,20.0,133.0,False,5.7,False,Normal,False,1.1,Flat,0.0,Normal,True,False,Low,10.0,0
72412,55,Female,23.6,Asymptomatic,108.0,77.0,66.0,154.0,,53.0,121.0,True,5.3,False,Normal,False,0.0,Flat,0.0,Reversible Defect,False,False,Moderate,3.0,0
66100,48,Male,21.7,Asymptomatic,90.0,,62.0,167.0,163.0,52.0,93.0,False,5.1,False,Normal,False,0.0,Up,0.0,Normal,False,False,High,10.0,0
23477,47,Male,29.7,Typical Angina,128.0,83.0,87.0,162.0,214.0,43.0,117.0,False,5.5,False,Left Ventricular Hypertrophy,False,0.0,Up,1.0,Normal,True,False,Moderate,5.0,0
22826,62,Male,26.27,Asymptomatic,128.0,80.0,75.0,167.0,207.0,39.0,141.0,False,5.8,True,Normal,False,0.0,Up,1.0,Normal,False,False,Low,6.0,0
9863,30,Female,23.0,Non-anginal Pain,99.0,63.0,81.0,174.0,232.0,68.0,123.0,False,5.0,False,Normal,False,0.0,Up,0.0,Reversible Defect,False,False,Moderate,7.0,0
65045,56,Female,24.7,Typical Angina,114.0,84.0,61.0,152.0,121.0,46.0,70.0,True,5.5,True,Normal,True,0.0,Up,1.0,Normal,False,False,Moderate,2.0,0
86896,61,Male,30.0,Asymptomatic,122.0,81.0,76.0,143.0,174.0,45.0,99.0,False,4.9,False,Normal,False,0.7,Flat,0.0,Fixed Defect,False,True,Low,6.0,0
99195,62,Male,45.4,Asymptomatic,142.0,88.0,62.0,152.0,197.0,37.0,128.0,,5.4,True,Normal,False,0.8,Flat,0.0,Normal,True,False,Moderate,5.0,1
81800,63,Male,25.2,Asymptomatic,,75.0,76.0,168.0,215.0,43.0,148.0,False,5.4,False,Normal,True,0.0,Flat,0.0,Normal,False,False,Moderate,8.0,0
92605,72,Male,28.3,Typical Angina,146.0,86.0,70.0,163.0,229.0,48.0,,False,5.5,False,ST-T Wave Abnormality,True,0.0,Flat,1.0,Normal,False,True,Low,1.0,1
25712,67,Male,35.2,Atypical Angina,133.0,77.0,109.0,149.0,158.0,33.0,86.0,False,5.2,False,ST-T Wave Abnormality,False,0.1,Up,0.0,Fixed Defect,False,True,Moderate,5.0,0
5224,31,Male,18.3,Asymptomatic,107.0,76.0,,170.0,195.0,65.0,98.0,False,5.3,False,Normal,False,0.7,Flat,3.0,Normal,False,False,High,9.0,0
90421,65,Female,26.7,Atypical Angina,142.0,83.0,75.0,129.0,183.0,33.0,122.0,False,5.6,False,Normal,False,0.8,Flat,3.0,Reversible Defect,False,False,Low,4.0,1
25784,43,Male,22.6,Asymptomatic,115.0,66.0,82.0,167.0,151.0,26.0,107.0,False,5.3,False,Normal,False,1.3,Up,0.0,Normal,False,True,Moderate,4.0,0
22651,50,Female,33.8,Atypical Angina,138.0,87.0,86.0,160.0,213.0,46.0,117.0,True,6.9,True,,False,0.2,Down,2.0,Normal,False,False,Low,5.0,0
27620,57,Male,32.4,Asymptomatic,100.0,68.0,58.0,171.0,162.0,34.0,92.0,False,5.5,False,ST-T Wave Abnormality,False,0.0,Up,0.0,Normal,False,False,High,4.0,0
6014,40,Male,27.8,Typical Angina,109.0,67.0,77.0,155.0,,23.0,120.0,False,4.8,False,Normal,True,2.5,Flat,1.0,Reversible Defect,True,False,Low,5.0,1
59426,36,Male,26.2,Typical Angina,99.0,66.0,81.0,175.0,186.0,46.0,114.0,False,4.5,False,ST-T Wave Abnormality,False,0.0,Flat,0.0,Reversible Defect,True,False,Moderate,7.0,0
36282,54,Male,28.1,Non-anginal Pain,133.0,86.0,68.0,143.0,167.0,41.0,112.0,False,5.6,False,Normal,False,2.1,Flat,1.0,Normal,False,True,Moderate,3.0,1
92351,36,Female,20.9,Non-anginal Pain,104.0,74.0,68.0,203.0,175.0,61.0,101.0,True,5.9,False,Normal,False,0.0,Up,0.0,Normal,False,False,High,7.0,0
95592,54,Female,39.85,Asymptomatic,120.0,77.0,81.0,170.0,192.0,45.0,128.0,False,6.1,False,Normal,True,0.0,Up,0.0,Normal,False,False,Low,7.0,0
43754,47,Male,15.7,Typical Angina,135.0,90.0,66.0,141.0,171.0,39.0,104.0,False,6.0,False,Normal,False,0.0,Flat,1.0,Normal,False,True,Low,9.0,1
90471,67,Male,22.0,Asymptomatic,131.0,73.0,76.0,138.0,198.0,46.0,116.0,False,5.5,False,Normal,True,1.2,Flat,0.0,Normal,True,False,Low,7.0,1
91675,45,Female,35.9,Non-anginal Pain,117.0,67.0,76.0,171.0,179.0,31.0,115.0,False,5.2,False,Normal,False,0.0,Flat,1.0,Normal,False,False,Moderate,5.0,0
67638,75,Male,40.39,Non-anginal Pain,135.0,88.0,85.0,142.0,239.0,40.0,,True,7.5,True,ST-T Wave Abnormality,False,0.7,Up,2.0,Normal,False,False,Moderate,9.0,1
31633,67,Male,29.4,Atypical Angina,131.0,83.0,64.0,163.0,164.0,56.0,83.0,False,5.3,False,Normal,True,0.0,Flat,0.0,Normal,False,False,Low,6.0,0
90011,73,Male,35.4,Typical Angina,118.0,70.0,74.0,153.0,225.0,46.0,155.0,False,5.8,False,Normal,False,0.8,Up,1.0,Normal,False,False,Moderate,6.0,1
81563,55,Female,37.7,Non-anginal Pain,137.0,76.0,75.0,151.0,139.0,40.0,55.0,False,,False,Normal,False,0.0,Up,0.0,Normal,False,False,Low,5.0,0
50782,60,Female,29.2,Asymptomatic,106.0,72.0,76.0,180.0,,59.0,99.0,False,5.1,False,Normal,False,0.0,Up,0.0,Normal,False,True,Moderate,3.0,0
22932,78,Male,44.87,Non-anginal Pain,160.0,91.0,76.0,117.0,261.0,20.0,195.0,True,6.4,True,ST-T Wave Abnormality,False,0.6,Up,0.0,Fixed Defect,False,True,Low,6.0,1
39189,65,Female,23.6,Asymptomatic,120.0,81.0,68.0,155.0,,65.0,,False,4.9,False,Normal,False,0.8,Up,1.0,Normal,False,False,Moderate,4.0,0
87739,74,Male,26.05,Non-anginal Pain,123.0,70.0,76.0,160.0,,32.0,76.0,False,5.4,False,ST-T Wave Abnormality,False,0.0,Flat,0.0,Normal,False,False,Moderate,6.0,0
17235,32,Male,21.5,Asymptomatic,90.0,62.0,61.0,206.0,192.0,59.0,104.0,False,4.9,False,Normal,False,0.0,Up,0.0,Normal,False,True,Moderate,7.0,0
77888,55,Male,23.0,Non-anginal Pain,137.0,83.0,72.0,156.0,197.0,45.0,,False,4.1,False,ST-T Wave Abnormality,False,0.0,Up,0.0,Normal,False,False,Moderate,3.0,0
10322,69,Male,33.9,Atypical Angina,146.0,88.0,88.0,134.0,216.0,65.0,129.0,False,5.9,False,ST-T Wave Abnormality,False,0.2,Up,0.0,Reversible Defect,False,False,Low,8.0,0
82484,76,Female,28.7,Asymptomatic,125.0,74.0,74.0,171.0,205.0,51.0,130.0,True,6.8,True,Normal,False,1.0,Flat,1.0,Normal,,True,Low,2.0,1
11462,52,Female,,Asymptomatic,117.0,80.0,71.0,163.0,179.0,42.0,127.0,False,5.3,False,ST-T Wave Abnormality,True,,,1.0,Normal,False,False,Low,5.0,0
13910,59,Male,31.0,Typical Angina,109.0,72.0,116.0,148.0,,52.0,137.0,False,6.0,False,Normal,True,2.4,Up,1.0,Normal,False,False,Low,5.0,1
37082,58,Male,33.5,Atypical Angina,,72.0,78.0,163.0,149.0,36.0,74.0,False,5.7,False,Normal,False,0.0,Up,0.0,Normal,True,False,Moderate,9.0,0
4081,29,Female,20.5,Asymptomatic,99.0,71.0,71.0,210.0,233.0,51.0,124.0,False,5.6,False,Normal,False,0.8,Up,0.0,Normal,False,True,Moderate,7.0,0
36906,32,Female,23.0,Asymptomatic,101.0,61.0,66.0,190.0,164.0,51.0,88.0,False,4.9,False,Normal,False,0.0,Up,0.0,Normal,False,True,High,6.0,0
6637,47,Female,23.71,Non-anginal Pain,127.0,77.0,70.0,158.0,199.0,44.0,151.0,False,4.9,False,Normal,False,0.0,Up,0.0,Normal,True,,Low,8.0,0
75617,50,Male,25.8,Non-anginal Pain,96.0,65.0,74.0,174.0,212.0,53.0,142.0,False,5.4,False,Normal,False,0.0,Up,0.0,Normal,False,False,Moderate,6.0,0
39288,57,Male,,Atypical Angina,118.0,76.0,66.0,159.0,186.0,57.0,123.0,False,5.9,False,Normal,False,1.6,Flat,0.0,Reversible Defect,False,False,High,4.0,0
19279,61,Female,23.2,Asymptomatic,121.0,87.0,78.0,155.0,244.0,58.0,164.0,False,5.9,False,Left Ventricular Hypertrophy,False,0.8,Up,0.0,Normal,True,True,Moderate,7.0,1
67890,57,Male,33.5,Asymptomatic,131.0,87.0,74.0,169.0,164.0,37.0,99.0,False,5.5,False,Normal,False,0.0,Flat,1.0,Normal,False,False,Moderate,4.0,0
62332,35,Male,23.0,Asymptomatic,105.0,74.0,65.0,200.0,128.0,25.0,66.0,False,5.1,False,Normal,False,0.0,Up,0.0,Normal,False,True,Low,5.0,0
11738,38,Female,29.0,Asymptomatic,117.0,82.0,74.0,170.0,,55.0,71.0,False,5.5,False,Normal,False,0.0,Flat,0.0,Normal,False,True,Moderate,10.0,0
79059,61,Male,23.8,Typical Angina,111.0,76.0,65.0,152.0,,,,False,5.4,False,Normal,False,1.5,Flat,0.0,Normal,False,True,Moderate,4.0,0
80243,51,Male,22.29253,Asymptomatic,114.0,80.0,80.0,165.0,328.0,53.0,262.0,False,5.2,False,Normal,True,,Flat,1.0,Normal,True,False,High,7.0,0
48431,53,Male,29.1,Non-anginal Pain,148.0,84.0,83.0,163.0,203.0,34.0,89.0,False,5.1,False,Normal,True,0.0,Up,0.0,Fixed Defect,False,False,Moderate,6.0,0
27211,32,Female,24.7,Asymptomatic,119.0,,66.0,177.0,169.0,57.0,115.0,False,5.2,False,Normal,False,0.0,Up,0.0,Normal,False,False,,4.0,0
65723,53,Female,25.1,Typical Angina,112.0,75.0,48.0,178.0,203.0,52.0,130.0,False,5.0,False,Normal,False,0.0,Up,1.0,Reversible Defect,False,False,High,8.0,0
19908,30,Female,25.9,Asymptomatic,116.0,70.0,67.0,176.0,193.0,,116.0,False,4.7,False,Normal,False,0.5,Up,0.0,Normal,True,False,Moderate,5.0,0
2328,58,Male,32.3,Typical Angina,114.0,85.0,83.0,173.0,155.0,40.0,106.0,False,5.5,False,Normal,False,0.0,Up,1.0,Normal,False,False,Low,8.0,0
85574,62,Female,32.2,Typical Angina,133.0,76.0,68.0,161.0,159.0,51.0,,False,6.1,False,ST-T Wave Abnormality,True,0.6,Up,3.0,Normal,False,False,Low,4.0,1
2063,59,Male,29.8,Typical Angina,144.0,89.0,88.0,166.0,239.0,68.0,145.0,True,8.8,True,Normal,False,0.0,Down,0.0,Normal,False,True,Moderate,8.0,0
48702,67,Male,31.8,Non-anginal Pain,131.0,92.0,77.0,131.0,187.0,51.0,99.0,True,8.2,True,Left Ventricular Hypertrophy,False,0.7,Flat,0.0,Reversible Defect,False,False,Moderate,8.0,1
23216,53,Female,27.1,Asymptomatic,119.0,72.0,69.0,182.0,147.0,59.0,80.0,False,5.1,False,Normal,False,0.0,Up,0.0,Normal,False,False,High,7.0,0
72084,59,Male,26.0,Non-anginal Pain,115.0,73.0,78.0,156.0,216.0,60.0,136.0,,5.7,False,Normal,False,0.1,Up,0.0,Normal,False,False,Moderate,4.0,0
84828,66,Female,30.4,Asymptomatic,112.0,69.0,65.0,145.0,163.0,47.0,102.0,True,8.4,True,Normal,False,0.0,Flat,0.0,Normal,False,True,Low,2.0,1
16797,37,Male,23.8,Asymptomatic,105.0,78.0,76.0,178.0,234.0,50.0,149.0,False,5.5,False,Normal,False,0.0,Up,0.0,Normal,True,False,Moderate,7.0,0
26437,48,Male,32.3,Atypical Angina,136.0,75.0,85.0,175.0,135.0,21.0,96.0,False,6.8,True,Normal,True,0.7,Up,1.0,Normal,True,True,Low,9.0,1
94924,48,Female,34.6,Non-anginal Pain,135.0,88.0,63.0,183.0,162.0,39.0,95.0,False,4.9,False,Normal,False,0.0,Up,0.0,Normal,False,False,Low,5.0,0
54378,56,Female,29.7,Non-anginal Pain,131.0,79.0,78.0,153.0,202.0,66.0,88.0,False,6.0,False,Normal,False,0.0,Flat,0.0,Normal,True,False,High,7.0,0
1853,74,Male,23.9,Asymptomatic,135.0,78.0,74.0,137.0,177.0,33.0,118.0,True,5.8,False,ST-T Wave Abnormality,True,0.0,Flat,0.0,,False,False,Low,8.0,1
99110,49,Male,22.7,Atypical Angina,117.0,79.0,65.0,,205.0,45.0,139.0,False,4.6,True,Normal,False,0.3,Up,0.0,Normal,False,False,Moderate,3.0,0
84345,52,Male,29.1,Non-anginal Pain,121.0,75.0,60.0,162.0,240.0,52.0,121.0,,5.2,False,Normal,False,0.0,Up,1.0,Reversible Defect,False,False,High,6.0,0
18490,53,Female,22.4,Atypical Angina,141.0,87.0,57.0,176.0,209.0,55.0,135.0,False,5.2,False,Normal,False,0.5,Flat,2.0,Normal,False,True,High,7.0,0
21523,38,Female,36.4,Asymptomatic,123.0,78.0,69.0,166.0,163.0,53.0,78.0,False,5.4,False,Normal,False,0.0,Down,0.0,Normal,False,False,Low,4.0,0
81925,62,Male,24.72,Atypical Angina,128.0,86.0,65.0,181.0,170.0,42.0,109.0,False,4.9,False,Left Ventricular Hypertrophy,False,0.3,Up,3.0,Normal,False,True,High,4.0,0
64498,46,Female,31.7,Asymptomatic,101.0,69.0,70.0,164.0,220.0,40.0,165.0,False,5.1,False,Normal,True,1.7,Up,0.0,Reversible Defect,False,True,Low,7.0,0
26475,45,Male,21.7,Asymptomatic,99.0,77.0,69.0,153.0,202.0,55.0,115.0,False,5.2,False,Normal,False,0.0,Up,0.0,Normal,False,True,Low,8.0,0
83007,37,Male,17.83,Atypical Angina,98.0,62.0,62.0,192.0,122.0,43.0,69.0,False,5.1,False,Normal,True,0.6,Up,0.0,Normal,False,True,Low,6.0,0
87948,57,Male,30.8,Typical Angina,129.0,,79.0,142.0,199.0,43.0,116.0,False,5.6,False,Normal,True,0.0,Flat,1.0,Reversible defect,False,False,Low,9.0,1
72851,31,Male,29.7,Non-anginal Pain,92.0,59.0,78.0,180.0,219.0,39.0,149.0,False,5.7,False,Normal,False,0.0,Up,0.0,Normal,True,False,Moderate,3.0,1
95825,87,Female,21.7,Asymptomatic,127.0,81.0,79.0,170.0,254.0,62.0,152.0,False,5.0,False,Normal,False,5.0,Flat,2.0,Normal,False,False,Moderate,5.0,1
42801,48,Male,31.2,Typical Angina,108.0,73.0,68.0,174.0,167.0,,110.0,False,4.9,,Normal,False,0.1,Up,0.0,Normal,True,False,Moderate,5.0,0
78314,78,Male,33.0,Atypical Angina,124.0,84.0,77.0,140.0,205.0,24.0,158.0,False,,False,Normal,False,1.8,Flat,1.0,Normal,True,True,Low,7.0,1
29425,63,Female,25.8,Asymptomatic,123.0,79.0,60.0,163.0,202.0,53.0,124.0,False,5.3,False,Normal,False,0.5,Up,0.0,Normal,False,False,Low,5.0,0
13566,61,Male,31.2,Asymptomatic,130.0,84.0,75.0,,,31.0,155.0,False,5.4,False,Normal,False,0.6,Flat,0.0,Normal,True,True,Low,10.0,0
34252,60,Male,28.0,Asymptomatic,116.0,69.0,69.0,157.0,220.0,42.0,164.0,True,5.9,False,Normal,False,0.0,Up,1.0,Normal,False,False,Low,3.0,0
92044,59,Female,29.6,Atypical Angina,101.0,64.0,69.0,173.0,220.0,55.0,147.0,False,5.1,False,Normal,False,0.0,Down,0.0,Reversible Defect,False,False,Moderate,3.0,0
30885,66,Female,25.7,Asymptomatic,98.0,83.0,83.0,138.0,236.0,44.0,156.0,False,5.0,False,Normal,False,0.0,Up,0.0,Normal,False,False,Moderate,7.0,0
23882,53,Female,27.7,Atypical Angina,135.0,78.0,75.0,149.0,199.0,75.0,82.0,True,6.5,True,Normal,False,0.0,,0.0,,False,True,High,4.0,0
35679,77,Female,48.2,Non-anginal Pain,141.0,94.0,77.0,,204.0,33.0,,True,5.9,True,,False,0.5,Up,2.0,Normal,False,True,Low,6.0,1
5138,78,Male,25.9,Non-anginal Pain,133.0,85.0,56.0,162.0,216.0,59.0,112.0,,5.3,False,ST-T Wave Abnormality,False,1.7,Up,0.0,Normal,False,False,Moderate,1.0,0
45133,50,Female,32.2,Asymptomatic,132.0,86.0,78.0,159.0,187.0,62.0,85.0,False,,False,Normal,False,0.0,Flat,2.0,Normal,False,False,Moderate,5.0,1
58467,54,Female,30.5,Atypical Angina,110.0,76.0,74.0,194.0,192.0,43.0,136.0,False,5.6,True,Normal,False,0.0,Up,0.0,Normal,False,False,Moderate,4.0,0
25517,76,Female,34.6,Asymptomatic,128.0,68.0,83.0,160.0,231.0,42.0,151.0,True,5.2,False,Normal,False,0.2,Flat,0.0,Normal,False,False,Low,5.0,0
16125,46,Female,23.8,Typical Angina,106.0,66.0,81.0,171.0,196.0,62.0,106.0,False,5.6,False,Normal,True,0.6,Flat,0.0,Reversible Defect,True,True,High,6.0,0
41736,62,Female,20.6,Typical Angina,138.0,68.0,71.0,152.0,175.0,46.0,106.0,False,4.9,False,Left Ventricular Hypertrophy,False,0.0,Flat,1.0,Normal,False,True,High,5.0,0
61454,60,Male,,Asymptomatic,,79.0,84.0,182.0,257.0,39.0,188.0,True,5.4,False,Normal,False,0.0,Up,0.0,Normal,False,False,Low,7.0,0
74185,45,Female,23.6,Asymptomatic,122.0,,68.0,200.0,177.0,47.0,94.0,False,5.2,False,Normal,True,0.0,Up,0.0,Normal,False,True,Moderate,,0
26174,60,Female,28.04,Asymptomatic,126.0,78.0,102.0,132.0,215.0,,133.0,False,5.7,False,ST-T Wave Abnormality,False,0.0,Up,1.0,Normal,False,False,Low,9.0,0
51156,57,Female,26.5,Typical Angina,121.0,74.0,69.0,184.0,269.0,44.0,193.0,False,5.9,False,Normal,True,0.0,Flat,1.0,Normal,False,False,Moderate,2.0,1
70552,65,Male,20.8,Non-anginal Pain,131.0,77.0,78.0,171.0,206.0,54.0,125.0,False,5.0,False,Normal,False,0.0,Flat,0.0,Normal,False,True,High,1.0,0
76813,58,Female,24.7,Atypical Angina,,81.0,82.0,175.0,230.0,47.0,148.0,False,5.4,False,Normal,True,0.5,Flat,3.0,Normal,False,False,Moderate,7.0,1
46371,29,Male,31.4,Asymptomatic,120.0,87.0,58.0,172.0,199.0,35.0,88.0,False,5.4,False,ST-T Wave Abnormality,False,0.0,Up,1.0,Normal,True,False,High,6.0,0
92199,32,Female,,Asymptomatic,103.0,57.0,79.0,187.0,210.0,57.0,113.0,False,5.3,False,Normal,False,0.5,Up,0.0,Normal,False,True,Moderate,7.0,0
15864,45,Male,31.2,Atypical Angina,118.0,84.0,80.0,175.0,152.0,33.0,90.0,False,5.3,False,ST-T Wave Abnormality,False,0.0,Flat,1.0,Normal,False,False,Moderate,5.0,0
28511,69,Male,31.36,Asymptomatic,139.0,85.0,71.0,174.0,192.0,24.0,138.0,False,5.7,False,Normal,False,0.0,Flat,0.0,Normal,False,False,Moderate,5.0,0
89620,34,Female,22.0,Asymptomatic,90.0,53.0,59.0,194.0,182.0,61.0,104.0,False,5.3,False,Normal,False,0.0,Flat,0.0,Normal,True,False,High,7.0,0
58896,47,Female,28.2,Typical Angina,112.0,75.0,83.0,164.0,192.0,46.0,90.0,False,5.9,True,Normal,True,0.4,Up,1.0,Fixed Defect,False,False,High,6.0,0
38257,40,Female,22.6,Non-anginal Pain,111.0,82.0,,164.0,179.0,63.0,79.0,False,5.6,False,Normal,False,0.5,Up,0.0,Normal,False,False,Moderate,4.0,0
69868,62,Female,28.8,Non-anginal Pain,120.0,,73.0,172.0,189.0,55.0,102.0,False,5.0,False,Normal,False,1.3,Flat,1.0,Normal,False,True,Low,3.0,0
79521,74,Female,29.22,Non-anginal Pain,139.0,89.0,71.0,173.0,185.0,,116.0,True,7.1,True,Normal,False,0.4,Up,0.0,Normal,False,False,,4.0,0
17904,71,Male,24.1,Asymptomatic,,66.0,76.0,158.0,196.0,53.0,120.0,False,5.2,False,Normal,False,1.6,Flat,3.0,Normal,False,False,Moderate,4.0,0
72160,41,Male,22.9,Asymptomatic,120.0,77.0,66.0,197.0,147.0,38.0,91.0,False,5.4,False,Normal,False,2.2,Flat,0.0,Reversible Defect,False,True,High,9.0,0
86643,69,Male,27.62,Asymptomatic,133.0,71.0,74.0,141.0,233.0,32.0,176.0,True,10.6,True,Left Ventricular Hypertrophy,False,0.0,Flat,0.0,Normal,False,True,Moderate,5.0,1
5119,50,Female,22.6,Non-anginal Pain,105.0,75.0,64.0,166.0,208.0,,113.0,False,4.4,False,Normal,False,0.6,Flat,3.0,Normal,False,False,Moderate,4.0,0
44855,55,Female,19.76,Asymptomatic,121.0,89.0,74.0,179.0,131.0,56.0,55.0,True,4.6,False,,False,0.0,Flat,0.0,Reversible Defect,False,False,Moderate,6.0,0
98188,51,Female,23.5,Typical Angina,192.0,104.0,63.0,178.0,276.0,42.0,210.0,False,5.1,False,ST-T Wave Abnormality,False,0.7,Flat,0.0,Normal,True,False,Low,1.0,1
20721,45,Male,21.2,Asymptomatic,110.0,74.0,55.0,176.0,145.0,46.0,85.0,False,5.8,False,Normal,False,0.0,Up,0.0,Normal,False,True,High,5.0,0
14176,30,Female,25.2,Non-anginal Pain,99.0,80.0,,176.0,185.0,64.0,86.0,False,4.9,False,Normal,False,1.8,Flat,0.0,Normal,False,False,High,4.0,0
99914,68,Female,23.2,Asymptomatic,120.0,70.0,67.0,166.0,150.0,53.0,91.0,False,5.1,False,Normal,False,0.0,Up,0.0,Normal,False,False,Moderate,3.0,0
76546,39,Male,26.0,Asymptomatic,131.0,86.0,81.0,191.0,204.0,43.0,134.0,False,5.4,True,Normal,False,0.0,Up,1.0,Normal,False,True,Low,3.0,0
3252,46,Male,24.03,Non-anginal Pain,126.0,78.0,62.0,164.0,145.0,45.0,76.0,False,6.0,False,Normal,True,,Flat,1.0,Fixed Defect,False,False,Low,5.0,0
18621,61,Male,32.1,Asymptomatic,112.0,66.0,48.0,165.0,,,,False,4.7,False,Left Ventricular Hypertrophy,False,0.0,Up,0.0,Normal,False,False,High,4.0,0
53112,70,Male,25.2,Non-anginal Pain,124.0,79.0,63.0,147.0,150.0,42.0,89.0,False,5.5,False,Normal,False,1.4,Up,0.0,Normal,False,True,Moderate,3.0,0
89640,41,Male,34.1,Asymptomatic,99.0,64.0,66.0,198.0,167.0,41.0,83.0,False,5.4,False,Normal,True,1.1,Down,0.0,Normal,False,True,Low,7.0,1
80152,31,Male,25.3,Asymptomatic,125.0,93.0,72.0,185.0,136.0,40.0,69.0,False,5.0,False,Normal,False,0.0,Up,0.0,Normal,False,False,Low,7.0,0
13894,76,Female,23.3,Asymptomatic,124.0,77.0,,149.0,238.0,35.0,192.0,False,5.1,False,Normal,False,1.5,Flat,3.0,Normal,False,False,Moderate,6.0,1
70872,61,Male,28.9,Asymptomatic,124.0,80.0,58.0,145.0,184.0,36.0,,False,5.7,False,Normal,False,0.0,Up,0.0,Fixed Defect,True,False,Moderate,1.0,0
28723,47,Male,26.8,Typical Angina,117.0,73.0,78.0,155.0,200.0,48.0,118.0,False,5.3,False,Normal,False,0.8,Up,0.0,Fixed Defect,True,False,Low,2.0,0
12475,57,Female,22.36,Atypical Angina,123.0,82.0,82.0,172.0,372.0,51.0,285.0,False,5.5,False,Normal,True,0.6,Flat,0.0,Reversible Defect,False,False,Moderate,4.0,1
63169,29,Female,31.0,Asymptomatic,120.0,78.0,85.0,197.0,230.0,37.0,163.0,False,5.5,False,Normal,False,0.0,Flat,0.0,Normal,False,False,Low,3.0,0
42633,84,Female,26.4,Asymptomatic,134.0,71.0,87.0,159.0,207.0,47.0,141.0,False,5.7,False,ST-T Wave Abnormality,False,0.0,Up,,Normal,True,True,Low,4.0,1
54704,70,Male,32.4,Typical Angina,141.0,92.0,80.0,135.0,172.0,48.0,92.0,False,5.7,False,ST-T Wave Abnormality,True,0.0,Flat,1.0,Normal,False,False,Moderate,5.0,0
3967,52,Male,19.7,Asymptomatic,123.0,84.0,77.0,140.0,,31.0,102.0,False,5.3,False,ST-T Wave Abnormality,False,0.0,Flat,1.0,Normal,False,False,Low,8.0,1
68617,73,Female,23.1,Non-anginal Pain,128.0,68.0,,145.0,184.0,68.0,100.0,False,5.5,False,Normal,True,1.3,Flat,1.0,Reversible Defect,True,False,Moderate,5.0,0
8718,41,Male,24.6,Atypical Angina,105.0,60.0,80.0,176.0,117.0,52.0,52.0,False,4.9,False,Normal,True,1.4,Flat,1.0,Normal,False,False,Moderate,7.0,0
57572,52,Male,37.0,Atypical Angina,138.0,94.0,67.0,175.0,182.0,34.0,98.0,False,5.5,False,Normal,False,0.0,Up,0.0,Normal,True,False,Moderate,4.0,0
77808,83,Male,22.5,Asymptomatic,151.0,87.0,78.0,123.0,316.0,53.0,210.0,False,5.5,False,Left Ventricular Hypertrophy,True,0.0,Up,2.0,Reversible Defect,False,False,Low,6.0,1
20783,59,Male,28.5,Non-anginal Pain,132.0,97.0,75.0,170.0,179.0,32.0,123.0,False,4.8,False,ST-T Wave Abnormality,False,0.0,Flat,0.0,Normal,False,True,Moderate,1.0,1
43158,36,Male,29.7,Typical Angina,141.0,92.0,71.0,173.0,209.0,27.0,149.0,False,4.8,False,Normal,True,2.7,Flat,0.0,Reversible Defect,False,True,Low,5.0,1
8951,51,Male,21.2,Atypical Angina,117.0,77.0,68.0,172.0,168.0,49.0,94.0,False,4.9,False,Normal,True,0.0,Up,0.0,Normal,False,False,Moderate,4.0,0
94030,46,Male,20.3,Non-anginal Pain,107.0,70.0,67.0,184.0,194.0,55.0,110.0,False,,False,Normal,False,0.0,Up,3.0,Fixed Defect,False,False,High,2.0,0
61687,26,Female,32.8,Non-anginal Pain,106.0,88.0,67.0,190.0,218.0,53.0,140.0,True,8.2,True,Normal,False,0.0,,0.0,Normal,False,True,High,9.0,0
73995,44,Male,23.5,Non-anginal Pain,126.0,88.0,82.0,176.0,154.0,30.0,112.0,False,5.1,False,Normal,False,0.0,Up,0.0,Normal,True,False,Moderate,7.0,0
63964,47,Male,20.4,Non-anginal Pain,122.0,84.0,77.0,181.0,152.0,48.0,86.0,False,4.7,False,Normal,False,0.0,Up,0.0,Normal,False,False,Low,9.0,0
8895,40,Male,23.7,Non-anginal Pain,99.0,63.0,78.0,165.0,266.0,50.0,185.0,False,5.0,False,Normal,False,0.8,Flat,1.0,Reversible Defect,False,False,Moderate,5.0,0
45890,50,Female,23.6,Asymptomatic,119.0,82.0,68.0,210.0,204.0,52.0,126.0,False,,False,Normal,False,0.0,Up,0.0,Normal,False,False,High,8.0,0
65490,49,Female,32.7,Asymptomatic,117.0,80.0,71.0,173.0,198.0,45.0,82.0,False,5.2,False,Normal,False,0.0,Up,0.0,Normal,False,False,Moderate,1.0,0
64042,58,Male,27.7,Asymptomatic,123.0,75.0,79.0,174.0,211.0,35.0,118.0,False,4.8,False,Normal,False,0.0,Up,3.0,Fixed Defect,True,False,Moderate,5.0,1
37412,44,Female,34.18,Asymptomatic,117.0,80.0,73.0,159.0,252.0,41.0,116.0,,5.5,False,Normal,False,0.0,Up,1.0,Normal,True,False,Moderate,7.0,0
39547,43,female,21.8,Asymptomatic,130.0,90.0,63.0,160.0,172.0,68.0,,False,5.1,False,ST-T Wave Abnormality,False,0.0,Flat,1.0,Reversible Defect,True,False,Moderate,6.0,0
8617,57,Male,32.9,Non-anginal Pain,133.0,93.0,76.0,171.0,159.0,23.0,127.0,False,4.6,False,Normal,False,0.0,Up,0.0,Normal,False,False,Low,7.0,0
59415,63,Female,27.9,Typical Angina,138.0,78.0,75.0,151.0,250.0,59.0,134.0,False,4.6,False,Normal,False,0.0,Up,0.0,Normal,False,False,Low,7.0,0
9134,60,Male,27.1,Asymptomatic,126.0,72.0,69.0,164.0,173.0,43.0,103.0,False,5.3,False,Normal,False,0.0,Flat,0.0,Reversible Defect,False,True,Moderate,10.0,0
27428,46,Male,19.27,Atypical Angina,131.0,78.0,67.0,182.0,251.0,61.0,158.0,False,5.3,False,Normal,False,0.0,Up,0.0,Normal,False,False,High,7.0,0
40812,76,Female,27.4,Atypical Angina,133.0,81.0,80.0,140.0,158.0,46.0,95.0,False,4.7,False,Normal,True,4.2,Flat,2.0,Fixed Defect,False,False,Low,7.0,0
32952,77,Female,33.73,Atypical Angina,109.0,79.0,81.0,134.0,201.0,41.0,128.0,False,7.5,True,Normal,False,0.7,Flat,0.0,Normal,False,False,Moderate,10.0,1
54887,79,Female,37.2,Asymptomatic,152.0,97.0,62.0,148.0,222.0,,131.0,True,7.0,True,Normal,False,0.6,Up,0.0,Fixed Defect,False,False,Moderate,6.0,1
71526,61,Male,28.8,Non-anginal Pain,149.0,88.0,85.0,133.0,225.0,58.0,141.0,False,5.3,False,ST-T Wave Abnormality,False,0.6,Up,1.0,Normal,False,False,Moderate,7.0,0
91432,29,Male,29.5,Atypical Angina,97.0,73.0,69.0,176.0,217.0,38.0,122.0,False,4.4,False,Normal,False,0.0,Up,0.0,Normal,True,True,Moderate,6.0,0
44877,58,Female,36.7,Typical Angina,122.0,72.0,67.0,134.0,,,,False,,False,,False,0.6,Down,0.0,Normal,False,False,Low,6.0,1
5343,42,Female,22.19,Atypical Angina,127.0,84.0,58.0,184.0,155.0,62.0,71.0,False,4.9,False,Normal,False,0.1,Flat,0.0,Reversible Defect,False,False,High,4.0,0
35965,81,Male,27.7,Atypical Angina,135.0,87.0,76.0,163.0,210.0,46.0,132.0,True,7.4,True,Normal,False,0.0,Up,0.0,Normal,False,False,Low,2.0,1
46135,40,Female,27.8,Asymptomatic,95.0,67.0,55.0,207.0,214.0,69.0,85.0,False,5.8,False,Normal,False,0.1,Flat,0.0,Normal,True,False,High,3.0,0
73783,53,Female,31.99,Non-anginal Pain,128.0,96.0,69.0,172.0,242.0,46.0,113.0,False,5.8,False,Normal,False,0.0,Flat,2.0,Reversible Defect,False,False,Moderate,5.0,1
85058,49,Male,18.5,Asymptomatic,113.0,76.0,80.0,198.0,272.0,65.0,189.0,False,5.6,False,Normal,False,0.0,Down,0.0,Normal,False,False,Moderate,7.0,0
30267,76,Male,29.62,Atypical Angina,152.0,79.0,65.0,150.0,180.0,49.0,79.0,False,5.7,False,Normal,False,0.0,Flat,1.0,Normal,False,True,High,9.0,1
80679,79,Male,33.6,Asymptomatic,132.0,77.0,77.0,115.0,221.0,58.0,139.0,False,5.4,False,Normal,False,0.0,Up,0.0,Fixed Defect,False,True,Low,4.0,0
21969,45,Female,20.7,Atypical Angina,129.0,79.0,79.0,164.0,198.0,56.0,105.0,False,5.0,False,Normal,False,0.0,Up,2.0,Normal,False,False,Moderate,5.0,0
72834,30,Female,18.21,Typical Angina,124.0,79.0,65.0,160.0,209.0,,126.0,False,,False,Left Ventricular Hypertrophy,False,0.0,Flat,0.0,Normal,False,False,Moderate,2.0,0
59134,71,Female,29.9,Non-anginal Pain,121.0,74.0,83.0,162.0,203.0,40.0,119.0,True,,False,Normal,False,0.0,Up,1.0,Reversible Defect,False,False,,5.0,1
8843,61,Male,27.3,Typical Angina,123.0,82.0,78.0,148.0,159.0,51.0,86.0,False,5.2,False,Normal,False,1.0,Flat,1.0,Normal,False,False,Low,2.0,1
1779,54,Male,30.1,Atypical Angina,111.0,74.0,72.0,178.0,140.0,,94.0,False,5.6,False,Normal,False,0.0,Up,0.0,Normal,False,False,Moderate,4.0,0
62557,31,Female,27.5,Asymptomatic,118.0,88.0,114.0,191.0,205.0,,134.0,False,5.0,False,Normal,False,0.0,Up,0.0,Normal,False,False,High,9.0,0
35961,44,Male,28.94,Non-anginal Pain,120.0,81.0,75.0,140.0,,37.0,114.0,False,5.5,False,Normal,False,0.0,Flat,0.0,Normal,False,False,Moderate,4.0,0
35090,67,Male,22.4,Asymptomatic,184.0,103.0,65.0,177.0,252.0,43.0,171.0,False,5.2,False,Left Ventricular Hypertrophy,True,0.0,Flat,1.0,Normal,False,True,Moderate,4.0,1
97237,63,Female,20.9,Non-anginal Pain,138.0,83.0,69.0,151.0,297.0,42.0,180.0,False,5.3,False,Normal,False,3.5,Flat,3.0,Reversible Defect,False,False,Low,4.0,1
77737,31,Female,22.25,Atypical Angina,114.0,66.0,65.0,209.0,202.0,52.0,111.0,False,4.7,False,Normal,True,0.0,,0.0,Normal,False,True,High,8.0,0
15888,62,Female,25.26,Asymptomatic,120.0,72.0,69.0,131.0,174.0,62.0,73.0,False,6.1,False,Normal,False,0.0,Up,0.0,Normal,False,False,Low,1.0,0
56069,61,Male,36.8,Asymptomatic,146.0,94.0,80.0,147.0,230.0,36.0,144.0,True,7.3,True,Normal,False,0.1,Flat,0.0,Normal,True,False,Low,6.0,1
79289,32,Male,26.82,Typical Angina,119.0,66.0,72.0,163.0,166.0,40.0,102.0,False,5.2,False,Normal,False,2.8,Flat,0.0,Normal,False,False,Moderate,8.0,0
67564,83,Male,30.2,Asymptomatic,152.0,94.0,82.0,111.0,145.0,26.0,87.0,False,5.8,False,Normal,False,0.5,Flat,2.0,Normal,False,False,Low,3.0,1
27665,60,Female,32.3,Non-anginal Pain,130.0,77.0,74.0,156.0,254.0,60.0,168.0,False,4.8,False,Normal,,0.9,Up,0.0,Fixed Defect,False,False,Low,10.0,0
38766,62,Female,27.9,Typical Angina,121.0,79.0,76.0,151.0,153.0,56.0,87.0,False,5.3,False,Normal,True,0.6,Flat,1.0,Reversible Defect,False,False,Moderate,6.0,1
74208,39,Female,25.45,Non-anginal Pain,90.0,69.0,71.0,181.0,250.0,58.0,168.0,False,5.7,False,Normal,False,0.0,Flat,0.0,Normal,False,False,Moderate,5.0,0
34416,65,Male,19.0,Asymptomatic,,60.0,65.0,202.0,186.0,52.0,112.0,False,4.9,False,Normal,False,0.0,Up,3.0,Normal,False,False,Moderate,6.0,0
63120,74,Female,23.64,Typical Angina,114.0,85.0,66.0,156.0,182.0,61.0,115.0,False,6.1,False,Normal,False,0.0,Up,1.0,Normal,False,False,Moderate,5.0,0
32177,78,Male,33.2,Atypical Angina,143.0,80.0,,142.0,167.0,56.0,96.0,False,5.7,False,Normal,False,0.5,Up,0.0,Fixed Defect,False,False,High,2.0,0
26824,37,Female,28.2,Atypical Angina,94.0,63.0,68.0,202.0,206.0,59.0,130.0,False,4.8,False,Normal,True,0.0,Up,1.0,Normal,False,False,High,4.0,0
97580,63,Female,22.8,Typical Angina,131.0,73.0,78.0,139.0,213.0,,128.0,False,5.1,False,Normal,True,3.3,Flat,2.0,Fixed Defect,False,False,Moderate,6.0,1
37725,38,Female,29.54,Asymptomatic,123.0,83.0,82.0,151.0,138.0,46.0,79.0,True,5.8,False,Normal,False,0.0,Up,0.0,Normal,True,False,Low,,0
5981,60,Male,24.9,Typical Angina,119.0,79.0,73.0,164.0,166.0,44.0,90.0,False,5.7,False,Normal,False,0.0,Up,0.0,,False,False,Moderate,4.0,0
57616,63,Male,35.3,Asymptomatic,123.0,75.0,86.0,171.0,164.0,38.0,111.0,False,5.8,False,ST-T Wave Abnormality,True,0.0,Flat,1.0,Normal,False,False,Low,4.0,0
69187,64,Female,26.51,Atypical Angina,122.0,81.0,75.0,164.0,276.0,43.0,195.0,False,5.5,False,Normal,False,1.6,Flat,0.0,Normal,False,True,High,4.0,0
93698,67,Female,33.0,Atypical Angina,121.0,,73.0,170.0,276.0,40.0,203.0,False,5.3,False,Normal,False,0.0,Up,0.0,,False,False,Moderate,4.0,1
62239,65,Male,18.8,Asymptomatic,115.0,73.0,74.0,151.0,174.0,46.0,112.0,False,5.3,False,Normal,True,1.2,Down,0.0,Fixed Defect,False,True,Moderate,6.0,0
46907,50,Male,23.0,Atypical Angina,129.0,71.0,70.0,172.0,217.0,47.0,147.0,False,5.3,False,Normal,False,0.0,Up,0.0,Normal,False,False,Low,6.0,0
62136,36,Male,26.0,Asymptomatic,103.0,52.0,64.0,191.0,176.0,54.0,107.0,False,4.9,False,Normal,False,0.0,Up,1.0,Normal,False,False,High,4.0,0
33458,61,Male,25.9,Asymptomatic,107.0,77.0,92.0,144.0,141.0,43.0,83.0,False,5.8,False,Normal,False,0.0,Up,2.0,Normal,False,True,Low,7.0,0
40874,41,Male,,Asymptomatic,97.0,77.0,71.0,166.0,177.0,46.0,112.0,False,5.0,False,Normal,False,1.2,Flat,0.0,Normal,True,False,High,7.0,0
90324,86,Female,27.6,Non-anginal Pain,139.0,79.0,87.0,134.0,247.0,39.0,159.0,True,8.6,False,ST-T Wave Abnormality,False,0.0,Flat,1.0,Normal,False,False,,7.0,1
13794,79,Female,35.2,Asymptomatic,127.0,73.0,71.0,147.0,329.0,48.0,162.0,False,6.0,False,Normal,False,0.1,Up,1.0,Normal,False,True,Moderate,4.0,0
94305,57,Male,26.9,Non-anginal Pain,126.0,84.0,54.0,167.0,220.0,50.0,117.0,False,6.2,True,Left Ventricular Hypertrophy,False,0.0,Up,2.0,Normal,False,True,High,5.0,0
47831,59,Male,26.4,Non-anginal Pain,96.0,70.0,62.0,168.0,174.0,42.0,127.0,False,,False,Normal,False,0.0,Up,0.0,Normal,False,False,Moderate,4.0,0
88893,50,Male,26.8,Asymptomatic,113.0,73.0,68.0,210.0,214.0,35.0,157.0,False,5.2,False,Normal,False,0.0,Flat,0.0,Normal,False,False,Moderate,6.0,0
45177,28,Female,32.6,Atypical Angina,96.0,65.0,49.0,191.0,224.0,70.0,105.0,False,4.9,False,Normal,False,0.0,Up,0.0,Normal,False,False,High,4.0,0
35881,41,Male,29.1,Asymptomatic,122.0,70.0,71.0,165.0,172.0,35.0,106.0,False,5.4,False,Normal,False,0.0,Flat,0.0,,True,False,Low,7.0,0
25299,73,Male,37.39,Non-anginal Pain,149.0,81.0,77.0,134.0,167.0,49.0,93.0,False,5.8,False,Normal,False,0.2,Up,0.0,Reversible Defect,False,False,Low,5.0,1
95532,64,Female,24.3,Non-anginal Pain,139.0,92.0,69.0,135.0,199.0,56.0,109.0,False,5.5,False,Normal,False,0.0,Up,0.0,Normal,False,False,Low,9.0,0
83489,35,Male,,Non-anginal Pain,108.0,71.0,71.0,191.0,191.0,,114.0,False,4.8,False,Normal,False,0.0,Up,0.0,Normal,False,False,Moderate,8.0,0
31206,45,Female,19.19,Non-anginal Pain,105.0,73.0,80.0,196.0,156.0,55.0,82.0,False,5.6,,Normal,True,0.7,Flat,0.0,Normal,False,False,Moderate,4.0,0
13438,56,Male,33.9,Typical Angina,120.0,65.0,84.0,160.0,123.0,31.0,73.0,False,5.8,False,Left Ventricular Hypertrophy,False,,Flat,0.0,Normal,False,False,Low,5.0,0
17205,68,Male,28.1,Asymptomatic,129.0,80.0,76.0,136.0,180.0,55.0,102.0,False,5.4,False,Normal,False,0.0,Up,1.0,Normal,False,False,High,7.0,0
1229,47,Female,25.8,Typical Angina,132.0,81.0,67.0,179.0,231.0,66.0,108.0,False,5.4,False,ST-T Wave Abnormality,False,0.0,Up,1.0,Normal,True,False,High,6.0,1
53817,54,Female,26.5,Asymptomatic,130.0,88.0,66.0,164.0,194.0,,94.0,True,8.8,True,Normal,True,0.0,Up,0.0,Normal,False,True,Moderate,7.0,0
98935,29,Male,25.19,,109.0,82.0,68.0,198.0,239.0,52.0,156.0,False,4.7,False,Normal,True,0.0,Down,0.0,Normal,False,False,High,4.0,0
99208,70,Female,27.15,,183.0,100.0,74.0,152.0,161.0,39.0,103.0,False,5.4,False,Left Ventricular Hypertrophy,False,0.1,Up,1.0,Normal,False,True,Moderate,4.0,0
46279,37,Male,34.5,Typical Angina,126.0,79.0,77.0,174.0,126.0,39.0,81.0,True,7.2,True,Normal,True,1.4,Flat,2.0,Reversible Defect,False,False,Moderate,4.0,1
84570,66,Male,22.0,Non-anginal Pain,128.0,74.0,65.0,143.0,219.0,44.0,141.0,False,5.4,False,Normal,False,0.0,Up,0.0,Normal,False,False,Low,5.0,0
33828,65,Female,22.7,Asymptomatic,118.0,69.0,71.0,168.0,241.0,42.0,163.0,False,5.6,False,Normal,False,0.0,Flat,1.0,Normal,False,False,Moderate,6.0,0
82362,57,Female,24.47,Non-anginal Pain,123.0,84.0,64.0,172.0,253.0,68.0,157.0,False,4.8,False,Normal,True,0.0,Flat,2.0,Normal,False,False,Moderate,3.0,1
4964,55,Female,18.7,Atypical Angina,120.0,82.0,64.0,150.0,242.0,54.0,157.0,False,,False,Normal,False,0.5,Up,1.0,Normal,True,False,Moderate,4.0,1
30758,74,Male,24.4,Non-anginal Pain,119.0,89.0,65.0,140.0,196.0,40.0,149.0,False,5.8,False,Normal,False,,Up,0.0,Normal,False,False,Moderate,8.0,0
26138,35,Female,19.8,Asymptomatic,90.0,70.0,67.0,178.0,190.0,53.0,108.0,False,5.1,False,Normal,False,1.0,Flat,1.0,Normal,False,True,High,5.0,0
51115,52,Female,29.6,Atypical Angina,111.0,74.0,64.0,161.0,212.0,53.0,93.0,False,5.1,False,Normal,False,0.0,Up,0.0,Normal,False,True,Moderate,4.0,0
45852,59,Male,32.1,Asymptomatic,137.0,79.0,73.0,147.0,204.0,45.0,126.0,False,5.6,False,Normal,False,0.0,Down,0.0,Normal,False,True,Low,8.0,0
12719,55,Male,28.6,Non-anginal Pain,128.0,,73.0,145.0,196.0,67.0,83.0,True,8.6,True,Normal,False,0.0,Up,0.0,Normal,False,True,Moderate,7.0,0
26524,64,Male,20.6,Asymptomatic,117.0,72.0,63.0,157.0,224.0,53.0,158.0,False,5.0,False,Normal,False,0.0,Up,0.0,Normal,True,True,Moderate,5.0,0
87162,70,Male,33.3,Asymptomatic,133.0,84.0,81.0,154.0,258.0,29.0,199.0,,6.5,False,Normal,False,0.0,Up,0.0,Fixed Defect,True,False,Low,6.0,1
12136,41,Male,29.2,Asymptomatic,102.0,81.0,70.0,192.0,152.0,46.0,76.0,True,8.1,True,Normal,False,0.0,Up,0.0,,False,False,Moderate,4.0,1
90249,71,Male,28.3,Non-anginal Pain,138.0,84.0,80.0,160.0,211.0,41.0,138.0,False,5.5,False,Normal,False,0.0,Up,0.0,Normal,False,False,Low,10.0,0
74412,56,Female,26.6,Non-anginal Pain,106.0,68.0,86.0,,191.0,48.0,117.0,False,5.0,False,Normal,False,0.7,Up,0.0,Normal,False,False,High,6.0,0
41911,54,Male,37.5,Non-anginal Pain,119.0,76.0,76.0,155.0,,45.0,134.0,False,5.5,False,,False,0.0,Up,0.0,Reversible Defect,False,False,Moderate,9.0,1
77441,37,Male,27.1,Atypical Angina,103.0,75.0,78.0,162.0,,35.0,181.0,False,4.9,False,Normal,True,0.0,Up,0.0,Reversible Defect,False,False,Moderate,9.0,0
20258,53,Female,34.0,Typical Angina,142.0,92.0,66.0,178.0,304.0,47.0,224.0,False,5.0,False,Normal,False,0.4,Flat,2.0,Normal,False,False,High,4.0,0
36892,32,Female,27.43,Non-anginal Pain,131.0,86.0,65.0,195.0,156.0,40.0,89.0,False,5.0,False,,False,0.0,Up,1.0,Normal,True,False,High,7.0,0
82081,67,Male,31.7,Typical Angina,136.0,89.0,64.0,139.0,178.0,36.0,117.0,False,5.9,False,Left Ventricular Hypertrophy,False,0.0,Up,3.0,Fixed Defect,False,True,Moderate,5.0,1
18065,28,Male,27.8,Asymptomatic,103.0,70.0,61.0,194.0,183.0,58.0,109.0,False,5.1,False,Normal,True,0.0,Up,0.0,Reversible Defect,False,False,High,7.0,0
98464,61,Female,21.0,Atypical Angina,142.0,77.0,91.0,144.0,268.0,53.0,211.0,False,5.4,False,ST-T Wave Abnormality,False,2.5,Flat,1.0,Fixed Defect,False,False,Low,6.0,1
83139,59,Male,,Asymptomatic,129.0,68.0,80.0,144.0,182.0,62.0,100.0,False,5.0,False,Normal,False,0.5,Up,0.0,Normal,False,True,Low,7.0,0
96492,46,Male,26.0,Asymptomatic,113.0,73.0,65.0,162.0,245.0,39.0,197.0,False,4.9,False,Normal,False,0.8,Up,0.0,Normal,True,False,Low,1.0,0
17481,41,Male,24.8,Non-anginal Pain,106.0,85.0,75.0,178.0,199.0,37.0,117.0,False,5.5,False,Normal,False,0.7,Up,0.0,Normal,False,True,Low,9.0,0
32129,56,Female,24.63,Atypical Angina,122.0,81.0,82.0,168.0,185.0,40.0,138.0,False,6.0,False,Normal,True,0.0,Up,0.0,Normal,False,False,Low,4.0,0
23605,41,Male,23.1,Asymptomatic,103.0,63.0,65.0,203.0,140.0,49.0,79.0,True,5.4,True,Left Ventricular Hypertrophy,False,0.1,Up,0.0,Normal,False,False,High,3.0,0
92088,66,Female,28.2,Typical Angina,121.0,83.0,79.0,154.0,204.0,37.0,136.0,False,5.6,False,Normal,True,2.2,Flat,2.0,Reversible Defect,False,False,Low,6.0,1
50982,64,Male,34.6,Non-anginal Pain,154.0,100.0,78.0,128.0,229.0,47.0,132.0,False,5.5,False,Normal,True,0.0,Flat,1.0,Normal,False,False,Moderate,1.0,0
24804,61,Male,30.34,Asymptomatic,139.0,86.0,63.0,155.0,211.0,52.0,154.0,False,6.0,False,,False,0.0,Flat,0.0,Normal,False,True,Moderate,2.0,0
6232,63,Male,35.9,Atypical Angina,,83.0,69.0,133.0,185.0,35.0,117.0,True,6.8,True,Normal,False,0.5,Up,0.0,Normal,False,False,Low,6.0,1
15387,51,Male,27.0,Asymptomatic,119.0,,75.0,190.0,151.0,57.0,73.0,False,4.9,False,Normal,True,0.0,Up,0.0,Normal,False,False,Moderate,8.0,1
84083,56,Male,28.0,Typical Angina,117.0,87.0,78.0,152.0,184.0,33.0,137.0,False,4.4,False,Normal,False,0.0,Flat,0.0,Reversible Defect,True,False,Low,2.0,1
99444,49,Female,25.2,Typical Angina,135.0,70.0,75.0,159.0,155.0,36.0,92.0,False,5.8,False,Left Ventricular Hypertrophy,False,0.0,Flat,0.0,Reversible Defect,True,False,Low,2.0,0
70875,72,Male,28.8,Atypical Angina,150.0,83.0,76.0,147.0,161.0,59.0,89.0,True,7.4,True,ST-T Wave Abnormality,False,1.1,Flat,0.0,Normal,False,False,Moderate,8.0,1
35632,53,Female,25.1,Asymptomatic,120.0,80.0,69.0,136.0,188.0,44.0,108.0,False,5.0,False,ST-T Wave Abnormality,False,0.0,Up,0.0,Normal,True,True,Low,6.0,0
55217,58,Male,30.2,Asymptomatic,133.0,80.0,75.0,190.0,,62.0,113.0,False,,False,Left Ventricular Hypertrophy,True,0.0,Up,0.0,Normal,False,False,Low,7.0,0
81224,49,Female,22.4,Asymptomatic,104.0,64.0,68.0,181.0,163.0,60.0,61.0,False,4.9,False,Normal,False,0.0,Down,0.0,Normal,False,True,Moderate,4.0,0
47423,50,Male,25.2,Non-anginal Pain,120.0,79.0,59.0,189.0,143.0,42.0,84.0,False,5.1,False,,True,0.0,Up,0.0,Normal,True,False,Moderate,4.0,0
77031,45,Female,31.0,Asymptomatic,116.0,91.0,88.0,181.0,208.0,55.0,143.0,False,5.4,False,Normal,False,0.7,Flat,0.0,Normal,True,False,Moderate,3.0,0
11508,47,Female,28.3,Atypical Angina,134.0,,61.0,173.0,176.0,48.0,,False,5.5,False,,False,0.0,Flat,0.0,Normal,False,True,Moderate,1.0,0
16696,75,Male,28.7,Asymptomatic,126.0,69.0,75.0,161.0,184.0,47.0,71.0,False,6.0,False,Normal,False,2.2,Flat,0.0,Normal,False,False,Moderate,9.0,0
84424,53,Female,38.8,Asymptomatic,122.0,76.0,68.0,159.0,194.0,44.0,,False,5.9,True,Normal,False,0.0,Flat,,Normal,False,False,Moderate,6.0,0
30143,74,Male,28.0,Typical angina,140.0,86.0,86.0,149.0,174.0,44.0,99.0,True,11.7,True,Normal,True,0.0,Flat,1.0,Reversible Defect,False,True,Moderate,5.0,1
33925,75,Female,39.0,Asymptomatic,139.0,91.0,77.0,137.0,253.0,60.0,164.0,True,6.8,True,ST-T Wave Abnormality,True,0.6,Up,0.0,Normal,False,True,Low,5.0,0
592,48,Female,26.07,Typical Angina,125.0,83.0,81.0,175.0,170.0,50.0,86.0,False,5.2,False,Normal,True,0.7,Flat,0.0,Normal,True,False,Low,4.0,0
36552,49,Male,31.21,Asymptomatic,106.0,73.0,63.0,169.0,224.0,41.0,158.0,False,5.6,False,Normal,False,0.0,Flat,0.0,Normal,False,False,Moderate,4.0,0
87236,61,Male,37.2,Non-anginal Pain,103.0,76.0,88.0,135.0,225.0,35.0,130.0,True,7.2,True,Normal,False,0.0,Flat,0.0,Normal,False,False,Low,6.0,0
91156,56,Female,19.8,Asymptomatic,100.0,65.0,60.0,167.0,167.0,61.0,86.0,False,5.1,False,Normal,False,0.0,Up,0.0,Normal,False,False,Moderate,4.0,0
66998,69,Female,24.4,Typical Angina,120.0,78.0,82.0,156.0,186.0,,93.0,False,5.2,False,Normal,False,1.6,Down,0.0,Normal,False,True,Moderate,5.0,0
36495,73,Male,27.1,Atypical Angina,149.0,85.0,62.0,144.0,195.0,48.0,113.0,False,,False,Normal,False,0.0,Up,0.0,Normal,False,False,Moderate,3.0,1
17789,73,Female,20.3,Asymptomatic,123.0,77.0,60.0,153.0,159.0,49.0,99.0,False,5.0,False,ST-T Wave Abnormality,False,0.0,Up,1.0,Reversible Defect,False,False,High,1.0,0
10599,67,Male,23.4,Asymptomatic,141.0,85.0,69.0,147.0,257.0,45.0,141.0,False,5.3,False,Normal,True,1.4,Up,3.0,Normal,False,False,Moderate,3.0,1
13113,49,Male,26.1,Non-anginal Pain,92.0,69.0,79.0,171.0,210.0,45.0,136.0,False,5.3,False,Normal,False,0.0,Up,0.0,Normal,False,True,Moderate,4.0,1
96563,54,Male,,Non-anginal Pain,119.0,64.0,70.0,196.0,271.0,57.0,168.0,False,4.9,False,Normal,False,,Up,0.0,Normal,False,False,High,5.0,1
60747,59,Female,25.18,Asymptomatic,123.0,77.0,62.0,187.0,127.0,54.0,48.0,False,,False,Normal,False,0.0,Up,0.0,Normal,False,False,Moderate,2.0,0
77717,41,Female,18.5,Non-anginal Pain,109.0,74.0,70.0,175.0,250.0,77.0,79.0,False,4.8,False,ST-T Wave Abnormality,False,1.2,Flat,1.0,Normal,False,False,High,7.0,0
73740,29,Male,,Asymptomatic,92.0,61.0,81.0,166.0,150.0,41.0,,False,5.6,False,,False,0.0,Up,0.0,,False,False,Moderate,8.0,0
27343,68,Male,25.4,Non-anginal Pain,126.0,75.0,79.0,160.0,226.0,,152.0,False,5.6,False,ST-T Wave Abnormality,False,0.0,Flat,3.0,,True,True,Low,6.0,1
32216,74,Male,31.4,Asymptomatic,136.0,88.0,70.0,134.0,214.0,51.0,127.0,False,5.6,False,ST-T Wave Abnormality,False,0.0,Flat,1.0,Normal,False,True,Moderate,10.0,1
33944,41,Female,27.3,Asymptomatic,109.0,73.0,75.0,178.0,201.0,46.0,120.0,False,,False,Normal,False,,Flat,0.0,Normal,False,False,High,4.0,0
76438,41,Male,33.4,Non-anginal Pain,115.0,80.0,66.0,168.0,213.0,41.0,125.0,False,5.2,False,Normal,False,2.4,Flat,0.0,Normal,False,True,High,6.0,1
46220,73,Male,27.4,Typical Angina,150.0,91.0,84.0,129.0,228.0,42.0,164.0,False,5.2,False,Normal,True,0.0,Flat,1.0,Normal,True,False,Low,10.0,1
82774,62,Female,22.4,Atypical Angina,126.0,81.0,77.0,165.0,158.0,48.0,89.0,False,4.9,False,Normal,False,1.5,Up,0.0,,False,False,,5.0,1
56804,45,Male,31.6,Non-anginal Pain,109.0,70.0,69.0,190.0,232.0,54.0,136.0,True,6.6,True,Normal,False,0.0,Flat,0.0,Normal,False,False,Moderate,2.0,0
84217,79,Female,22.58,Asymptomatic,132.0,84.0,78.0,154.0,,,,False,5.0,False,Normal,False,0.0,Up,2.0,Normal,False,False,Moderate,8.0,1
59339,43,Male,31.7,Asymptomatic,110.0,63.0,71.0,164.0,228.0,50.0,162.0,False,5.2,False,Normal,False,0.0,Up,0.0,Normal,True,False,Low,6.0,0
46781,49,Male,30.9,Asymptomatic,90.0,62.0,66.0,166.0,145.0,35.0,,True,5.4,False,Normal,False,0.1,Up,0.0,Normal,True,True,Low,4.0,0
95276,41,Female,21.5,Asymptomatic,90.0,68.0,61.0,202.0,143.0,55.0,74.0,False,5.5,False,Normal,False,0.9,Up,0.0,Normal,False,False,Moderate,3.0,0
96469,71,Female,29.6,Atypical Angina,156.0,97.0,65.0,143.0,200.0,54.0,135.0,False,5.8,False,Normal,True,0.0,Down,1.0,Normal,False,False,Low,7.0,0
25716,39,Male,25.7,Non-anginal Pain,,87.0,70.0,175.0,192.0,43.0,115.0,False,5.5,False,Normal,False,0.0,Down,0.0,Reversible Defect,False,False,Moderate,,0
77234,50,Female,21.93,Asymptomatic,119.0,94.0,66.0,204.0,187.0,60.0,102.0,False,5.6,False,Normal,False,0.0,Up,1.0,Normal,False,True,High,3.0,0
94194,48,Male,25.1,Asymptomatic,118.0,71.0,65.0,185.0,174.0,35.0,118.0,False,4.9,False,Normal,False,0.0,Up,0.0,Reversible Defect,False,False,Low,1.0,0
80187,65,Male,20.3,Asymptomatic,120.0,79.0,68.0,177.0,215.0,72.0,103.0,False,4.9,False,Normal,False,0.0,Up,0.0,Normal,False,False,Moderate,10.0,0
32170,41,Female,24.4,Atypical Angina,109.0,71.0,67.0,201.0,204.0,39.0,135.0,False,5.4,False,Normal,False,,Flat,0.0,Normal,False,False,High,9.0,0
79756,63,Male,24.3,Non-anginal Pain,141.0,82.0,84.0,181.0,144.0,,95.0,False,5.1,False,Normal,True,3.9,Flat,0.0,Normal,False,False,High,5.0,0
59625,55,Female,34.4,Atypical Angina,127.0,82.0,79.0,165.0,215.0,53.0,133.0,False,5.1,False,Normal,False,0.0,Flat,0.0,Normal,False,True,Low,3.0,0
82907,49,Male,22.9,Non Anginal Pain,118.0,80.0,66.0,167.0,161.0,41.0,,False,5.1,False,ST-T Wave Abnormality,False,0.0,Flat,1.0,Normal,True,False,High,5.0,0
77358,55,Male,24.3,Atypical Angina,113.0,70.0,76.0,169.0,174.0,54.0,100.0,False,4.9,False,Normal,False,0.3,Up,0.0,Normal,True,True,Moderate,6.0,0
10846,45,Male,17.6,Asymptomatic,116.0,74.0,62.0,169.0,135.0,50.0,73.0,False,4.3,False,Normal,False,0.0,Up,0.0,Normal,False,True,High,5.0,0
17977,39,Female,23.3,Non-anginal Pain,104.0,74.0,52.0,191.0,215.0,60.0,111.0,False,5.1,False,Normal,False,,Up,0.0,Normal,False,False,High,4.0,0
9201,50,Male,29.9,Asymptomatic,109.0,72.0,70.0,201.0,213.0,59.0,143.0,False,5.4,False,Normal,False,0.0,Up,0.0,Normal,False,False,High,7.0,0
54267,47,Female,26.3,Non-anginal Pain,109.0,77.0,79.0,148.0,155.0,62.0,79.0,False,4.9,False,Normal,False,0.0,Up,0.0,Normal,False,False,Low,4.0,0
34960,71,Male,25.3,Non-anginal Pain,118.0,80.0,74.0,162.0,169.0,46.0,104.0,False,5.7,False,Normal,False,0.6,Up,1.0,Normal,True,False,Moderate,4.0,0
58188,59,Male,38.1,Asymptomatic,109.0,71.0,73.0,147.0,141.0,40.0,73.0,False,4.9,False,Normal,False,0.0,Flat,0.0,Normal,False,False,Low,6.0,0
10365,35,Female,,Atypical Angina,140.0,95.0,73.0,185.0,,48.0,98.0,False,5.1,False,Normal,False,0.0,Up,0.0,Normal,True,False,Moderate,4.0,0
13549,51,Female,26.6,Asymptomatic,98.0,79.0,74.0,160.0,196.0,49.0,106.0,True,7.5,True,,False,0.0,Flat,1.0,Normal,False,False,Moderate,7.0,0
38747,48,Female,41.0,Asymptomatic,129.0,82.0,79.0,131.0,239.0,43.0,116.0,False,5.4,False,ST-T Wave Abnormality,False,0.1,Up,0.0,Normal,False,False,Low,5.0,0
64739,81,Male,40.4,Atypical Angina,,93.0,90.0,160.0,,28.0,159.0,True,8.1,True,Normal,False,0.0,Flat,1.0,Reversible Defect,False,False,Moderate,8.0,1
29349,45,Female,26.6,Asymptomatic,115.0,79.0,82.0,166.0,202.0,51.0,129.0,False,5.4,False,Normal,False,0.0,Up,1.0,Normal,False,True,Low,4.0,0
61651,68,Male,23.7,Non-anginal Pain,122.0,72.0,60.0,155.0,211.0,51.0,135.0,False,4.7,False,Normal,False,0.0,Up,0.0,Normal,False,False,Moderate,5.0,0
20255,49,Male,21.7,Atypical Angina,103.0,59.0,85.0,155.0,254.0,35.0,190.0,False,4.0,False,ST-T Wave Abnormality,False,0.1,Down,2.0,Normal,False,False,Low,4.0,1
58076,58,Male,23.1,Asymptomatic,119.0,64.0,63.0,138.0,185.0,54.0,78.0,False,5.8,False,Normal,False,0.0,Flat,0.0,,False,False,High,5.0,0
16915,46,Male,31.8,Asymptomatic,122.0,81.0,69.0,183.0,,33.0,150.0,False,4.9,False,Normal,False,0.0,Up,0.0,Normal,False,False,Moderate,2.0,0
5157,46,Female,25.6,Asymptomatic,118.0,95.0,74.0,147.0,161.0,59.0,83.0,False,5.7,False,Normal,True,0.0,Flat,0.0,Normal,True,True,Low,5.0,1
12907,48,Female,24.3,Asymptomatic,123.0,71.0,74.0,160.0,148.0,,99.0,False,5.0,,Normal,False,0.0,Up,2.0,Fixed Defect,True,False,High,2.0,0
59314,56,Male,15.0,Atypical Angina,134.0,77.0,71.0,171.0,207.0,37.0,122.0,False,5.2,False,Normal,False,,Flat,1.0,Normal,True,False,High,8.0,1
6738,72,Female,27.8,Non-anginal Pain,132.0,91.0,71.0,144.0,267.0,,160.0,True,6.1,True,Normal,False,,Up,1.0,Reversible Defect,False,False,,8.0,1
75638,70,Female,27.7,Asymptomatic,135.0,96.0,68.0,126.0,266.0,,151.0,False,5.2,False,Normal,False,,Up,0.0,Normal,False,True,High,4.0,0
30881,39,Female,26.2,Atypical Angina,134.0,,71.0,187.0,191.0,77.0,93.0,False,5.0,False,Left Ventricular Hypertrophy,False,,Down,0.0,Normal,False,False,High,5.0,0
3734,39,Male,24.45,Non-anginal Pain,,76.0,66.0,181.0,239.0,,160.0,False,5.8,False,NORMAL,False,0.3,Flat,0.0,Normal,True,False,Moderate,7.0,0
94882,60,Male,28.1,Non-anginal Pain,127.0,83.0,72.0,140.0,216.0,55.0,,False,6.6,True,Normal,True,0.0,Up,0.0,Normal,False,False,Moderate,9.0,0
59782,65,Female,33.4,Non-anginal Pain,147.0,87.0,85.0,147.0,148.0,58.0,80.0,False,5.9,False,ST-T Wave Abnormality,False,0.7,Flat,3.0,Normal,False,True,Moderate,10.0,1
27009,51,Male,27.2,Asymptomatic,122.0,85.0,84.0,133.0,304.0,41.0,186.0,False,5.4,False,ST-T Wave Abnormality,False,0.0,Flat,2.0,Reversible Defect,False,False,Moderate,6.0,1
2593,50,Male,22.5,Asymptomatic,120.0,80.0,49.0,164.0,175.0,34.0,112.0,False,5.6,False,,False,0.0,Flat,0.0,Normal,True,False,Moderate,1.0,0
14467,42,Female,22.7,Non-anginal Pain,124.0,85.0,60.0,164.0,162.0,37.0,123.0,False,5.1,False,Normal,False,0.1,Flat,0.0,Normal,False,True,High,7.0,1
81931,69,Male,20.07,Asymptomatic,117.0,85.0,74.0,151.0,188.0,,123.0,False,5.6,False,Normal,False,0.8,Up,1.0,Normal,False,False,Moderate,2.0,0
69478,35,Female,20.7,Non-anginal Pain,111.0,81.0,69.0,165.0,289.0,57.0,173.0,False,5.6,False,Normal,False,0.0,Up,0.0,Normal,False,True,Moderate,3.0,0
50211,64,Male,28.8,Atypical Angina,129.0,88.0,82.0,156.0,146.0,31.0,98.0,False,5.2,False,ST-T Wave Abnormality,False,1.3,Up,0.0,Normal,False,False,Moderate,7.0,0
55097,51,Male,23.2,Asymptomatic,99.0,68.0,71.0,155.0,198.0,65.0,120.0,False,4.9,False,ST-T Wave Abnormality,False,1.5,Flat,1.0,Normal,False,False,Moderate,8.0,0
48970,65,Male,25.2,Atypical Angina,106.0,76.0,80.0,161.0,162.0,38.0,91.0,False,5.4,False,Normal,False,0.0,Up,0.0,Normal,True,False,Low,6.0,0
16975,51,Male,24.2,Asymptomatic,114.0,80.0,70.0,139.0,136.0,35.0,87.0,False,4.9,False,Normal,False,0.0,Down,0.0,Normal,True,False,Low,4.0,0
48815,62,Female,22.3,Asymptomatic,107.0,67.0,72.0,155.0,184.0,61.0,106.0,False,5.2,False,Normal,True,0.0,Flat,1.0,Normal,False,True,Moderate,4.0,1
79543,41,Male,28.4,Atypical Angina,125.0,83.0,78.0,182.0,158.0,,84.0,False,5.1,False,Left Ventricular Hypertrophy,False,0.0,Flat,1.0,Reversible Defect,False,False,Moderate,5.0,0
36357,51,Male,34.5,Asymptomatic,106.0,79.0,70.0,163.0,244.0,,143.0,False,5.4,False,Normal,False,0.0,Up,0.0,Normal,False,True,Moderate,5.0,0
54351,30,Male,15.0,Asymptomatic,90.0,63.0,54.0,209.0,209.0,55.0,124.0,False,5.3,False,Normal,False,,Up,0.0,Normal,True,True,High,5.0,0
36321,54,Female,24.5,Typical Angina,120.0,79.0,58.0,153.0,220.0,43.0,126.0,False,5.3,False,Normal,False,0.0,,1.0,Normal,False,False,Moderate,6.0,1
85494,56,Female,26.3,Non-anginal Pain,124.0,77.0,69.0,157.0,216.0,48.0,135.0,False,,False,Normal,False,0.0,Flat,0.0,,False,,Moderate,8.0,0
23840,51,Male,26.4,Non-anginal Pain,131.0,72.0,59.0,162.0,221.0,37.0,166.0,False,5.1,False,Normal,False,0.0,Up,0.0,Normal,False,False,Moderate,2.0,0
56498,60,Female,23.2,Asymptomatic,139.0,78.0,70.0,170.0,159.0,34.0,94.0,False,5.2,False,Normal,True,1.0,Flat,0.0,Fixed Defect,False,False,High,4.0,0
31190,35,Female,18.6,Asymptomatic,97.0,68.0,54.0,202.0,168.0,62.0,95.0,False,4.6,False,Normal,False,0.0,Up,0.0,Normal,False,False,High,3.0,0
24319,70,Female,28.53,Atypical Angina,118.0,74.0,,134.0,180.0,49.0,88.0,False,5.0,False,Normal,False,0.0,Up,0.0,Normal,False,False,Moderate,2.0,0
56127,76,Male,31.5,Atypical Angina,140.0,84.0,70.0,132.0,187.0,32.0,141.0,False,5.9,False,Normal,False,2.1,Flat,1.0,Normal,True,True,Moderate,4.0,1
48602,36,Male,32.83438,Non-anginal Pain,126.0,,88.0,178.0,129.0,38.0,71.0,False,4.9,False,Normal,False,0.0,Flat,1.0,Normal,False,False,Low,,1
72613,54,Male,31.8,Atypical Angina,135.0,94.0,82.0,171.0,178.0,33.0,117.0,True,5.8,False,Normal,False,0.8,Up,1.0,Normal,False,False,Low,8.0,1
56757,62,Female,21.0,Asymptomatic,117.0,79.0,57.0,163.0,146.0,53.0,62.0,False,5.1,False,Normal,False,2.3,Up,0.0,Normal,False,True,High,6.0,0
17053,68,Male,24.3,Atypical Angina,137.0,95.0,91.0,144.0,181.0,50.0,98.0,False,5.3,False,ST-T Wave Abnormality,False,0.0,Flat,1.0,Fixed Defect,False,True,Low,5.0,1
81671,88,Male,31.0,Non-anginal Pain,140.0,84.0,71.0,147.0,195.0,41.0,120.0,,5.1,False,Normal,False,0.0,Up,1.0,Normal,False,False,High,5.0,1
91741,79,Female,28.7,Typical Angina,135.0,75.0,87.0,133.0,165.0,39.0,77.0,False,5.1,False,Normal,False,0.0,Flat,0.0,Reversible Defect,False,False,Low,7.0,0
49491,75,Male,24.0,Non-anginal Pain,152.0,84.0,92.0,,187.0,,103.0,False,5.2,False,ST-T Wave Abnormality,False,0.0,Up,3.0,Normal,False,True,Moderate,9.0,1
50861,39,Female,33.1,Asymptomatic,126.0,83.0,73.0,156.0,182.0,58.0,110.0,True,4.8,False,Normal,False,0.0,Up,0.0,Normal,False,True,Low,9.0,0
37867,81,Female,36.7,Non-anginal Pain,132.0,,59.0,125.0,176.0,38.0,112.0,False,6.9,True,Normal,False,0.0,Up,1.0,Reversible Defect,True,False,Moderate,2.0,1
58880,35,Female,35.3,Atypical Angina,94.0,68.0,72.0,175.0,204.0,60.0,117.0,False,5.4,False,Normal,False,1.6,Up,0.0,Fixed Defect,False,False,Moderate,5.0,0
16049,63,Male,19.9,Typical Angina,136.0,85.0,72.0,136.0,167.0,56.0,83.0,False,5.0,False,Normal,False,1.2,Flat,2.0,Normal,False,True,Low,7.0,0
95610,41,Female,31.1,Non-anginal Pain,114.0,76.0,61.0,196.0,195.0,52.0,122.0,False,5.5,False,Normal,False,0.0,Up,0.0,Fixed Defect,True,True,Moderate,7.0,0
85201,82,Male,30.7,Asymptomatic,149.0,79.0,75.0,141.0,173.0,42.0,95.0,False,6.4,False,Normal,False,0.0,Flat,1.0,Reversible Defect,False,False,Moderate,6.0,1
82865,57,Male,23.7,Atypical Angina,116.0,70.0,65.0,163.0,110.0,38.0,50.0,False,5.7,False,Normal,False,0.0,Up,0.0,Normal,False,False,Moderate,5.0,0
76887,59,Male,32.7,Non-anginal Pain,137.0,77.0,61.0,152.0,129.0,52.0,60.0,True,8.2,True,ST-T Wave Abnormality,True,0.0,Up,1.0,Normal,False,True,Moderate,2.0,1
66118,59,Male,25.42,Asymptomatic,124.0,80.0,66.0,164.0,196.0,61.0,100.0,True,6.9,True,Normal,False,0.0,Up,1.0,Normal,False,False,Moderate,5.0,0
39752,49,Male,24.1,Asymptomatic,120.0,76.0,52.0,166.0,201.0,47.0,138.0,False,5.2,False,Normal,False,0.0,,,normal,True,True,Low,5.0,1
98328,75,Female,,Asymptomatic,133.0,80.0,84.0,147.0,187.0,55.0,90.0,False,,False,ST-T Wave Abnormality,False,0.0,Up,2.0,Normal,False,False,Low,6.0,0
30238,37,Male,39.7,Non-anginal Pain,102.0,69.0,62.0,182.0,200.0,44.0,134.0,False,5.0,False,Normal,True,0.0,Flat,0.0,Normal,False,False,Moderate,3.0,0
25902,56,Female,27.2,Non-anginal Pain,139.0,93.0,52.0,147.0,210.0,63.0,118.0,False,5.4,False,Left Ventricular Hypertrophy,False,0.0,Flat,1.0,Normal,False,False,High,5.0,1
4655,70,Male,39.1,Asymptomatic,131.0,85.0,74.0,148.0,203.0,38.0,135.0,False,5.4,False,Normal,True,0.8,Flat,2.0,Normal,False,False,Low,4.0,1
67068,52,Female,37.2,Atypical Angina,112.0,80.0,67.0,155.0,235.0,48.0,151.0,True,9.0,True,Normal,False,0.0,Up,1.0,Normal,False,False,Low,1.0,0
17474,39,Male,23.97,Non-anginal Pain,110.0,63.0,69.0,155.0,185.0,46.0,131.0,False,5.3,False,Normal,False,0.0,Flat,0.0,Fixed Defect,False,False,Moderate,6.0,0
99848,34,Female,24.2,Atypical Angina,102.0,77.0,62.0,159.0,175.0,60.0,103.0,False,4.9,False,Normal,False,0.0,Flat,0.0,Fixed Defect,False,True,Moderate,4.0,0
23561,49,Male,,Atypical Angina,138.0,85.0,69.0,169.0,139.0,43.0,66.0,True,6.0,True,Normal,False,0.0,Up,0.0,Normal,False,False,Low,4.0,0
48850,81,Male,29.42,Atypical Angina,125.0,82.0,64.0,170.0,199.0,40.0,120.0,False,5.4,False,Left Ventricular Hypertrophy,False,0.0,Up,1.0,Normal,False,False,Low,5.0,0
43721,48,Male,25.3,Typical Angina,107.0,67.0,71.0,130.0,210.0,53.0,119.0,False,5.1,False,Normal,True,2.1,Up,0.0,Reversible Defect,False,True,Moderate,,0
41660,45,Male,26.1,Asymptomatic,131.0,87.0,85.0,157.0,146.0,53.0,73.0,False,5.6,False,Normal,False,0.5,Up,0.0,Normal,False,True,Low,10.0,0
97502,78,Female,23.3,Atypical Angina,128.0,87.0,78.0,152.0,193.0,55.0,112.0,False,5.4,False,ST-T Wave Abnormality,False,2.3,Up,1.0,Normal,False,True,Moderate,7.0,1
48249,70,Male,28.0,Atypical Angina,162.0,86.0,72.0,144.0,230.0,38.0,142.0,False,,False,ST-T Wave Abnormality,False,0.0,Flat,3.0,Reversible Defect,False,True,Low,6.0,1
74610,67,Female,24.5,Asymptomatic,138.0,97.0,82.0,146.0,176.0,55.0,109.0,False,4.9,False,Normal,False,0.7,Flat,0.0,Normal,False,False,Moderate,3.0,0
54432,40,Male,23.17,Atypical Angina,91.0,53.0,52.0,210.0,180.0,45.0,107.0,False,5.2,False,ST-T Wave Abnormality,False,0.0,Up,0.0,Normal,False,False,Moderate,4.0,0
66038,71,Male,24.8,Non-anginal Pain,125.0,74.0,68.0,181.0,107.0,41.0,50.0,False,5.4,False,Normal,,0.0,Flat,1.0,Normal,False,False,Moderate,5.0,0
63088,51,Female,17.7,Asymptomatic,117.0,71.0,74.0,156.0,293.0,53.0,235.0,False,4.4,False,Normal,False,0.0,Flat,0.0,Normal,False,False,High,8.0,0
13101,63,Female,26.2,Typical Angina,133.0,81.0,66.0,135.0,170.0,39.0,96.0,True,6.4,True,Normal,False,2.1,Flat,0.0,Fixed Defect,False,True,Low,4.0,1
66448,33,Male,23.7,Non-anginal Pain,102.0,83.0,56.0,172.0,271.0,37.0,196.0,False,4.7,False,Normal,False,0.3,Up,0.0,Normal,False,False,High,2.0,0
79998,42,Female,33.8,Non-anginal Pain,116.0,76.0,66.0,169.0,144.0,42.0,76.0,False,5.5,False,Normal,False,1.3,Up,0.0,Normal,False,False,Moderate,3.0,0
78957,57,Male,28.1,Non-anginal Pain,99.0,66.0,85.0,136.0,251.0,61.0,166.0,False,5.3,False,Normal,,0.3,Flat,0.0,,False,True,Low,4.0,0
17454,58,Female,28.9,Typical Angina,144.0,85.0,76.0,140.0,217.0,60.0,128.0,True,7.1,True,ST-T Wave Abnormality,True,0.0,Flat,2.0,Normal,True,True,Low,5.0,1
2252,49,Female,27.8,Asymptomatic,113.0,81.0,79.0,179.0,180.0,41.0,119.0,False,6.1,False,Normal,True,0.0,Up,1.0,Normal,False,True,Low,5.0,0
57852,69,Male,25.7,Non-anginal Pain,156.0,93.0,87.0,,245.0,48.0,180.0,False,6.0,False,Left Ventricular Hypertrophy,False,0.0,Up,1.0,Reversible Defect,False,False,Low,10.0,1
5142,49,Male,20.7,Non-anginal Pain,106.0,,62.0,189.0,118.0,45.0,66.0,,6.1,False,Normal,False,0.2,Flat,1.0,Normal,False,False,High,4.0,0
69627,77,Female,26.1,Non-anginal Pain,131.0,75.0,72.0,156.0,239.0,68.0,143.0,True,7.3,True,Normal,False,0.0,Flat,0.0,Normal,False,False,Low,6.0,1
68765,57,Female,25.8,Asymptomatic,116.0,82.0,72.0,171.0,219.0,68.0,,False,5.5,False,Normal,False,0.0,Up,1.0,Normal,False,True,High,3.0,0
5065,57,Female,23.4,Asymptomatic,129.0,82.0,61.0,161.0,206.0,52.0,126.0,False,5.5,False,Normal,False,0.0,Up,0.0,Normal,False,False,Moderate,2.0,0
49059,72,Male,32.0,Atypical Angina,116.0,67.0,68.0,166.0,206.0,39.0,144.0,False,4.8,False,ST-T Wave Abnormality,False,0.0,Up,0.0,Fixed Defect,False,False,Moderate,3.0,1
30757,72,Male,21.7,Typical Angina,138.0,85.0,74.0,131.0,169.0,44.0,120.0,False,5.2,False,Normal,True,,Up,0.0,Normal,False,False,Low,5.0,0
88079,65,Female,27.3,Asymptomatic,129.0,82.0,90.0,144.0,202.0,51.0,133.0,False,6.3,False,Normal,False,0.0,Flat,0.0,Normal,False,True,Low,,1
67064,61,Male,22.0,Asymptomatic,132.0,82.0,76.0,143.0,162.0,47.0,79.0,True,8.7,True,Normal,True,3.6,Flat,0.0,Normal,False,True,High,5.0,1
64493,58,Female,26.1,Atypical Angina,123.0,76.0,71.0,167.0,,,,False,5.6,False,Normal,False,0.0,Flat,,Normal,False,False,Moderate,10.0,1
81303,48,Male,36.2,Asymptomatic,181.0,114.0,70.0,171.0,217.0,55.0,102.0,False,5.5,False,Left Ventricular Hypertrophy,False,0.9,Flat,0.0,Reversible Defect,True,,High,7.0,1
55001,38,Male,26.7,Non-anginal Pain,110.0,79.0,72.0,175.0,263.0,50.0,189.0,False,4.7,False,Normal,False,0.0,Up,0.0,Normal,True,False,Moderate,3.0,0
77351,74,Male,35.4,Atypical Angina,134.0,83.0,70.0,165.0,183.0,37.0,109.0,,5.7,False,ST-T Wave Abnormality,True,,Flat,3.0,Fixed Defect,False,False,Moderate,4.0,1
43371,62,Male,24.03,Typical Angina,139.0,78.0,63.0,129.0,147.0,42.0,80.0,True,6.6,True,Left Ventricular Hypertrophy,True,1.5,Flat,0.0,Fixed Defect,False,True,Moderate,5.0,1
38582,45,Male,22.8,Atypical Angina,115.0,79.0,76.0,184.0,271.0,50.0,208.0,False,5.6,False,Normal,False,0.0,Up,0.0,,True,False,High,4.0,0
24287,51,Female,25.5,Non-anginal Pain,121.0,71.0,73.0,185.0,162.0,58.0,74.0,False,5.3,False,ST-T Wave Abnormality,False,0.0,Up,1.0,Normal,False,False,High,5.0,0
34075,75,Male,21.8,Asymptomatic,130.0,67.0,72.0,139.0,137.0,32.0,99.0,True,6.0,True,ST-T Wave Abnormality,False,1.0,Up,0.0,Normal,False,True,Low,6.0,1
67445,42,Female,27.5,Non-anginal Pain,114.0,72.0,67.0,152.0,163.0,52.0,94.0,False,4.5,False,Normal,False,0.0,Up,0.0,Normal,False,False,Moderate,5.0,1
65502,33,Male,16.9,Non-anginal Pain,,65.0,75.0,191.0,109.0,31.0,70.0,False,5.0,False,Normal,False,0.3,Up,1.0,Normal,True,False,Moderate,8.0,0
87190,72,Female,33.58,Asymptomatic,132.0,73.0,,122.0,227.0,,133.0,True,5.7,False,,False,0.1,Up,1.0,Normal,False,False,Low,4.0,0
69104,68,Female,28.32,Typical Angina,124.0,71.0,82.0,157.0,166.0,47.0,94.0,False,5.7,False,ST-T Wave Abnormality,False,0.0,Up,0.0,Normal,False,False,Low,5.0,0
7358,65,Male,26.4,Asymptomatic,136.0,98.0,77.0,137.0,241.0,39.0,182.0,False,4.7,False,Normal,False,0.0,Flat,1.0,Normal,,False,Low,5.0,1
30565,40,Female,24.6,Asymptomatic,116.0,83.0,56.0,180.0,204.0,43.0,106.0,False,4.7,False,Normal,False,0.0,Up,0.0,Normal,False,True,Moderate,10.0,0
68055,30,Female,23.7,Atypical Angina,124.0,69.0,79.0,188.0,197.0,64.0,85.0,False,5.0,False,Normal,False,1.5,Flat,1.0,Normal,False,False,Moderate,7.0,0
82777,55,Male,28.1,Atypical Angina,,77.0,77.0,152.0,144.0,52.0,63.0,False,5.0,False,Normal,False,1.5,Flat,1.0,Reversible Defect,True,False,Low,3.0,0
17303,57,Male,25.09,Non-anginal Pain,115.0,72.0,72.0,179.0,150.0,,72.0,False,4.9,False,Normal,False,2.5,Flat,0.0,Normal,False,False,Low,6.0,0
63786,75,Female,20.1,Non-anginal Pain,139.0,83.0,71.0,133.0,180.0,48.0,98.0,False,5.1,False,Normal,False,0.0,,1.0,Normal,False,False,Moderate,7.0,1
60159,69,Male,25.9,Non-anginal Pain,114.0,73.0,70.0,164.0,194.0,58.0,109.0,False,5.9,False,Normal,False,,Down,0.0,Reversible Defect,False,False,High,8.0,0
73076,58,Female,24.43,Asymptomatic,147.0,83.0,75.0,135.0,215.0,49.0,132.0,False,6.5,True,Normal,True,0.8,Flat,3.0,Reversible Defect,False,False,Low,6.0,1
93894,71,Female,35.2,Atypical Angina,128.0,83.0,69.0,133.0,241.0,41.0,111.0,True,7.4,True,Left Ventricular Hypertrophy,False,0.0,Up,0.0,Normal,True,True,Moderate,5.0,1
92404,77,Male,43.5,Non-anginal Pain,147.0,80.0,77.0,125.0,,31.0,113.0,False,5.3,False,Normal,False,0.0,Down,,Normal,True,True,Low,4.0,1
59887,36,Female,25.7,Asymptomatic,113.0,76.0,71.0,195.0,,,161.0,False,5.7,False,Normal,False,0.0,Up,0.0,Fixed Defect,False,False,Moderate,8.0,0
32924,71,Female,28.6,Asymptomatic,140.0,79.0,70.0,168.0,196.0,49.0,115.0,False,5.7,False,Normal,False,1.2,,3.0,Normal,False,False,Low,4.0,1
83385,54,Female,32.1,Asymptomatic,131.0,80.0,74.0,156.0,239.0,46.0,181.0,False,5.2,False,ST-T Wave Abnormality,False,0.0,Up,0.0,Normal,True,False,Moderate,8.0,1
57922,54,Female,26.9,Asymptomatic,106.0,69.0,65.0,162.0,236.0,44.0,150.0,False,4.8,False,Normal,False,0.2,Up,0.0,Normal,False,True,Moderate,5.0,0
3689,74,Female,27.2,Asymptomatic,124.0,66.0,79.0,142.0,199.0,56.0,108.0,True,8.4,False,Normal,False,1.8,Down,0.0,Normal,False,True,Low,4.0,1
15926,40,Male,31.6,Asymptomatic,115.0,84.0,67.0,153.0,210.0,45.0,111.0,False,,False,Normal,False,1.3,Flat,0.0,Normal,False,False,High,1.0,0
82015,46,Female,33.0,Typical Angina,129.0,83.0,80.0,154.0,171.0,44.0,,False,5.5,False,ST-T Wave Abnormality,False,0.0,Flat,0.0,Normal,False,True,Moderate,6.0,0
27436,31,Male,21.2,Asymptomatic,113.0,78.0,70.0,198.0,187.0,41.0,118.0,False,4.6,False,Normal,False,0.0,Up,0.0,Normal,False,False,High,2.0,0
82196,61,Male,,Typical Angina,118.0,82.0,59.0,144.0,212.0,34.0,161.0,False,5.1,False,Normal,False,2.0,Flat,0.0,Normal,False,False,Moderate,2.0,1
8597,43,Male,26.3,Non-anginal Pain,101.0,76.0,82.0,173.0,263.0,53.0,185.0,False,5.1,False,Normal,True,0.0,Down,2.0,Normal,True,False,Low,5.0,1
51516,34,Female,48.8,Non-anginal Pain,104.0,62.0,65.0,189.0,257.0,53.0,,False,4.8,False,Normal,False,0.0,Up,0.0,Normal,False,False,High,7.0,0
74409,57,Female,31.5,Asymptomatic,129.0,75.0,83.0,129.0,185.0,55.0,111.0,True,6.5,True,Normal,True,0.8,Flat,1.0,,False,False,Low,5.0,1
96760,45,Male,23.3,Asymptomatic,137.0,88.0,75.0,173.0,168.0,44.0,108.0,False,4.7,False,Normal,False,0.0,Flat,0.0,Normal,True,False,Low,7.0,0
62681,37,Male,28.67,Asymptomatic,110.0,72.0,56.0,171.0,218.0,58.0,116.0,False,4.6,False,Normal,False,0.0,Up,0.0,Normal,False,False,High,2.0,0
13669,65,Male,31.7,Non-anginal Pain,132.0,80.0,66.0,138.0,208.0,35.0,133.0,False,6.2,False,Normal,False,0.0,Up,1.0,Normal,False,False,Low,6.0,0
35257,48,Female,24.1,Non-anginal Pain,109.0,73.0,67.0,172.0,161.0,,101.0,False,5.3,False,Normal,False,0.0,Up,0.0,Normal,True,False,Moderate,6.0,0
81546,75,Male,24.0,Atypical Angina,137.0,82.0,81.0,143.0,224.0,52.0,137.0,False,5.5,False,Normal,True,1.0,Flat,1.0,Normal,False,False,Low,7.0,1
35801,63,Male,25.38,Non-anginal Pain,121.0,68.0,83.0,146.0,228.0,40.0,142.0,False,5.1,False,Normal,True,0.0,Flat,0.0,Normal,True,False,Moderate,8.0,0
93885,56,Male,24.3,Atypical Angina,136.0,74.0,73.0,156.0,158.0,51.0,98.0,False,5.0,False,Normal,False,0.0,Flat,0.0,Normal,True,False,Low,3.0,0
44786,65,Male,28.4,Non-anginal Pain,125.0,71.0,70.0,168.0,172.0,39.0,117.0,True,8.9,True,Normal,False,0.0,Flat,0.0,Reversible Defect,False,False,Moderate,6.0,0
88911,27,Female,29.2,Asymptomatic,118.0,75.0,67.0,187.0,234.0,63.0,112.0,True,5.8,True,Normal,False,0.0,Flat,0.0,Fixed Defect,False,False,Moderate,1.0,0
75409,48,Female,21.3,Non-anginal Pain,103.0,71.0,66.0,194.0,176.0,69.0,85.0,False,5.9,False,Normal,False,0.2,Up,0.0,Normal,False,False,Moderate,9.0,0
96865,78,Female,35.9,Atypical Angina,139.0,91.0,71.0,130.0,207.0,50.0,119.0,False,5.7,False,Normal,False,0.0,Flat,3.0,Normal,False,False,Low,4.0,0
9868,79,Female,30.4,Atypical Angina,139.0,82.0,81.0,137.0,181.0,53.0,114.0,False,5.0,False,Normal,False,0.1,Flat,1.0,Normal,False,False,Low,5.0,0
19224,47,Male,24.0,Asymptomatic,128.0,82.0,76.0,172.0,237.0,49.0,145.0,False,5.0,False,Normal,False,0.0,Up,0.0,Normal,False,False,Low,6.0,0
7368,75,Female,23.1,Non-anginal Pain,121.0,66.0,76.0,136.0,224.0,54.0,130.0,False,5.7,False,Normal,False,0.0,Flat,0.0,Normal,False,False,Low,5.0,0
44406,81,Female,25.0,Asymptomatic,121.0,82.0,66.0,137.0,171.0,60.0,96.0,False,5.9,False,Normal,False,0.0,Flat,0.0,Normal,False,True,Moderate,5.0,0
35222,30,Male,,Asymptomatic,95.0,57.0,72.0,174.0,209.0,51.0,156.0,False,4.8,False,Normal,False,0.0,Flat,0.0,Normal,False,False,Moderate,3.0,0
74822,43,Female,26.0,Non-anginal Pain,106.0,73.0,70.0,157.0,216.0,44.0,117.0,False,5.2,False,Normal,True,0.0,Flat,1.0,Normal,False,True,Low,4.0,1
23505,81,Female,30.6,Non-anginal Pain,127.0,80.0,66.0,170.0,,36.0,224.0,False,5.4,False,Normal,False,0.6,Up,0.0,Normal,False,False,Low,6.0,0
33736,66,Male,21.3,Non-anginal Pain,127.0,80.0,72.0,151.0,192.0,68.0,68.0,False,5.2,False,Left Ventricular Hypertrophy,False,0.0,Flat,1.0,Reversible Defect,False,True,Low,7.0,0
63424,33,Male,23.0,Asymptomatic,93.0,71.0,60.0,180.0,,,,False,5.0,False,,False,0.0,Up,0.0,Normal,False,False,Low,2.0,0
44064,48,Male,26.0,Asymptomatic,90.0,59.0,79.0,168.0,168.0,34.0,121.0,False,4.9,False,Normal,False,0.0,Up,0.0,Normal,True,True,,5.0,1
30146,75,Male,33.6,Atypical Angina,142.0,79.0,69.0,168.0,160.0,51.0,82.0,False,5.2,False,ST-T Wave Abnormality,False,2.1,Down,2.0,Normal,False,True,Low,5.0,1
49920,68,Female,30.51,Asymptomatic,129.0,89.0,87.0,133.0,245.0,45.0,160.0,False,5.6,False,Normal,False,0.7,Up,1.0,Fixed Defect,False,False,Low,10.0,0
71991,61,Male,31.09,Atypical Angina,127.0,74.0,69.0,154.0,262.0,43.0,,False,5.3,False,Normal,False,0.5,Flat,0.0,Reversible Defect,False,True,Moderate,3.0,1
77382,59,Male,23.0,Non-anginal Pain,116.0,78.0,66.0,127.0,157.0,56.0,79.0,False,4.6,False,Normal,False,0.0,Up,0.0,Normal,False,True,Moderate,7.0,1
14034,75,Female,26.2,Typical Angina,154.0,75.0,84.0,138.0,177.0,27.0,120.0,False,5.8,False,ST-T Wave Abnormality,False,,Flat,1.0,Normal,False,False,Low,,0
66406,66,Female,25.14,Asymptomatic,113.0,73.0,80.0,139.0,171.0,56.0,91.0,False,5.4,False,Normal,True,0.6,,0.0,Normal,False,False,Low,7.0,0
51288,60,Female,33.3,Non-anginal Pain,109.0,66.0,72.0,180.0,245.0,44.0,117.0,True,9.5,True,Normal,False,0.0,Up,0.0,Normal,False,False,,8.0,0
61274,54,Male,30.1,Asymptomatic,125.0,81.0,68.0,120.0,203.0,39.0,120.0,False,5.2,False,ST-T Wave Abnormality,False,1.4,Flat,0.0,Reversible Defect,True,False,Low,5.0,1
54794,46,Male,30.4,Non-anginal Pain,127.0,84.0,67.0,150.0,331.0,53.0,242.0,False,,False,Normal,False,0.0,Up,1.0,Normal,False,True,High,8.0,0
72526,49,Male,25.96,,,74.0,64.0,172.0,199.0,49.0,107.0,False,5.5,False,Normal,False,0.0,Up,0.0,Normal,True,False,High,3.0,0
11107,51,Male,19.5,Asymptomatic,117.0,79.0,78.0,149.0,188.0,51.0,106.0,False,5.6,False,Normal,False,0.0,Flat,0.0,Normal,False,False,Low,2.0,0
55536,76,Female,,Non-anginal Pain,138.0,79.0,73.0,133.0,,56.0,137.0,False,5.7,False,ST-T Wave Abnormality,True,1.7,Flat,0.0,Normal,False,False,Low,7.0,1
9286,67,Male,24.8,Atypical Angina,126.0,84.0,73.0,143.0,164.0,40.0,113.0,False,5.9,False,Normal,False,0.7,Up,0.0,Normal,,True,Moderate,3.0,0
89214,35,Female,26.0,Non-anginal Pain,92.0,,77.0,192.0,203.0,58.0,121.0,False,5.1,False,Normal,False,,Up,0.0,Normal,False,False,Low,9.0,0
88034,31,Male,30.1,Asymptomatic,107.0,72.0,78.0,174.0,146.0,45.0,89.0,False,5.2,False,Normal,False,1.6,Flat,0.0,Normal,False,False,Moderate,5.0,0
41394,60,Male,23.2,,148.0,94.0,77.0,165.0,204.0,63.0,118.0,False,5.0,False,Normal,True,0.6,Up,2.0,Reversible Defect,False,False,Moderate,,0
81411,49,Male,23.5,Typical Angina,120.0,84.0,70.0,186.0,206.0,53.0,133.0,False,5.1,False,Normal,True,0.7,Up,2.0,Normal,False,False,High,5.0,0
44787,59,Female,,Atypical Angina,120.0,78.0,70.0,172.0,252.0,65.0,146.0,False,5.6,False,,True,,Flat,0.0,Reversible Defect,False,False,High,5.0,0
37119,39,Male,29.1,Atypical Angina,123.0,93.0,75.0,161.0,176.0,41.0,127.0,False,5.1,False,Normal,False,1.6,Flat,1.0,Normal,False,True,Moderate,5.0,0
91811,37,Female,21.3,Asymptomatic,,72.0,93.0,176.0,,40.0,105.0,False,,False,Normal,False,2.6,Flat,0.0,Fixed Defect,False,True,Low,6.0,1
41214,65,Female,28.3,Non-anginal Pain,144.0,85.0,57.0,164.0,,44.0,116.0,True,8.9,True,Normal,True,6.0,Flat,0.0,Normal,False,False,High,4.0,1
1860,48,Male,27.57,Typical Angina,120.0,76.0,64.0,150.0,199.0,44.0,111.0,False,5.4,False,Left Ventricular Hypertrophy,False,4.8,Flat,0.0,Normal,True,False,Moderate,5.0,1
83045,28,Female,24.7,Non-anginal Pain,98.0,80.0,69.0,195.0,188.0,47.0,121.0,False,5.6,False,Normal,False,0.0,Flat,1.0,Normal,False,True,High,4.0,0
90200,51,Male,23.4,Non-anginal Pain,129.0,75.0,75.0,187.0,192.0,43.0,136.0,False,5.6,False,Normal,False,0.0,Up,0.0,Normal,False,True,High,,0
64186,69,Female,30.8,Atypical Angina,118.0,73.0,68.0,126.0,211.0,41.0,129.0,False,5.5,False,Normal,False,0.4,Up,0.0,Normal,False,False,Low,2.0,0
92521,63,Female,31.4,Asymptomatic,131.0,77.0,62.0,145.0,202.0,68.0,119.0,False,5.4,False,ST-T Wave Abnormality,False,0.0,Up,0.0,Normal,False,False,Moderate,5.0,0
60185,41,Male,21.7,Asymptomatic,109.0,68.0,59.0,192.0,204.0,58.0,131.0,False,4.8,False,Normal,False,1.3,Flat,0.0,Normal,False,False,High,5.0,0
83758,55,Female,20.5,Atypical Angina,114.0,80.0,67.0,172.0,194.0,48.0,113.0,False,5.3,False,NORMAL,False,0.0,Up,0.0,Normal,False,True,Moderate,6.0,0
54327,83,Male,38.3,Atypical Angina,131.0,77.0,,133.0,191.0,43.0,123.0,False,5.4,False,Normal,False,0.4,Up,1.0,Normal,True,True,,4.0,0
59180,55,Male,25.4,Typical Angina,,75.0,72.0,144.0,278.0,61.0,157.0,False,5.0,False,Left Ventricular Hypertrophy,True,0.0,Flat,0.0,Normal,False,False,Moderate,5.0,1
14852,61,Male,29.8,Typical Angina,130.0,74.0,71.0,148.0,163.0,41.0,92.0,False,5.1,False,Normal,True,0.0,Up,0.0,Reversible Defect,False,False,Moderate,3.0,0
88543,48,Female,23.2,Asymptomatic,116.0,90.0,70.0,167.0,221.0,54.0,134.0,False,5.7,False,Normal,False,0.0,Up,1.0,Normal,False,False,Moderate,8.0,0
11236,35,Male,26.9,Non-anginal Pain,112.0,74.0,57.0,186.0,177.0,52.0,113.0,False,4.6,False,Normal,False,0.0,Up,0.0,Reversible Defect,False,False,High,1.0,0
65299,38,Male,19.9,Non-anginal Pain,112.0,80.0,58.0,180.0,203.0,38.0,131.0,False,5.0,False,Normal,True,0.0,Up,0.0,Normal,True,True,Low,3.0,0
13152,49,Female,26.4,Asymptomatic,100.0,85.0,87.0,154.0,161.0,59.0,81.0,False,7.4,True,Normal,False,0.0,Up,3.0,Normal,False,True,Moderate,,0
41993,39,Female,26.6,Asymptomatic,98.0,73.0,119.0,173.0,190.0,72.0,88.0,False,4.9,False,Normal,False,0.0,Flat,0.0,Normal,False,False,High,6.0,0
32768,47,Female,27.7,Asymptomatic,111.0,87.0,70.0,146.0,179.0,61.0,96.0,False,5.6,False,Normal,False,,Up,0.0,Normal,False,False,Moderate,3.0,0
58619,66,Male,28.9,Atypical Angina,125.0,77.0,82.0,,183.0,27.0,114.0,False,4.4,False,Normal,False,0.2,Flat,2.0,Normal,True,False,Moderate,5.0,0
89699,60,Female,23.1,Non-anginal Pain,136.0,90.0,71.0,130.0,203.0,47.0,125.0,False,5.8,False,Normal,False,0.0,Flat,0.0,Normal,False,True,Low,1.0,0
49193,59,Female,33.2,Non-anginal Pain,112.0,74.0,77.0,163.0,193.0,58.0,112.0,False,5.3,False,Normal,False,0.0,Up,0.0,Normal,False,False,Moderate,6.0,0
64684,39,Female,23.6,Asymptomatic,116.0,72.0,66.0,164.0,155.0,45.0,72.0,False,5.3,False,Normal,False,0.0,Up,0.0,Normal,False,False,Moderate,10.0,0
24412,80,Female,24.6,Non-anginal Pain,130.0,63.0,74.0,161.0,181.0,48.0,101.0,False,5.5,False,Normal,False,0.0,Up,2.0,Normal,False,False,High,8.0,0
82125,41,Male,21.3,Asymptomatic,121.0,74.0,70.0,165.0,160.0,52.0,97.0,False,4.8,,Normal,False,0.0,Up,0.0,Fixed Defect,False,False,Moderate,7.0,0
93625,52,Male,35.9,Non-anginal Pain,131.0,87.0,72.0,148.0,194.0,41.0,,False,5.4,False,,False,0.0,Up,1.0,Normal,False,False,Low,2.0,0
94956,70,Female,39.9,Asymptomatic,127.0,72.0,55.0,157.0,234.0,55.0,,False,5.5,False,Normal,False,,Flat,0.0,Reversible Defect,False,False,Moderate,3.0,1
81358,43,Male,28.3,Atypical Angina,114.0,71.0,71.0,160.0,194.0,41.0,134.0,False,4.5,False,Normal,False,0.0,Flat,0.0,Normal,False,False,Moderate,9.0,0
87441,42,Female,29.42,Atypical Angina,114.0,78.0,73.0,168.0,150.0,41.0,89.0,True,4.9,False,Normal,False,0.0,Up,0.0,Normal,False,False,Moderate,7.0,0
93638,79,Male,26.9,Asymptomatic,141.0,73.0,77.0,156.0,198.0,43.0,122.0,False,5.6,False,Normal,False,0.0,Up,2.0,Normal,False,False,Moderate,8.0,0
26265,48,Male,29.6,Non-anginal Pain,128.0,75.0,86.0,135.0,150.0,28.0,98.0,False,5.0,False,Normal,False,,Flat,1.0,Reversible Defect,True,False,Low,6.0,0
22077,34,Male,21.2,Asymptomatic,122.0,88.0,69.0,184.0,180.0,,95.0,False,5.5,False,Normal,False,0.0,Up,0.0,Reversible Defect,False,False,High,8.0,0
72271,50,Male,24.9,Typical Angina,143.0,84.0,88.0,140.0,158.0,47.0,90.0,False,5.5,False,Normal,True,1.4,Flat,3.0,Fixed Defect,False,False,Low,,1
22605,59,Male,25.7,Asymptomatic,129.0,77.0,90.0,172.0,196.0,53.0,121.0,False,5.8,False,Normal,True,0.0,Up,0.0,Normal,True,False,Low,10.0,0
18379,47,Male,19.9,Typical Angina,119.0,72.0,59.0,178.0,135.0,48.0,80.0,False,4.7,False,Normal,False,0.9,Flat,0.0,Normal,False,False,Moderate,4.0,1
79432,46,Male,25.0,Asymptomatic,120.0,87.0,59.0,172.0,160.0,47.0,93.0,False,5.8,False,Normal,False,0.0,Up,0.0,Normal,True,True,Low,2.0,0
6946,39,Male,32.7,Asymptomatic,107.0,73.0,69.0,176.0,175.0,37.0,107.0,False,5.6,False,Normal,False,0.0,Up,0.0,Normal,False,False,Moderate,6.0,0
23439,47,Female,24.1,Typical Angina,116.0,75.0,64.0,167.0,,59.0,98.0,False,5.4,False,Normal,True,0.7,Flat,0.0,Normal,False,False,Moderate,2.0,0
26318,76,Female,19.6,Atypical Angina,137.0,75.0,88.0,142.0,209.0,46.0,144.0,False,6.5,False,Normal,False,,Up,1.0,Normal,False,False,Low,6.0,1
57214,65,Female,22.8,Non-anginal Pain,136.0,69.0,66.0,151.0,206.0,43.0,148.0,False,5.2,False,Normal,False,0.0,Up,0.0,Normal,False,False,Moderate,5.0,0
41175,54,Male,29.3,Asymptomatic,123.0,77.0,72.0,157.0,295.0,33.0,223.0,False,4.8,False,Normal,False,0.0,Up,0.0,Normal,False,True,Moderate,4.0,1
8066,32,Male,27.6,Asymptomatic,125.0,73.0,63.0,174.0,195.0,49.0,119.0,False,5.4,False,,True,3.3,Flat,2.0,Reversible Defect,True,False,High,2.0,1
80931,51,Female,23.4,Asymptomatic,117.0,79.0,58.0,144.0,189.0,49.0,96.0,False,5.1,False,Normal,False,0.0,Flat,1.0,Reversible Defect,False,True,High,5.0,0
96422,53,Male,23.0,Atypical Angina,104.0,68.0,57.0,186.0,133.0,43.0,55.0,True,4.7,False,Normal,False,0.0,Up,0.0,Normal,False,False,High,2.0,0
16,49,Male,31.5,Asymptomatic,123.0,83.0,83.0,167.0,232.0,45.0,135.0,False,5.6,False,Normal,True,0.0,Flat,0.0,Fixed Defect,False,False,Moderate,4.0,0
22882,38,Male,19.7,Asymptomatic,109.0,66.0,75.0,174.0,182.0,67.0,108.0,False,5.2,False,Normal,True,0.0,Up,0.0,Normal,False,True,Moderate,4.0,0
31619,30,Female,26.4,Non-anginal Pain,99.0,74.0,71.0,201.0,143.0,64.0,69.0,False,4.9,False,Left Ventricular Hypertrophy,False,0.5,Up,0.0,Normal,False,True,High,10.0,0
59857,53,Female,25.7,Asymptomatic,129.0,,83.0,141.0,177.0,44.0,85.0,True,5.6,False,Normal,False,0.0,Up,1.0,Normal,False,True,Low,6.0,1
35188,54,Male,35.5,Asymptomatic,128.0,81.0,73.0,162.0,191.0,56.0,95.0,False,,False,Normal,False,0.0,Up,0.0,Normal,True,False,Low,6.0,0
43554,60,Male,25.5,Asymptomatic,126.0,87.0,111.0,161.0,165.0,33.0,90.0,True,7.6,True,Normal,False,0.0,Up,2.0,Normal,False,False,Low,4.0,0
26729,45,Male,,Non-anginal Pain,135.0,93.0,80.0,152.0,176.0,22.0,142.0,False,,False,Normal,False,0.5,Up,0.0,,True,False,Low,1.0,0
38466,41,Female,25.6,Asymptomatic,104.0,75.0,60.0,177.0,146.0,39.0,85.0,False,,False,Normal,False,0.0,Up,0.0,Normal,False,False,Moderate,8.0,0
25939,55,Male,23.6,Asymptomatic,116.0,81.0,63.0,170.0,242.0,45.0,179.0,False,,False,Normal,False,0.0,Up,1.0,Normal,False,True,Low,3.0,0
71245,66,Male,19.1,Asymptomatic,127.0,77.0,90.0,162.0,207.0,72.0,125.0,False,5.1,False,Normal,True,0.0,Flat,1.0,Normal,False,False,,8.0,0
10625,63,Male,28.4,Asymptomatic,135.0,75.0,75.0,166.0,178.0,50.0,105.0,True,7.0,True,ST-T Wave Abnormality,True,0.4,Flat,0.0,Normal,False,False,Moderate,5.0,1
8251,76,Male,19.6,Atypical Angina,129.0,82.0,60.0,155.0,217.0,46.0,169.0,False,5.4,False,ST-T Wave Abnormality,False,0.2,Up,1.0,Reversible Defect,False,True,Moderate,4.0,1
99209,33,Female,17.8,Atypical Angina,124.0,88.0,72.0,181.0,146.0,45.0,84.0,False,4.8,False,Normal,False,0.0,Up,0.0,Normal,False,False,Moderate,6.0,0
34950,40,Male,24.0,Non-anginal Pain,120.0,73.0,62.0,179.0,152.0,,84.0,False,4.4,False,Normal,False,0.0,Up,0.0,Normal,True,False,Moderate,1.0,0
77079,54,Male,34.9,Non-anginal Pain,121.0,68.0,68.0,167.0,151.0,55.0,80.0,False,5.8,False,Normal,False,0.0,Up,1.0,Normal,False,False,High,,0
71005,51,Male,32.2,Asymptomatic,118.0,79.0,56.0,163.0,,28.0,,,6.6,False,Normal,False,,Up,,Normal,,False,Low,1.0,0
15530,25,Female,29.5,Typical Angina,107.0,77.0,63.0,191.0,191.0,52.0,,False,5.3,False,Normal,False,0.0,Flat,0.0,Normal,False,False,Moderate,2.0,0
80289,58,Female,25.9,Asymptomatic,197.0,106.0,79.0,150.0,,57.0,167.0,False,6.0,False,ST-T Wave Abnormality,False,0.1,Flat,2.0,Normal,False,False,Low,7.0,1
7785,52,Male,18.6,Asymptomatic,138.0,86.0,84.0,168.0,185.0,58.0,84.0,False,6.1,True,Normal,False,2.7,Flat,3.0,Reversible Defect,False,True,High,9.0,1
70699,70,Male,29.5,Asymptomatic,143.0,94.0,85.0,126.0,197.0,,121.0,False,5.4,False,Normal,False,0.2,Up,1.0,Normal,True,False,Low,7.0,0
7959,82,Male,25.6,Typical Angina,128.0,77.0,72.0,161.0,,,,False,5.4,False,Normal,False,0.0,Flat,2.0,Fixed Defect,False,False,High,5.0,1
97283,29,Female,25.5,Asymptomatic,95.0,65.0,71.0,164.0,133.0,48.0,,False,4.7,False,Normal,False,0.0,Flat,0.0,Normal,False,True,Low,4.0,0
84628,78,Female,26.1,Typical Angina,135.0,91.0,90.0,131.0,221.0,38.0,149.0,False,5.5,False,Left Ventricular Hypertrophy,False,0.0,Flat,3.0,,False,False,Low,6.0,1
49354,41,Male,35.7,Asymptomatic,116.0,71.0,78.0,162.0,181.0,53.0,113.0,False,5.4,False,Normal,False,0.0,Up,0.0,Normal,False,False,Moderate,6.0,0
45945,79,Female,23.7,Asymptomatic,131.0,89.0,82.0,139.0,170.0,54.0,94.0,False,5.5,False,Normal,False,0.4,Up,0.0,Normal,False,,Low,8.0,0
68860,58,Male,29.9,Atypical Angina,129.0,85.0,76.0,159.0,116.0,29.0,62.0,False,6.8,False,Normal,False,0.0,Flat,2.0,Reversible Defect,False,True,High,4.0,0
294,38,Female,25.0,Asymptomatic,101.0,69.0,65.0,157.0,,59.0,77.0,False,5.0,False,Normal,True,1.1,Up,0.0,Normal,False,False,Moderate,2.0,0
68260,37,Male,36.6,Atypical Angina,96.0,71.0,78.0,184.0,160.0,35.0,107.0,False,5.7,False,Normal,True,1.5,Flat,0.0,Normal,False,False,Low,5.0,0
45855,76,Female,27.1,Asymptomatic,135.0,89.0,130.0,150.0,206.0,74.0,104.0,False,5.5,False,,False,0.0,Up,0.0,Reversible Defect,False,False,Low,5.0,0
14302,67,Female,24.3,Asymptomatic,117.0,73.0,72.0,181.0,185.0,55.0,92.0,False,5.5,False,Normal,True,1.0,Up,0.0,Normal,False,True,High,6.0,0
69013,59,Female,22.9,Asymptomatic,131.0,73.0,67.0,159.0,212.0,53.0,129.0,False,4.8,False,Left Ventricular Hypertrophy,False,0.0,Flat,0.0,Normal,False,False,Low,7.0,0
53117,73,Male,35.4,Non-anginal Pain,154.0,90.0,58.0,173.0,239.0,46.0,160.0,True,9.0,True,Normal,True,0.5,Flat,0.0,Reversible Defect,False,False,High,3.0,1
19875,77,Female,25.3,Non-anginal Pain,124.0,83.0,67.0,116.0,181.0,56.0,102.0,False,5.8,False,Left Ventricular Hypertrophy,False,0.0,Up,3.0,Fixed Defect,True,True,Low,5.0,1
53723,55,Male,24.4,Atypical Angina,111.0,83.0,80.0,159.0,223.0,,,False,4.7,False,,False,0.0,Flat,0.0,Normal,False,False,Moderate,8.0,1
20455,50,Male,33.7,Asymptomatic,129.0,75.0,72.0,163.0,208.0,38.0,139.0,False,5.596,,Normal,False,0.0,Up,0.0,Normal,False,False,Low,4.0,1
60834,63,Male,24.3,Typical Angina,129.0,85.0,72.0,144.0,193.0,,139.0,True,4.8,False,Normal,False,0.0,Flat,1.0,Fixed Defect,False,False,Low,10.0,1
41055,71,Female,29.6,Non-anginal Pain,137.0,80.0,72.0,130.0,314.0,29.0,264.0,False,5.9,False,Normal,False,0.0,Flat,0.0,Normal,True,False,Low,2.0,0
3698,62,Male,25.4,Typical Angina,141.0,82.0,68.0,133.0,199.0,41.0,96.0,False,5.3,False,Normal,True,0.0,Flat,1.0,Reversible Defect,False,False,Low,3.0,1
84703,52,Male,25.8,Asymptomatic,214.0,117.0,67.0,187.0,153.0,41.0,67.0,False,5.3,False,Left Ventricular Hypertrophy,False,0.0,Flat,0.0,Reversible Defect,True,False,Moderate,3.0,1
99803,44,Male,25.1,Asymptomatic,118.0,84.0,65.0,172.0,185.0,49.0,114.0,False,4.8,False,Normal,False,0.0,Up,0.0,Normal,True,False,Low,5.0,0
66938,59,Male,33.2,Non-anginal Pain,149.0,95.0,,180.0,149.0,45.0,,True,5.5,False,Normal,False,0.0,Flat,0.0,Normal,True,False,High,4.0,0
73513,59,Male,27.9,Non-anginal Pain,190.0,102.0,66.0,150.0,314.0,47.0,246.0,False,5.3,False,Normal,False,0.8,Up,0.0,Normal,True,False,Moderate,2.0,1
54360,53,Male,21.4,Asymptomatic,130.0,86.0,89.0,159.0,217.0,41.0,152.0,False,5.1,False,Left Ventricular Hypertrophy,False,,Flat,1.0,Normal,True,False,Low,9.0,0
50859,68,Female,24.0,Non-anginal Pain,137.0,80.0,78.0,153.0,192.0,58.0,130.0,False,5.2,False,,True,0.5,Up,1.0,Normal,False,True,Moderate,3.0,0
12256,65,Male,27.5,Asymptomatic,128.0,86.0,82.0,153.0,178.0,45.0,119.0,False,5.7,False,ST-T Wave Abnormality,False,0.0,Up,0.0,Normal,False,False,Low,7.0,0
70617,33,Male,19.0,Atypical Angina,119.0,80.0,67.0,184.0,199.0,54.0,133.0,False,4.6,False,Normal,False,4.2,Flat,0.0,Normal,True,True,High,6.0,1
76993,36,Male,19.9,Non-anginal Pain,109.0,63.0,59.0,178.0,206.0,43.0,124.0,False,5.0,False,Normal,False,0.2,Up,1.0,Reversible Defect,False,True,High,4.0,0
79175,52,Male,27.0,Non-anginal Pain,129.0,95.0,78.0,139.0,172.0,37.0,134.0,False,5.1,False,Normal,True,0.9,Up,0.0,Normal,False,True,Low,6.0,0
92656,32,Female,28.6,Asymptomatic,127.0,80.0,74.0,201.0,228.0,53.0,111.0,False,4.8,False,Normal,False,0.0,Down,0.0,Reversible Defect,False,False,High,2.0,0
38668,67,Male,22.6,Non-anginal Pain,127.0,84.0,65.0,147.0,209.0,47.0,138.0,False,5.6,False,Normal,False,0.7,Up,0.0,Normal,True,False,Low,6.0,0
38818,44,Female,26.7,Asymptomatic,109.0,64.0,,184.0,155.0,38.0,73.0,True,6.8,True,Normal,True,0.0,Up,0.0,Normal,False,True,Low,3.0,0
88262,37,Female,29.0,Non-anginal Pain,116.0,73.0,64.0,185.0,194.0,74.0,94.0,False,5.1,False,Normal,True,0.4,Up,1.0,,False,True,High,6.0,0
67746,70,Male,,Non-anginal Pain,143.0,95.0,71.0,149.0,,,,False,4.9,False,ST-T Wave Abnormality,False,0.8,Flat,3.0,,False,True,Moderate,4.0,1
64590,72,Male,33.2,Typical Angina,127.0,73.0,88.0,155.0,261.0,54.0,169.0,False,6.7,True,Normal,False,0.9,Up,2.0,Normal,False,False,Moderate,4.0,1
69934,43,Female,28.7,Non-anginal Pain,137.0,87.0,88.0,174.0,175.0,61.0,91.0,False,5.5,False,Normal,False,0.0,Flat,0.0,Reversible Defect,False,True,Moderate,9.0,1
28893,71,Female,24.7,Asymptomatic,136.0,,72.0,147.0,129.0,38.0,,False,5.5,False,Normal,False,0.0,Up,1.0,Normal,False,True,Low,1.0,0
11160,54,Male,23.9,Atypical Angina,123.0,81.0,68.0,154.0,186.0,37.0,137.0,False,5.0,False,Left Ventricular Hypertrophy,False,,Up,1.0,Reversible Defect,True,False,Moderate,2.0,0
84234,56,Male,29.6,Asymptomatic,120.0,72.0,72.0,141.0,132.0,40.0,84.0,False,5.7,False,Normal,False,0.0,Flat,0.0,,False,True,Low,4.0,0
84862,78,Male,29.6,Atypical Angina,130.0,87.0,68.0,160.0,207.0,48.0,,False,5.3,False,Normal,False,0.0,Up,1.0,Normal,False,False,Low,6.0,1
47128,36,Female,31.0,Non-anginal Pain,115.0,82.0,71.0,187.0,166.0,41.0,103.0,True,,False,Normal,False,0.0,Flat,0.0,,False,False,Moderate,7.0,0
5386,53,Male,29.5,Asymptomatic,123.0,72.0,62.0,182.0,215.0,54.0,119.0,False,,False,Normal,False,0.0,Up,0.0,Normal,False,False,High,5.0,0
25457,75,Male,24.8,Non-anginal Pain,124.0,73.0,69.0,141.0,161.0,54.0,,False,5.1,False,Normal,False,1.6,Flat,0.0,Normal,False,False,Moderate,4.0,0
12400,35,Male,21.4,Asymptomatic,110.0,67.0,71.0,170.0,161.0,39.0,102.0,False,5.3,False,Normal,False,0.0,Up,0.0,Normal,True,False,Moderate,,0
82470,43,Female,24.3,Asymptomatic,118.0,71.0,68.0,187.0,256.0,57.0,167.0,False,5.1,False,Normal,True,0.9,Up,0.0,Normal,False,False,Moderate,6.0,0
6500,64,Male,23.5,Atypical Angina,111.0,66.0,64.0,151.0,273.0,56.0,178.0,False,5.9,False,Normal,True,0.0,Up,0.0,Normal,True,False,Moderate,4.0,0
55584,50,Male,27.5,Asymptomatic,115.0,63.0,55.0,148.0,190.0,46.0,117.0,False,5.2,False,Normal,False,0.5,Up,0.0,Normal,False,True,High,6.0,0
18818,53,Female,21.3,Non-anginal Pain,129.0,80.0,82.0,157.0,174.0,51.0,116.0,False,4.7,False,Normal,False,2.8,Flat,2.0,Normal,False,False,Low,7.0,1
80710,38,Female,24.3,Asymptomatic,118.0,79.0,70.0,164.0,197.0,51.0,,False,5.2,False,,False,0.0,Flat,0.0,Normal,True,False,Moderate,4.0,0
82906,38,Female,29.3,Non-anginal Pain,115.0,85.0,65.0,192.0,304.0,48.0,220.0,False,,False,Normal,False,0.0,Down,0.0,Normal,True,False,High,5.0,0
64182,32,Female,27.3,Atypical Angina,99.0,68.0,64.0,196.0,,45.0,103.0,False,5.0,False,Normal,False,0.0,Up,0.0,Normal,False,False,High,,0
92037,75,Male,31.7,Non-anginal Pain,142.0,82.0,71.0,146.0,209.0,40.0,151.0,False,5.7,False,Normal,False,0.0,Up,0.0,Reversible Defect,False,False,Moderate,2.0,1
88409,49,Female,25.7,Asymptomatic,108.0,76.0,70.0,174.0,188.0,56.0,105.0,,5.0,False,Normal,False,1.1,Flat,1.0,Reversible Defect,True,True,Moderate,3.0,1
14400,31,Female,23.0,Atypical Angina,119.0,90.0,69.0,192.0,325.0,,110.0,False,5.1,False,Normal,False,0.0,Up,0.0,Reversible Defect,False,False,Moderate,8.0,0
33599,63,Male,35.1,Typical Angina,121.0,76.0,67.0,173.0,167.0,46.0,106.0,False,5.8,False,Left Ventricular Hypertrophy,True,2.1,Flat,0.0,Normal,False,False,High,9.0,1
5740,40,Male,,Non-anginal Pain,121.0,70.0,53.0,,315.0,50.0,238.0,False,8.1,True,Normal,False,0.0,Up,0.0,Normal,False,True,High,5.0,1
43646,55,Female,31.3,,106.0,67.0,74.0,186.0,220.0,45.0,98.0,False,6.2,False,Normal,False,0.0,Flat,1.0,Normal,False,True,Low,2.0,0
88961,64,Male,,Asymptomatic,145.0,81.0,74.0,149.0,175.0,48.0,101.0,True,5.6,False,Normal,False,0.6,Up,1.0,Reversible Defect,False,False,Moderate,4.0,0
61958,51,Male,19.5,Atypical Angina,124.0,70.0,65.0,187.0,183.0,50.0,100.0,False,4.6,,Normal,False,0.4,Flat,1.0,,False,False,High,3.0,0
15438,49,Female,35.2,,117.0,77.0,80.0,160.0,201.0,33.0,154.0,True,11.6,True,Normal,False,0.0,Down,2.0,,False,True,Low,9.0,1
83490,71,Female,24.6,Atypical Angina,126.0,90.0,84.0,123.0,268.0,70.0,145.0,False,5.7,False,Normal,False,0.5,Flat,0.0,,False,False,Low,5.0,1
11015,51,Male,31.2,Typical Angina,121.0,,61.0,181.0,150.0,38.0,93.0,True,11.6,True,Normal,False,0.0,Up,2.0,Normal,False,False,Low,3.0,1
91909,54,Male,20.1,Non-anginal Pain,119.0,89.0,68.0,178.0,198.0,45.0,118.0,False,5.0,False,Normal,False,0.0,Up,0.0,Normal,False,False,High,6.0,0
40487,39,Female,26.38,Asymptomatic,132.0,86.0,69.0,153.0,232.0,61.0,149.0,False,5.3,False,Normal,False,0.0,Flat,0.0,Reversible Defect,False,True,Low,6.0,0
88865,56,Female,34.0,Atypical Angina,111.0,85.0,71.0,157.0,203.0,,132.0,False,5.4,False,Normal,False,1.5,Flat,0.0,Normal,False,False,High,5.0,0
39901,67,Male,27.4,Non-anginal Pain,130.0,72.0,78.0,153.0,201.0,36.0,136.0,False,4.9,False,ST-T Wave Abnormality,False,0.0,Flat,3.0,Reversible Defect,False,True,Moderate,3.0,0
30762,83,Male,34.3,Typical Angina,160.0,96.0,81.0,122.0,192.0,42.0,108.0,False,6.0,False,ST-T Wave Abnormality,True,1.6,Up,3.0,Reversible Defect,False,False,Moderate,8.0,1
89693,52,Female,22.0,Non-anginal Pain,130.0,79.0,72.0,192.0,204.0,47.0,152.0,False,5.0,False,Normal,False,0.8,Flat,0.0,Normal,False,True,High,4.0,0
21,69,Male,29.0,Non-anginal Pain,125.0,82.0,73.0,133.0,208.0,38.0,138.0,False,6.0,False,Left Ventricular Hypertrophy,False,0.0,Up,1.0,Normal,False,False,Moderate,5.0,1
12435,45,Male,23.07,Asymptomatic,127.0,90.0,73.0,164.0,159.0,,95.0,False,4.6,False,Normal,False,0.0,Up,0.0,Normal,False,False,Low,6.0,0
31021,66,Male,30.7,Non-anginal Pain,117.0,75.0,66.0,183.0,140.0,52.0,64.0,False,6.4,False,ST-T Wave Abnormality,False,0.2,Up,0.0,Normal,False,False,Moderate,4.0,0
60025,53,Male,27.98,Non-anginal Pain,127.0,70.0,79.0,143.0,176.0,42.0,79.0,True,6.2,True,Normal,False,0.0,Up,0.0,Normal,True,True,Low,4.0,0
6837,43,Male,25.6,Non-anginal Pain,125.0,84.0,60.0,180.0,,64.0,64.0,False,4.9,False,Normal,False,0.0,Up,0.0,Reversible Defect,False,False,High,4.0,0
95128,31,Male,30.6,Atypical Angina,110.0,75.0,78.0,169.0,191.0,60.0,79.0,False,,False,Normal,False,0.0,Flat,0.0,Normal,False,True,,3.0,0
4224,74,Female,33.8,Non-anginal Pain,135.0,87.0,67.0,135.0,189.0,54.0,110.0,False,5.5,False,Left Ventricular Hypertrophy,False,0.7,Flat,0.0,Normal,False,True,Low,4.0,1
75657,66,Female,27.1,Non-anginal Pain,111.0,85.0,69.0,141.0,236.0,39.0,169.0,False,5.3,False,Normal,True,0.4,Up,0.0,Normal,False,True,Moderate,6.0,1
90855,73,Male,24.4,Asymptomatic,151.0,89.0,62.0,154.0,141.0,55.0,59.0,False,5.5,False,Normal,False,0.0,Down,0.0,Normal,False,False,Low,3.0,0
57368,47,Female,24.3,Asymptomatic,130.0,,,154.0,204.0,59.0,120.0,False,5.1,False,Normal,False,0.0,Up,1.0,Reversible Defect,False,False,Low,7.0,0
60716,73,Male,23.4,Non-anginal Pain,137.0,78.0,66.0,153.0,227.0,43.0,148.0,False,,False,Normal,False,0.0,Up,0.0,Normal,True,False,Moderate,5.0,0
81960,63,Male,39.9,Non-anginal Pain,125.0,79.0,78.0,160.0,263.0,43.0,195.0,True,11.8,True,Normal,False,0.2,Up,1.0,Normal,False,True,Moderate,3.0,1
20462,51,Male,25.4,Asymptomatic,116.0,76.0,70.0,149.0,228.0,51.0,153.0,False,5.1,False,Normal,False,0.0,Up,0.0,Normal,False,False,High,6.0,0
75150,65,Male,20.7,Typical Angina,122.0,83.0,71.0,170.0,187.0,,117.0,False,5.5,False,Normal,True,0.0,Flat,0.0,Normal,False,False,High,3.0,0
7856,61,Female,27.8,Atypical Angina,132.0,89.0,68.0,144.0,210.0,69.0,103.0,False,6.6,True,Normal,False,0.0,Up,0.0,Normal,False,False,Moderate,9.0,0
13935,63,Male,33.5,Asymptomatic,117.0,70.0,75.0,127.0,,36.0,147.0,False,5.6,False,Normal,False,0.0,Flat,3.0,Normal,False,False,Low,1.0,0
87156,43,Female,27.9,Asymptomatic,128.0,74.0,67.0,182.0,157.0,54.0,80.0,False,5.7,False,Normal,True,0.3,Down,0.0,Normal,False,False,Moderate,7.0,0
44434,60,Male,30.1,Asymptomatic,132.0,83.0,79.0,168.0,188.0,39.0,91.0,False,4.9,False,Normal,True,0.0,Up,0.0,Normal,False,True,Low,6.0,1
67436,51,Male,,Atypical Angina,111.0,70.0,62.0,157.0,218.0,50.0,131.0,False,5.1,False,Normal,False,2.0,Down,1.0,Normal,False,True,Moderate,1.0,0
68870,73,Female,25.8,Asymptomatic,140.0,72.0,74.0,163.0,199.0,65.0,120.0,False,5.2,False,ST-T Wave Abnormality,True,0.7,Up,3.0,Normal,False,True,Low,5.0,0
19634,32,Male,22.9,Typical Angina,114.0,59.0,79.0,172.0,172.0,37.0,111.0,False,5.3,False,Normal,True,1.9,Flat,0.0,Normal,True,False,Moderate,6.0,0
72266,46,Male,25.54,Asymptomatic,97.0,69.0,75.0,134.0,188.0,59.0,,False,5.8,False,Normal,False,0.0,Up,2.0,Normal,False,False,Moderate,6.0,0
48237,59,Female,23.9,Non-anginal Pain,123.0,86.0,64.0,174.0,165.0,50.0,103.0,False,5.2,False,Normal,False,5.5,Flat,1.0,Fixed Defect,False,False,Moderate,4.0,0
46414,43,Female,27.6,Asymptomatic,110.0,78.0,56.0,199.0,216.0,36.0,114.0,False,5.6,False,Normal,False,0.0,Flat,0.0,Reversible Defect,True,False,High,4.0,0
60854,53,Male,26.1,Asymptomatic,119.0,94.0,64.0,185.0,,39.0,111.0,False,5.5,False,Normal,False,0.0,Up,0.0,Fixed Defect,True,True,High,1.0,1
93008,62,Female,27.7,Typical Angina,102.0,70.0,63.0,171.0,,48.0,120.0,False,5.3,False,Normal,False,0.0,Up,0.0,,False,,High,10.0,0
91099,77,Female,29.1,Non-anginal Pain,133.0,82.0,73.0,167.0,224.0,,135.0,False,5.5,False,ST-T Wave Abnormality,False,0.7,Flat,0.0,Normal,False,True,Moderate,4.0,1
42836,74,Female,38.86,Non-anginal Pain,153.0,100.0,93.0,147.0,176.0,49.0,91.0,True,7.7,True,Left Ventricular Hypertrophy,False,0.0,Up,0.0,Normal,False,True,Low,8.0,0
62829,48,Male,28.4,Atypical Angina,183.0,111.0,79.0,145.0,180.0,41.0,108.0,True,5.3,False,Normal,True,0.0,Up,1.0,Normal,False,False,Low,4.0,0
44603,87,Male,30.9,Typical Angina,140.0,76.0,69.0,124.0,,,,False,5.5,True,Normal,False,2.0,Flat,1.0,Reversible Defect,False,False,Low,2.0,1
51272,63,Male,27.9,Non-anginal Pain,139.0,88.0,65.0,116.0,208.0,41.0,142.0,False,5.4,False,Normal,True,0.0,Up,1.0,Reversible Defect,False,False,Low,7.0,1
31414,55,Male,27.1,Non Anginal Pain,145.0,92.0,68.0,151.0,198.0,39.0,133.0,False,,False,Normal,False,0.0,Flat,0.0,Normal,False,True,Low,6.0,1
19507,80,Female,26.4,Asymptomatic,151.0,90.0,69.0,133.0,202.0,47.0,134.0,False,6.1,False,Left Ventricular Hypertrophy,False,0.7,Flat,1.0,Normal,False,False,Moderate,2.0,1
22147,54,Female,26.3,Non-anginal Pain,125.0,77.0,66.0,187.0,192.0,45.0,107.0,False,5.0,False,Normal,False,,Up,0.0,Normal,False,False,Low,5.0,0
77491,71,Female,31.5,Non-anginal Pain,117.0,84.0,63.0,172.0,,46.0,164.0,False,5.4,True,Normal,False,0.0,Up,1.0,Reversible Defect,False,False,High,5.0,0
22287,39,Female,29.4,Asymptomatic,132.0,,67.0,161.0,271.0,43.0,184.0,False,5.9,False,Normal,False,0.0,Flat,0.0,Fixed Defect,False,True,Low,3.0,1
30376,59,Male,27.99,Atypical Angina,129.0,88.0,71.0,172.0,186.0,35.0,125.0,False,5.5,False,Normal,False,0.0,Up,0.0,Normal,False,False,High,6.0,0
61551,46,Male,23.3,,110.0,70.0,63.0,164.0,272.0,40.0,92.0,False,5.4,False,Normal,True,0.0,Up,1.0,Normal,False,False,Low,5.0,0
36890,36,Male,24.03,Non-anginal Pain,123.0,74.0,63.0,178.0,235.0,50.0,175.0,False,,False,Normal,True,0.5,Flat,0.0,Normal,False,True,Moderate,5.0,0
36424,48,Female,21.8,Non-anginal Pain,118.0,82.0,64.0,161.0,220.0,53.0,136.0,False,4.8,False,Normal,False,0.9,Up,2.0,Reversible Defect,False,False,Moderate,3.0,0
13588,52,FEMALE,34.2,Non-anginal Pain,143.0,92.0,83.0,163.0,276.0,61.0,195.0,False,5.4,False,,False,,Down,0.0,Normal,False,True,Low,7.0,1
49947,57,Female,30.2,Asymptomatic,138.0,81.0,81.0,162.0,190.0,48.0,88.0,False,5.2,False,Normal,False,0.0,Flat,2.0,Normal,True,False,Moderate,6.0,1
14529,31,Female,24.29,Atypical Angina,116.0,72.0,70.0,208.0,,73.0,167.0,False,5.1,False,Left Ventricular Hypertrophy,False,,Flat,0.0,Reversible Defect,False,False,High,5.0,0
36769,53,Female,31.4,Asymptomatic,118.0,80.0,71.0,137.0,242.0,44.0,148.0,False,5.4,False,Normal,False,0.0,Flat,0.0,Reversible Defect,False,True,Low,7.0,0
1620,44,Male,27.3,Asymptomatic,111.0,80.0,54.0,157.0,200.0,42.0,144.0,False,5.1,False,,False,0.0,Up,0.0,Normal,True,True,Moderate,,0
61993,81,Male,42.7,Typical Angina,139.0,86.0,53.0,109.0,170.0,26.0,126.0,True,5.6,False,ST-T Wave Abnormality,True,0.0,Up,1.0,Normal,False,False,Moderate,5.0,1
95873,50,Female,22.5,Non-anginal Pain,115.0,80.0,64.0,,230.0,60.0,122.0,False,5.3,False,Normal,False,0.0,Flat,2.0,Reversible Defect,False,True,Moderate,4.0,0
87425,72,Male,31.3,Non-anginal Pain,129.0,77.0,84.0,146.0,156.0,40.0,83.0,False,5.5,False,Normal,False,0.4,Flat,0.0,Normal,False,False,Low,9.0,0
33618,67,Male,22.2,Atypical Angina,131.0,73.0,71.0,153.0,165.0,40.0,89.0,False,5.0,False,Normal,True,1.8,Flat,1.0,Normal,False,True,Low,5.0,1
81211,49,Male,26.1,Asymptomatic,116.0,76.0,73.0,157.0,164.0,50.0,69.0,,5.8,False,Normal,False,0.0,Up,0.0,Fixed Defect,False,True,Moderate,8.0,0
10875,62,Female,28.2,Atypical Angina,114.0,77.0,74.0,150.0,136.0,,89.0,False,4.7,False,Normal,False,1.2,Up,0.0,Reversible Defect,False,False,Moderate,3.0,0
20685,31,Female,26.5,Non-anginal Pain,98.0,71.0,63.0,181.0,207.0,51.0,113.0,False,5.6,False,Normal,True,0.0,Up,0.0,Normal,False,False,Moderate,6.0,0
43597,76,Male,33.4,Typical Angina,151.0,99.0,78.0,132.0,212.0,40.0,170.0,False,5.1,False,ST-T Wave Abnormality,False,2.0,Flat,3.0,Reversible Defect,False,False,Moderate,8.0,1
75802,64,Male,24.6,Asymptomatic,,76.0,73.0,151.0,215.0,33.0,142.0,False,5.3,False,Normal,False,0.5,Flat,2.0,Normal,True,False,Moderate,5.0,1
80892,64,Male,18.8,Asymptomatic,151.0,91.0,74.0,149.0,149.0,29.0,103.0,False,5.0,False,Normal,False,0.7,Up,0.0,Fixed Defect,False,False,Low,7.0,0
94854,49,Male,22.2,Asymptomatic,106.0,61.0,58.0,183.0,254.0,59.0,176.0,False,5.5,False,Left Ventricular Hypertrophy,False,0.4,Up,0.0,Normal,False,True,High,1.0,0
13178,34,Male,38.2,Non-anginal Pain,106.0,72.0,75.0,200.0,183.0,27.0,116.0,False,4.9,False,ST-T Wave Abnormality,True,0.5,Up,0.0,Normal,False,False,High,8.0,0
36376,60,Female,33.5,Non-anginal Pain,122.0,67.0,63.0,153.0,174.0,38.0,104.0,True,6.2,False,Normal,False,0.0,Flat,0.0,Normal,False,False,Low,6.0,0
43852,39,Male,25.64,Non-anginal Pain,105.0,78.0,55.0,199.0,141.0,40.0,80.0,True,5.7,False,Normal,False,0.4,Flat,1.0,Normal,True,False,High,6.0,0
95841,33,Male,20.9,Atypical Angina,117.0,82.0,75.0,204.0,163.0,50.0,92.0,False,8.1,True,Normal,False,0.0,Flat,0.0,,False,True,Moderate,5.0,0
39719,39,Female,23.4,Atypical Angina,127.0,86.0,79.0,180.0,157.0,,101.0,False,5.3,False,normal,False,0.0,Up,0.0,Normal,False,False,Moderate,8.0,0
62744,36,Female,27.3,Atypical Angina,136.0,84.0,76.0,162.0,162.0,46.0,,False,5.2,False,Normal,False,0.0,Up,0.0,Fixed Defect,False,True,Low,8.0,0
87846,47,Male,24.6,Asymptomatic,102.0,69.0,59.0,172.0,190.0,52.0,113.0,False,5.3,False,Normal,False,0.0,Up,0.0,Normal,False,False,High,3.0,0
61364,58,Female,25.4,Asymptomatic,119.0,72.0,81.0,162.0,243.0,57.0,170.0,False,5.2,False,Normal,False,,Flat,0.0,Normal,False,False,Low,5.0,1
37876,30,Female,29.0,Non-anginal Pain,100.0,61.0,70.0,201.0,178.0,56.0,76.0,,5.5,True,Normal,False,0.0,Up,0.0,Normal,False,False,Low,3.0,0
83975,27,Female,25.9,Asymptomatic,,56.0,114.0,184.0,181.0,58.0,81.0,False,5.2,False,Normal,False,0.0,Flat,0.0,Normal,False,False,High,8.0,0
38785,35,Female,32.5,Asymptomatic,117.0,83.0,72.0,180.0,185.0,51.0,101.0,False,4.6,False,Normal,False,0.8,Up,1.0,Normal,True,False,Moderate,8.0,0
27349,62,Female,26.3,Atypical Angina,131.0,83.0,82.0,169.0,257.0,52.0,196.0,False,4.8,False,ST-T Wave Abnormality,True,1.6,Flat,1.0,Normal,False,True,Moderate,6.0,0
87690,48,Male,30.9,Atypical Angina,145.0,72.0,74.0,170.0,,57.0,175.0,False,5.0,False,ST-T Wave Abnormality,False,0.0,Up,0.0,Normal,False,False,Moderate,8.0,0
83039,61,Male,29.0,Asymptomatic,112.0,55.0,72.0,165.0,234.0,36.0,157.0,False,5.3,False,Normal,False,1.1,Up,0.0,Normal,False,False,Low,5.0,0
37403,39,Female,21.9,Asymptomatic,100.0,65.0,78.0,185.0,,49.0,123.0,False,,False,,False,0.0,Flat,0.0,Normal,,False,Moderate,9.0,0
62649,72,Male,26.2,Asymptomatic,106.0,58.0,78.0,155.0,222.0,48.0,122.0,False,4.8,False,Normal,False,0.0,,1.0,Normal,False,False,Low,8.0,0
61411,53,Male,21.5,Typical Angina,115.0,71.0,65.0,180.0,175.0,53.0,109.0,False,5.5,False,Left Ventricular Hypertrophy,True,0.0,Up,0.0,Normal,False,True,Moderate,5.0,0
96548,43,Female,20.6,Atypical Angina,109.0,87.0,67.0,182.0,157.0,50.0,91.0,False,5.5,False,Normal,False,0.1,Up,1.0,Normal,False,False,Moderate,4.0,0
24692,62,Male,23.2,Asymptomatic,140.0,,89.0,144.0,174.0,29.0,113.0,False,5.6,False,Normal,False,0.0,Flat,0.0,Normal,False,False,Low,7.0,0
75103,56,Male,30.4,Atypical Angina,140.0,87.0,88.0,172.0,179.0,56.0,103.0,False,,False,Normal,False,1.7,Flat,1.0,Normal,True,False,Moderate,5.0,1
41279,46,Female,30.2,Non-anginal Pain,102.0,79.0,71.0,185.0,,,178.0,False,5.8,False,Normal,False,1.7,Flat,0.0,Normal,False,False,High,3.0,0
55382,78,Female,21.9,Atypical Angina,152.0,90.0,82.0,142.0,201.0,54.0,127.0,False,5.1,False,Left Ventricular Hypertrophy,False,1.9,Flat,1.0,Reversible Defect,,False,Low,10.0,1
15522,41,FEMALE,21.6,Atypical Angina,117.0,76.0,66.0,179.0,199.0,45.0,125.0,False,5.5,False,Normal,False,0.0,Flat,0.0,Normal,True,False,Low,1.0,1
66560,74,Female,29.2,Asymptomatic,147.0,80.0,73.0,132.0,176.0,57.0,78.0,False,,False,Normal,False,0.0,Up,0.0,Fixed Defect,False,False,Low,8.0,0
14240,28,Female,23.0,Typical Angina,90.0,73.0,60.0,183.0,168.0,59.0,68.0,False,4.7,False,ST-T Wave Abnormality,False,0.0,Up,1.0,Fixed Defect,False,False,High,2.0,0
76057,48,Male,27.6,Asymptomatic,128.0,83.0,88.0,168.0,180.0,37.0,99.0,False,5.6,False,,True,1.3,Down,1.0,Reversible Defect,False,False,Low,4.0,0
53471,74,Male,39.3,Asymptomatic,149.0,85.0,77.0,146.0,223.0,33.0,147.0,True,7.7,True,Normal,False,0.0,Up,0.0,Normal,False,True,Low,1.0,1
82883,60,Male,27.6,Non-anginal Pain,134.0,89.0,60.0,164.0,,40.0,145.0,True,6.8,True,Normal,False,0.3,Flat,0.0,Reversible Defect,False,False,Moderate,3.0,1
172,74,Female,,Atypical Angina,136.0,74.0,67.0,119.0,221.0,51.0,146.0,True,5.4,False,Normal,True,1.9,Flat,1.0,Normal,False,True,Low,6.0,1
88774,52,Male,27.9,Non-anginal Pain,101.0,68.0,71.0,185.0,247.0,56.0,142.0,False,4.9,False,Normal,False,0.0,Up,0.0,Normal,False,True,High,6.0,0
66966,30,Male,33.1,Asymptomatic,99.0,78.0,72.0,210.0,216.0,38.0,127.0,True,7.9964,True,Normal,False,0.0,Up,0.0,Normal,False,False,Moderate,6.0,0
90080,42,Female,24.7,Asymptomatic,131.0,85.0,69.0,158.0,160.0,59.0,91.0,False,5.0,False,Normal,True,0.7,Flat,1.0,Normal,False,False,Low,5.0,0
94038,44,Female,20.1,Typical Angina,113.0,66.0,68.0,139.0,209.0,34.0,136.0,False,5.3,False,Normal,False,1.2,Flat,1.0,Normal,True,True,Low,3.0,0
79636,78,Female,37.5,Asymptomatic,161.0,94.0,82.0,137.0,233.0,40.0,105.0,True,7.9,True,Normal,False,0.0,Flat,2.0,Normal,False,True,Low,7.0,1
5392,59,Female,27.7,Non-anginal Pain,134.0,72.0,70.0,162.0,189.0,57.0,113.0,False,5.2,False,Normal,False,0.0,Up,1.0,Normal,True,True,Moderate,7.0,0
15571,44,Female,24.6,Asymptomatic,113.0,68.0,82.0,169.0,257.0,62.0,135.0,False,5.2,False,Normal,False,0.0,Down,0.0,Normal,False,False,Moderate,7.0,0
96992,53,Male,23.3,Asymptomatic,147.0,92.0,86.0,173.0,262.0,41.0,185.0,False,5.6,False,Normal,True,0.8,Flat,3.0,Normal,False,False,Moderate,6.0,1
12462,54,Male,31.3,Asymptomatic,127.0,82.0,81.0,152.0,177.0,34.0,109.0,False,5.1,False,ST-T Wave Abnormality,False,0.0061,Flat,0.0,Reversible Defect,False,False,Moderate,6.0,0
16841,72,Male,32.1,Non-anginal Pain,129.0,85.0,76.0,157.0,222.0,31.0,151.0,True,7.3,True,Normal,False,1.9,Flat,0.0,Normal,False,False,Low,5.0,1
78889,79,Female,,Non-anginal Pain,143.0,81.0,76.0,141.0,181.0,41.0,77.0,True,6.8,True,Normal,False,0.0,Up,0.0,Normal,True,True,Low,2.0,0
58168,60,Male,29.3,Atypical Angina,130.0,81.0,60.0,157.0,230.0,48.0,179.0,False,5.5,False,Normal,False,0.0,Up,1.0,,,False,High,5.0,0
51385,49,Male,22.0,Non-anginal Pain,105.0,57.0,82.0,158.0,140.0,55.0,65.0,True,5.0,False,ST-T Wave Abnormality,False,0.4,Up,1.0,Reversible Defect,False,False,Low,5.0,0
23566,75,Male,30.99,Non-anginal Pain,129.0,78.0,81.0,135.0,,42.0,151.0,True,8.1,True,,False,0.9,Flat,2.0,Reversible Defect,True,False,Low,2.0,1
39923,53,Male,29.9,Non-anginal Pain,132.0,86.0,64.0,156.0,160.0,23.0,106.0,False,5.0,False,Normal,False,0.1,Up,0.0,Normal,False,False,Moderate,6.0,0
46283,50,Male,19.6,Asymptomatic,114.0,78.0,66.0,183.0,144.0,43.0,85.0,False,5.4,False,Normal,False,0.0,Down,1.0,Normal,True,False,High,9.0,0
50911,54,Male,26.2,Asymptomatic,113.0,70.0,76.0,172.0,230.0,51.0,154.0,False,6.8,True,Normal,False,0.0,Up,0.0,Normal,True,False,Moderate,7.0,0
25282,32,Male,22.5,Non-anginal Pain,105.0,70.0,65.0,175.0,207.0,46.0,110.0,False,4.6,False,Normal,False,0.0,Flat,0.0,Normal,False,False,Moderate,3.0,0
71197,62,Female,24.2,Non-anginal Pain,120.0,70.0,62.0,159.0,174.0,46.0,83.0,False,5.6,False,Normal,False,,Up,0.0,Normal,False,False,Moderate,4.0,0
5576,45,Male,24.8,Asymptomatic,138.0,92.0,77.0,170.0,142.0,48.0,80.0,False,4.2,False,Normal,False,2.3,Up,0.0,Normal,False,False,Low,5.0,0
61409,83,Male,33.4,Non-anginal Pain,141.0,80.0,74.0,123.0,176.0,20.0,101.0,True,7.8,True,Normal,False,0.0,Up,0.0,Reversible Defect,False,False,Low,2.0,1
11086,34,Male,33.6,Asymptomatic,105.0,73.0,73.0,201.0,160.0,39.0,107.0,False,,False,Normal,True,0.0,Flat,1.0,Normal,False,False,Low,3.0,0
52587,73,Female,30.9,Typical Angina,136.0,87.0,82.0,137.0,188.0,,,False,5.9,True,Normal,False,0.0,Flat,1.0,Normal,False,False,Low,5.0,1
96203,77,Male,25.1,Asymptomatic,121.0,72.0,62.0,163.0,196.0,54.0,119.0,True,6.3,False,Normal,False,0.0,Up,0.0,Normal,False,False,Moderate,1.0,0
15628,64,Male,23.0,Typical Angina,125.0,80.0,72.0,156.0,193.0,51.0,126.0,True,7.5,True,Normal,True,1.3,Flat,0.0,Normal,False,True,Moderate,5.0,1
87793,50,Female,26.08,Atypical Angina,115.0,78.0,78.0,168.0,151.0,36.0,85.0,False,5.5,False,Left Ventricular Hypertrophy,False,0.0,Flat,0.0,Normal,True,False,Moderate,6.0,1
74215,56,Male,17.7,Non-anginal Pain,135.0,83.0,73.0,152.0,176.0,37.0,102.0,True,6.8,True,Normal,False,0.0,Up,2.0,Reversible Defect,True,False,Moderate,7.0,0
14854,77,Female,33.9,Atypical Angina,154.0,,86.0,168.0,227.0,51.0,141.0,True,10.3,True,Left Ventricular Hypertrophy,False,0.0,Up,0.0,Normal,True,True,Moderate,6.0,1
65131,37,Female,18.7,Asymptomatic,112.0,70.0,72.0,167.0,244.0,52.0,184.0,False,,False,Normal,True,0.8,Flat,1.0,,False,False,Low,6.0,0
33146,64,Male,27.17,Asymptomatic,137.0,82.0,,147.0,246.0,51.0,175.0,False,5.3,False,Normal,False,0.0,Down,1.0,Normal,False,False,Low,8.0,0
70429,42,Male,34.34,Atypical Angina,127.0,82.0,81.0,157.0,,38.0,114.0,False,5.6,False,Normal,False,0.0,Flat,0.0,Normal,False,False,Moderate,4.0,0
10166,46,Female,27.26,Asymptomatic,110.0,66.0,69.0,170.0,147.0,32.0,82.0,False,5.7,False,Normal,False,,Up,0.0,Normal,False,False,Moderate,,0
27537,33,Male,20.7,Asymptomatic,109.0,68.0,62.0,157.0,232.0,51.0,142.0,False,5.2,False,Normal,False,0.0,Up,0.0,Normal,False,True,High,8.0,0
51526,33,Male,27.0,Asymptomatic,110.0,,81.0,178.0,108.0,40.0,64.0,False,5.2,False,Normal,False,0.0,Up,0.0,Normal,False,False,,5.0,0
96748,64,Male,27.1,Non-anginal Pain,126.0,79.0,73.0,152.0,164.0,35.0,115.0,False,5.8,False,Normal,False,0.0,Flat,0.0,Normal,False,False,Moderate,7.0,1
77036,54,Female,21.9,Non-anginal Pain,123.0,84.0,71.0,142.0,158.0,64.0,64.0,False,5.2,False,Normal,False,,Up,0.0,Normal,False,False,Low,1.0,0
80578,47,Female,26.3,Non-anginal Pain,110.0,72.0,81.0,158.0,212.0,60.0,86.0,True,6.7,True,Normal,False,0.0,Flat,1.0,Normal,False,True,Moderate,9.0,0
21267,41,Male,29.48,Non-anginal Pain,108.0,72.0,56.0,200.0,174.0,42.0,99.0,False,5.1,False,Normal,False,0.2,Up,0.0,Normal,True,False,High,8.0,0
5106,56,Male,,Non-anginal Pain,140.0,,80.0,130.0,203.0,37.0,135.0,True,,True,ST-T Wave Abnormality,False,,Flat,1.0,Normal,False,False,Low,8.0,1
28880,35,Female,29.51,Non-anginal Pain,93.0,70.0,62.0,191.0,133.0,51.0,,False,5.2,False,,False,1.0,Flat,0.0,Normal,True,False,Moderate,3.0,0
90950,69,Male,20.0,Asymptomatic,151.0,82.0,78.0,157.0,154.0,38.0,113.0,False,5.5,False,Normal,False,0.0,Up,3.0,Fixed Defect,True,True,Moderate,7.0,1
34204,47,Female,27.7,Asymptomatic,132.0,86.0,70.0,179.0,172.0,23.0,103.0,False,5.3,False,ST-T Wave Abnormality,False,0.0,Up,1.0,Normal,False,False,Moderate,7.0,0
24984,50,Male,27.83,Non-anginal Pain,123.0,90.0,70.0,128.0,142.0,,88.0,False,5.7,False,Left Ventricular Hypertrophy,False,0.9,Flat,2.0,Normal,False,True,High,2.0,0
84237,53,Female,23.81,Typical Angina,114.0,71.0,71.0,160.0,262.0,52.0,171.0,False,4.2,False,Normal,False,,Flat,0.0,Normal,True,True,High,5.0,1
31898,72,Female,26.5,Non-anginal Pain,137.0,84.0,70.0,134.0,248.0,36.0,148.0,False,4.8,False,Normal,False,0.4,Flat,0.0,Normal,False,False,Low,7.0,0
22984,41,Male,24.5,Asymptomatic,91.0,59.0,69.0,175.0,228.0,52.0,155.0,False,4.8,False,Normal,True,0.6,Up,1.0,Normal,False,False,Low,7.0,0
51000,48,Female,24.6,Atypical Angina,114.0,80.0,72.0,156.0,145.0,39.0,,False,5.7,False,Left Ventricular Hypertrophy,False,0.0,Up,0.0,Normal,False,False,Low,6.0,0
41392,70,Male,28.7,Asymptomatic,148.0,88.0,69.0,143.0,224.0,45.0,131.0,False,5.2,False,Left Ventricular Hypertrophy,True,0.0,Flat,0.0,Normal,False,False,Moderate,7.0,0
73905,81,Female,23.4,Atypical Angina,137.0,83.0,88.0,119.0,145.0,38.0,86.0,False,5.1,False,Normal,False,0.0,Up,0.0,Normal,False,False,Low,6.0,0
20934,71,Male,26.09,Asymptomatic,124.0,70.0,63.0,152.0,162.0,55.0,86.0,False,5.5,True,Normal,False,0.0,Flat,0.0,Normal,False,True,Low,3.0,0
86397,34,Male,24.74,Asymptomatic,132.0,77.0,81.0,180.0,,57.0,74.0,False,4.9,False,Normal,False,0.0,Flat,3.0,Normal,True,False,Moderate,7.0,1
59454,41,Male,28.63,Asymptomatic,102.0,86.0,67.0,171.0,186.0,61.0,112.0,False,5.4,False,Normal,False,0.0,Flat,0.0,Normal,False,False,High,7.0,0
86728,46,Male,24.2,Non-anginal Pain,120.0,86.0,80.0,149.0,285.0,43.0,77.0,False,5.6,False,ST-T Wave Abnormality,False,0.4,Up,1.0,Normal,False,True,Moderate,4.0,0
5238,85,Male,23.1,Non-anginal Pain,136.0,80.0,76.0,137.0,242.0,45.0,165.0,True,7.8,True,Normal,False,0.0,Down,1.0,Normal,False,True,Low,2.0,1
68463,78,Male,22.9,Atypical Angina,154.0,90.0,87.0,152.0,,39.0,116.0,False,5.4,False,Normal,False,0.0,Flat,1.0,Reversible Defect,False,False,Low,8.0,1
39892,47,Male,25.1,Non-anginal Pain,120.0,73.0,61.0,169.0,124.0,51.0,52.0,False,5.7,False,Normal,False,0.0,Up,0.0,Normal,True,False,Moderate,6.0,0
44280,48,Female,,Non-anginal Pain,128.0,89.0,66.0,170.0,220.0,45.0,155.0,False,4.7,False,Normal,False,0.0,Up,0.0,,True,False,Low,3.0,0
8048,80,Male,43.6,Atypical Angina,164.0,89.0,79.0,141.0,223.0,38.0,125.0,True,11.6,True,Left Ventricular Hypertrophy,False,0.0,Flat,0.0,Normal,False,False,Low,6.0,1
3836,42,Female,33.2,Asymptomatic,123.0,81.0,60.0,199.0,209.0,39.0,152.0,False,5.2,False,Normal,False,0.0,Up,0.0,Normal,,False,Moderate,1.0,0
79923,64,Male,26.6,Asymptomatic,133.0,94.0,66.0,163.0,190.0,40.0,114.0,False,4.8,False,Normal,False,0.3,Up,0.0,Fixed Defect,False,False,Moderate,4.0,1
1175,61,Female,29.1,Non-anginal Pain,109.0,75.0,68.0,161.0,198.0,55.0,117.0,True,9.4,True,ST-T Wave Abnormality,False,0.0,Up,1.0,Normal,False,False,High,7.0,0
64113,81,Male,24.1,Non-anginal Pain,146.0,82.0,77.0,131.0,266.0,39.0,185.0,False,5.0,False,Normal,False,,Flat,3.0,Reversible Defect,True,False,Low,3.0,1
48134,51,Female,21.7,Atypical Angina,118.0,73.0,79.0,155.0,196.0,49.0,127.0,True,4.7,False,Normal,False,0.0,Up,,Reversible Defect,False,True,Moderate,9.0,0
82637,61,Male,23.1,Asymptomatic,130.0,82.0,62.0,168.0,219.0,46.0,136.0,False,4.9,False,Normal,False,0.1,Down,0.0,Normal,False,False,Low,1.0,0
90132,34,Female,22.8,Non-anginal Pain,107.0,77.0,66.0,197.0,155.0,66.0,83.0,False,5.3,False,Normal,False,0.3,Up,0.0,Normal,False,False,,5.0,0
39280,62,Female,31.2,Non-anginal Pain,110.0,70.0,65.0,190.0,156.0,42.0,102.0,False,6.1,False,Normal,False,0.0,Up,0.0,,True,False,High,3.0,0
15310,75,Male,29.2,Typical Angina,162.0,,60.0,154.0,186.0,69.0,99.0,True,4.9,False,ST-T Wave Abnormality,False,0.0,Flat,1.0,Normal,False,True,High,4.0,1
75085,37,Male,29.2,Non-anginal Pain,122.0,71.0,74.0,163.0,204.0,37.0,122.0,False,5.1,False,Normal,False,,Flat,0.0,Normal,False,False,Moderate,6.0,0
52383,37,Female,22.1,Non-anginal Pain,113.0,76.0,83.0,160.0,216.0,39.0,138.0,False,5.6,False,Normal,False,0.0,Down,0.0,Normal,False,False,Moderate,9.0,0
80532,68,Male,23.0,Asymptomatic,115.0,69.0,65.0,162.0,197.0,55.0,97.0,False,6.3,True,Normal,False,0.0,Up,0.0,,False,True,Moderate,2.0,0
44669,48,Male,23.0,Atypical Angina,107.0,62.0,66.0,163.0,163.0,41.0,89.0,False,4.9,False,Normal,False,0.0,Up,0.0,Normal,False,False,High,5.0,0
20001,56,Female,29.23,Atypical Angina,108.0,75.0,63.0,167.0,,48.0,93.0,False,5.2,False,ST-T Wave Abnormality,False,0.0,Up,0.0,Normal,False,False,High,5.0,0
41132,64,Female,17.3,Non-anginal Pain,124.0,74.0,65.0,154.0,235.0,81.0,113.0,False,5.7,False,Normal,False,1.2,Flat,2.0,Normal,False,True,Moderate,2.0,1
61508,35,Male,29.5,,113.0,76.0,66.0,192.0,187.0,56.0,107.0,False,4.6,False,Normal,False,,Flat,0.0,Normal,False,False,High,4.0,0
23072,66,Male,27.0,Non-anginal Pain,136.0,92.0,83.0,159.0,138.0,33.0,,False,5.5,False,ST-T Wave Abnormality,False,0.2,Down,0.0,Reversible Defect,False,True,Low,6.0,1
12315,37,Male,33.7,Asymptomatic,122.0,85.0,82.0,179.0,102.0,20.0,53.0,False,5.1,False,Normal,False,0.0,Up,0.0,Normal,True,False,Low,5.0,0
69303,52,Female,28.5,Atypical Angina,109.0,76.0,73.0,150.0,210.0,40.0,142.0,False,5.6,False,Normal,False,0.4,Up,0.0,Normal,True,True,Moderate,5.0,0
18292,33,Female,22.8,Asymptomatic,110.0,82.0,57.0,210.0,152.0,53.0,60.0,False,5.7,False,Normal,False,0.0,Up,1.0,Normal,False,True,Moderate,3.0,0
84280,62,Male,22.8,Non-anginal Pain,128.0,60.0,78.0,144.0,178.0,46.0,104.0,False,,False,Normal,True,0.0,Flat,1.0,Normal,False,False,Low,9.0,0
32766,81,Female,22.8,Asymptomatic,151.0,81.0,86.0,159.0,151.0,40.0,76.0,False,5.2,False,,False,0.0,Up,1.0,Normal,False,False,Low,6.0,0
30233,63,Female,21.6,Non-anginal Pain,146.0,92.0,78.0,161.0,250.0,73.0,148.0,False,5.4,False,Normal,False,0.8,Flat,1.0,Reversible Defect,False,False,Low,4.0,1
44867,50,Male,23.4,Asymptomatic,131.0,77.0,64.0,141.0,216.0,22.0,146.0,False,5.8,False,Normal,False,0.5,Up,0.0,Normal,False,False,Moderate,7.0,0
15340,32,Female,26.9,Asymptomatic,115.0,79.0,74.0,166.0,,51.0,,False,,False,Normal,False,2.4,Flat,1.0,Normal,False,True,High,6.0,0
71380,28,Female,24.9,Typical Angina,110.0,76.0,76.0,181.0,231.0,57.0,43.0,False,5.2,False,,True,0.0,Up,0.0,Normal,False,False,Low,7.0,0
16660,49,Male,26.3,Asymptomatic,118.0,81.0,68.0,169.0,180.0,58.0,98.0,False,5.3,False,Left Ventricular Hypertrophy,False,0.0,Flat,0.0,Normal,True,False,Moderate,6.0,0
52216,60,Female,22.9,Asymptomatic,119.0,80.0,72.0,153.0,,,91.0,True,5.2,False,Normal,False,0.3,Flat,0.0,Normal,False,False,Moderate,4.0,0
86155,40,Female,22.1,Atypical Angina,107.0,72.0,68.0,186.0,185.0,64.0,96.0,False,5.3,False,Normal,False,0.0,Up,0.0,Normal,False,True,High,5.0,0
61171,41,Female,20.5,Non-anginal Pain,120.0,81.0,69.0,154.0,228.0,65.0,157.0,False,5.5,False,Normal,False,0.0,Up,0.0,Normal,True,False,Moderate,5.0,0
58760,42,Male,28.6,Non-anginal Pain,104.0,73.0,74.0,174.0,217.0,46.0,131.0,False,6.4,True,Normal,False,0.0,Flat,2.0,Normal,False,False,Low,1.0,0
40190,62,Female,22.5,Atypical Angina,137.0,88.0,71.0,159.0,183.0,52.0,116.0,False,5.0,False,Normal,True,1.3,Up,1.0,Reversible Defect,False,True,Low,2.0,0
61723,39,Male,33.4,Non-anginal Pain,96.0,65.0,74.0,157.0,119.0,33.0,62.0,True,7.7,True,Normal,False,0.1,Up,0.0,Normal,True,True,Low,3.0,0
70476,64,Male,26.4,Atypical Angina,120.0,80.0,,146.0,176.0,41.0,92.0,False,5.9,False,Normal,False,0.0,Flat,1.0,Fixed Defect,True,False,Moderate,3.0,1
88581,53,Male,21.8,Asymptomatic,113.0,53.0,65.0,182.0,230.0,59.0,159.0,True,5.7,False,Normal,False,0.0,Up,1.0,Normal,False,True,Moderate,3.0,0
86873,67,Female,29.31,Asymptomatic,139.0,86.0,74.0,126.0,281.0,50.0,179.0,False,5.2,False,,False,1.2,Flat,2.0,Reversible Defect,False,False,Low,7.0,1
43543,52,Male,30.26,Typical Angina,128.0,76.0,83.0,145.0,220.0,43.0,157.0,False,,False,Normal,True,,Flat,3.0,Reversible Defect,True,True,Low,7.0,1
71238,53,Female,20.4,Atypical Angina,133.0,89.0,85.0,157.0,204.0,60.0,142.0,False,5.2,False,Normal,False,0.8,Down,3.0,Normal,False,False,Moderate,3.0,0
46598,87,Female,24.6,Non-anginal Pain,124.0,68.0,62.0,140.0,243.0,71.0,112.0,False,6.0,False,Left Ventricular Hypertrophy,False,0.0,Flat,2.0,Normal,False,True,,6.0,1
55629,60,Male,29.3,Asymptomatic,124.0,79.0,83.0,155.0,219.0,35.0,151.0,False,5.0,False,,False,0.2,Down,0.0,,True,False,Low,7.0,0
46690,84,Male,27.2,Asymptomatic,130.0,67.0,92.0,144.0,166.0,47.0,107.0,False,5.2,False,Left Ventricular Hypertrophy,False,0.0,Up,2.0,Normal,True,False,Low,5.0,1
55547,39,Male,25.6,Asymptomatic,113.0,70.0,81.0,169.0,134.0,32.0,78.0,False,,False,Normal,False,1.5,Flat,0.0,Normal,True,True,Low,4.0,0
78430,59,Male,26.3,Non-anginal Pain,112.0,69.0,67.0,153.0,205.0,55.0,94.0,False,4.8,False,Normal,False,0.0,Up,0.0,Normal,False,False,Moderate,6.0,0
13474,34,Male,32.5,Asymptomatic,118.0,88.0,80.0,188.0,,22.0,74.0,False,,False,Normal,True,4.4,Up,0.0,Normal,False,False,Low,4.0,0
69122,46,Male,21.2,Atypical Angina,117.0,73.0,70.0,185.0,238.0,44.0,177.0,False,5.5,False,Normal,False,0.0,Flat,0.0,Normal,False,False,High,3.0,0
88563,49,Female,31.8,Asymptomatic,124.0,80.0,64.0,174.0,203.0,51.0,119.0,False,5.4,False,Normal,False,0.7,Up,0.0,Normal,False,False,Moderate,4.0,0
56702,43,Male,22.5,Asymptomatic,128.0,80.0,73.0,192.0,190.0,48.0,129.0,False,4.9,False,Normal,False,0.1,Up,0.0,Normal,False,False,Moderate,9.0,0
97198,47,Male,22.2,Asymptomatic,104.0,70.0,59.0,,183.0,67.0,106.0,False,5.4,False,Normal,False,0.0,Up,0.0,Normal,True,False,High,4.0,0
81381,74,Male,30.7,,150.0,88.0,76.0,157.0,201.0,39.0,137.0,True,8.4,True,Normal,False,0.0,Down,0.0,Normal,False,False,Low,8.0,0
63192,44,Female,31.5,Atypical Angina,120.0,85.0,86.0,145.0,198.0,44.0,125.0,False,5.5,False,Normal,False,1.7,Flat,0.0,Normal,True,False,Moderate,7.0,0
32619,53,Male,28.4,Non-anginal Pain,124.0,79.0,76.0,153.0,218.0,48.0,141.0,False,5.3,False,Normal,True,1.1,Flat,0.0,Normal,False,True,Low,4.0,0
326,75,Male,26.8,Asymptomatic,115.0,71.0,67.0,122.0,149.0,33.0,95.0,False,5.6,False,Normal,False,0.0,Flat,1.0,Normal,False,False,,4.0,0
59435,80,Female,37.3,Typical Angina,145.0,85.0,76.0,122.0,197.0,,135.0,True,6.0,True,Normal,False,,Flat,2.0,Normal,False,False,Low,,1
8339,62,Female,22.5,Non-anginal Pain,118.0,71.0,59.0,169.0,228.0,63.0,146.0,False,5.6,False,Normal,False,2.8,Flat,1.0,Normal,False,False,High,4.0,0
80922,40,Male,36.11,Atypical Angina,115.0,81.0,71.0,200.0,187.0,37.0,127.0,True,8.7,True,Normal,False,,Flat,0.0,Normal,True,False,High,4.0,0
30041,77,Female,27.6,Atypical Angina,112.0,83.0,73.0,154.0,141.0,46.0,83.0,False,4.5,False,Normal,False,0.4,Flat,0.0,Normal,False,False,Low,3.0,0
83390,74,Male,20.0,Asymptomatic,135.0,87.0,66.0,159.0,213.0,53.0,138.0,False,6.1,False,Normal,True,0.0,Up,0.0,Normal,False,False,High,5.0,0
85594,60,Female,38.6,Non-anginal Pain,117.0,85.0,80.0,180.0,353.0,51.0,173.0,False,5.8,False,Normal,True,0.3,Flat,0.0,Normal,False,False,Low,4.0,1
73112,31,Female,18.3,Non-anginal Pain,105.0,60.0,78.0,183.0,182.0,,108.0,True,4.9,False,Normal,False,0.0,Up,1.0,Normal,False,False,High,7.0,0
36985,43,Male,19.1,Asymptomatic,125.0,86.0,84.0,173.0,271.0,47.0,193.0,False,5.4,False,Normal,False,0.0,Flat,1.0,Fixed Defect,True,False,Moderate,2.0,0
68672,56,Male,,Asymptomatic,114.0,71.0,66.0,167.0,178.0,55.0,88.0,False,5.2,False,Normal,False,0.0,Flat,0.0,Reversible Defect,True,True,High,7.0,0
82837,60,Female,43.0,Typical Angina,140.0,93.0,73.0,136.0,224.0,40.0,161.0,False,5.2,False,Left Ventricular Hypertrophy,False,0.6,Up,0.0,Normal,False,False,Low,2.0,0
31899,60,Male,26.1,Non-anginal Pain,,70.0,74.0,169.0,152.0,45.0,91.0,False,4.8,False,Normal,False,1.4,Flat,0.0,Normal,False,True,Moderate,7.0,0
88796,64,Male,30.9,Asymptomatic,126.0,72.0,83.0,141.0,224.0,42.0,118.0,False,,True,Normal,False,0.0,Up,0.0,Normal,False,False,Low,2.0,0
27576,34,Male,24.7,Atypical Angina,133.0,74.0,71.0,197.0,180.0,34.0,126.0,False,4.9,False,Normal,False,0.0,Up,0.0,Normal,True,False,Moderate,7.0,0
14232,73,Female,28.65,Non-anginal Pain,145.0,,64.0,149.0,171.0,49.0,101.0,False,5.7,False,ST-T Wave Abnormality,False,0.0,Up,1.0,Normal,False,False,Moderate,3.0,0
8324,71,Female,25.0,Non-anginal Pain,111.0,,83.0,161.0,198.0,37.0,131.0,True,5.4,True,Left Ventricular Hypertrophy,False,0.0,Flat,2.0,Normal,True,False,Low,6.0,1
54455,46,Male,24.84,Typical Angina,118.0,78.0,83.0,164.0,134.0,41.0,75.0,False,5.1,False,Normal,False,0.0,Down,0.0,Normal,True,True,Low,4.0,1
48043,39,Female,25.0,Non-anginal Pain,108.0,77.0,71.0,182.0,194.0,71.0,110.0,False,4.9,False,Normal,False,0.0,Up,0.0,Normal,True,False,Moderate,5.0,0
19522,77,Female,21.4,Non-anginal Pain,139.0,89.0,76.0,143.0,203.0,51.0,127.0,False,4.9,False,Normal,False,0.5,Up,0.0,Normal,True,False,Low,8.0,0
44444,47,Male,24.2,Non-anginal Pain,123.0,83.0,78.0,182.0,161.0,38.0,92.0,False,5.1,False,Normal,False,0.0,Flat,0.0,Reversible Defect,True,False,Low,9.0,1
98869,52,Female,23.3,Non-anginal Pain,119.0,88.0,76.0,166.0,157.0,57.0,70.0,True,6.6,,Normal,False,0.0,Up,0.0,Normal,False,True,Low,4.0,0
92964,82,Male,37.9,Atypical Angina,130.0,79.0,85.0,151.0,189.0,29.0,112.0,True,8.6,True,Normal,False,0.0,Flat,2.0,Reversible Defect,False,False,Low,4.0,1
48290,56,Male,27.5,Typical Angina,121.0,79.0,74.0,184.0,164.0,42.0,77.0,False,5.3,False,Normal,True,0.9,,2.0,Fixed Defect,False,False,Moderate,4.0,1
91253,47,Male,26.2,Asymptomatic,128.0,80.0,62.0,175.0,201.0,38.0,140.0,False,5.5,False,Left Ventricular Hypertrophy,False,0.2,Flat,0.0,Normal,True,False,High,9.0,0
13782,66,Male,46.4,Non-anginal Pain,146.0,82.0,73.0,157.0,160.0,54.0,80.0,False,5.9,False,Normal,False,0.0,Up,0.0,,False,False,Moderate,8.0,0
39817,38,Male,33.1,Asymptomatic,103.0,76.0,76.0,183.0,170.0,51.0,93.0,False,5.6,False,Normal,False,0.8,Flat,0.0,Reversible Defect,False,True,Moderate,7.0,0
24294,74,Male,19.5,Non-anginal Pain,133.0,84.0,77.0,170.0,215.0,56.0,127.0,False,5.2,False,Normal,False,0.0,Up,0.0,Normal,False,True,Moderate,6.0,1
11683,67,Female,23.0,Asymptomatic,123.0,88.0,69.0,146.0,230.0,56.0,150.0,False,6.0,False,Normal,False,,Flat,3.0,Normal,False,False,Moderate,5.0,1
38057,33,Male,24.0,Atypical Angina,115.0,78.0,72.0,194.0,174.0,55.0,79.0,False,4.8,False,Normal,True,0.8,Flat,0.0,Normal,False,True,High,8.0,0
67833,51,Male,25.15,Asymptomatic,117.0,67.0,62.0,179.0,250.0,45.0,159.0,True,5.9,False,Normal,True,2.3,Flat,0.0,Normal,False,True,Moderate,5.0,0
29298,65,Male,25.8,Asymptomatic,138.0,68.0,,134.0,254.0,36.0,153.0,False,5.2,False,ST-T Wave Abnormality,False,0.0,Flat,3.0,Reversible Defect,False,False,Moderate,2.0,1
98039,68,Male,22.1,Non-anginal Pain,133.0,68.0,72.0,123.0,183.0,51.0,100.0,False,5.0,False,Normal,False,0.0,Flat,1.0,Normal,False,True,Low,3.0,0
44820,48,Male,27.3,Asymptomatic,127.0,79.0,78.0,144.0,,,,False,5.3,False,,True,0.4,Up,0.0,Normal,False,False,Low,4.0,0
12618,69,Male,36.8,Typical Angina,116.0,70.0,78.0,,230.0,26.0,176.0,False,5.7,False,Normal,False,0.3,Up,0.0,Normal,False,False,High,6.0,1
80269,55,Male,28.5,Asymptomatic,138.0,,72.0,133.0,255.0,37.0,189.0,False,4.6,False,Left Ventricular Hypertrophy,False,0.0,Flat,0.0,Reversible Defect,True,False,Low,5.0,1
46066,55,Female,21.9,Asymptomatic,138.0,73.0,79.0,182.0,,37.0,139.0,False,4.7,False,Normal,False,0.0,Up,0.0,Normal,False,True,Moderate,9.0,0
47805,55,Female,31.28,Non-anginal Pain,127.0,87.0,69.0,,207.0,58.0,119.0,False,5.7,False,Normal,False,,Flat,0.0,Fixed Defect,False,False,Moderate,4.0,0
84428,37,Female,26.8,Non-anginal Pain,101.0,78.0,68.0,194.0,239.0,52.0,155.0,False,5.3,False,ST-T Wave Abnormality,False,0.0,Up,0.0,Normal,False,False,Moderate,2.0,0
59223,47,Male,23.1,Asymptomatic,117.0,66.0,67.0,183.0,189.0,44.0,114.0,False,5.4,False,Normal,True,0.0,Up,0.0,Normal,False,False,High,5.0,0
1643,51,Female,28.2,Non-anginal Pain,133.0,89.0,62.0,,243.0,52.0,107.0,False,5.2,False,Normal,True,0.0,Flat,0.0,Normal,False,False,High,10.0,1
84523,55,Male,27.6,Non-anginal Pain,118.0,73.0,64.0,172.0,133.0,39.0,82.0,False,5.2,False,Normal,True,0.0,Up,0.0,Normal,False,False,Moderate,7.0,0
76487,64,Female,29.1,Non-anginal Pain,216.0,112.0,77.0,156.0,173.0,65.0,95.0,False,5.7,False,Normal,False,0.7,Flat,0.0,Normal,False,True,High,5.0,1
54323,55,Male,29.3,Asymptomatic,137.0,85.0,72.0,152.0,179.0,32.0,91.0,False,4.9,False,Normal,False,0.0,Flat,0.0,Normal,False,False,Low,3.0,0
4567,41,Female,21.2,Atypical Angina,127.0,81.0,78.0,158.0,158.0,52.0,89.0,True,5.2,False,Left Ventricular Hypertrophy,True,0.6,Up,0.0,Fixed Defect,True,False,Low,7.0,0
87196,46,Female,31.4,Typical Angina,,73.0,90.0,172.0,169.0,,80.0,False,5.3,False,Normal,False,0.0,Flat,0.0,Reversible Defect,False,True,Moderate,5.0,0
27680,77,Female,22.8,Non-anginal Pain,134.0,88.0,77.0,154.0,168.0,48.0,110.0,False,4.8,False,Normal,True,0.7,Flat,1.0,Normal,False,False,Low,5.0,1
68264,51,Male,28.6,Atypical Angina,121.0,66.0,69.0,175.0,175.0,47.0,107.0,False,5.0,False,Normal,False,0.2,Up,0.0,Normal,True,False,High,5.0,0
4148,68,Male,24.3,Asymptomatic,125.0,81.0,71.0,139.0,,43.0,147.0,True,8.8,True,Normal,False,0.8,Flat,1.0,Normal,False,True,Low,6.0,0
54898,40,Female,21.4,Non-anginal Pain,,63.0,57.0,186.0,,59.0,86.0,False,5.0,False,Left Ventricular Hypertrophy,True,0.0,Down,0.0,Normal,False,False,High,,0
87824,66,Male,28.7,Typical Angina,114.0,79.0,71.0,155.0,156.0,35.0,88.0,False,5.3,False,ST-T Wave Abnormality,False,0.0,Up,0.0,Normal,False,False,Low,8.0,0
44141,50,Female,23.7,Typical Angina,124.0,80.0,65.0,185.0,161.0,46.0,108.0,True,7.0,True,Normal,False,0.0,Flat,,Normal,False,False,Moderate,6.0,0
60174,38,Male,20.7,Atypical Angina,115.0,77.0,62.0,197.0,,52.0,205.0,False,4.4,False,Normal,False,0.0,Up,2.0,Normal,False,False,High,8.0,0
39217,43,Male,35.93,Atypical Angina,128.0,90.0,74.0,147.0,175.0,39.0,113.0,True,6.7,True,ST-T Wave Abnormality,False,,Flat,0.0,Normal,False,True,Low,4.0,1
28708,60,Female,22.21,Asymptomatic,108.0,64.0,,182.0,167.0,54.0,86.0,False,5.0,False,Normal,False,0.0,Up,0.0,Normal,True,False,High,3.0,0
94690,37,Male,20.5,Atypical Angina,102.0,70.0,77.0,190.0,207.0,56.0,128.0,False,4.7,False,Normal,False,0.0,Up,1.0,Normal,False,False,Low,9.0,0
60280,39,Female,17.8,Non-anginal Pain,105.0,64.0,74.0,194.0,158.0,67.0,62.0,False,5.0,False,Normal,False,1.1,Flat,1.0,Normal,False,True,High,5.0,0
33402,42,Female,28.5,Asymptomatic,110.0,68.0,127.0,183.0,164.0,,90.0,False,5.5,False,,False,0.4,Up,0.0,Normal,,True,Moderate,4.0,0
6623,85,Female,21.4,Non-anginal Pain,124.0,79.0,80.0,125.0,200.0,52.0,123.0,False,5.6,True,Normal,False,0.0,Up,1.0,Normal,False,False,Moderate,8.0,0
62763,33,Female,30.9,Asymptomatic,132.0,77.0,70.0,189.0,187.0,,88.0,False,5.0,False,ST-T Wave Abnormality,True,0.6,Flat,0.0,Reversible Defect,False,False,High,7.0,0
96934,61,Female,20.7,Asymptomatic,98.0,,65.0,174.0,170.0,48.0,,False,5.7,False,Normal,False,0.0,Up,0.0,Normal,False,False,High,7.0,0
12035,56,Male,20.11,Asymptomatic,133.0,69.0,60.0,173.0,163.0,56.0,90.0,False,,False,Normal,False,0.0,Up,0.0,Normal,False,True,Moderate,2.0,0
19483,85,Male,22.7,Typical Angina,153.0,92.0,66.0,144.0,250.0,50.0,140.0,False,,False,Normal,True,1.3,Flat,0.0,Fixed Defect,False,False,Moderate,8.0,1
55440,62,Female,27.6,Atypical Angina,107.0,78.0,75.0,164.0,250.0,58.0,170.0,False,6.3,False,Normal,False,0.7,Up,2.0,Normal,False,False,Moderate,7.0,1
81794,62,Male,29.1,Asymptomatic,114.0,76.0,80.0,171.0,268.0,,133.0,False,5.3,False,Normal,False,0.0,Flat,1.0,Normal,False,False,Low,5.0,0
2631,39,Female,22.1,Asymptomatic,118.0,82.0,63.0,190.0,218.0,67.0,150.0,False,5.5,False,Left Ventricular Hypertrophy,False,0.4,Flat,1.0,Normal,False,False,High,6.0,0
32691,56,Female,28.58,Non-anginal Pain,114.0,87.0,73.0,148.0,122.0,42.0,70.0,False,5.5,False,Normal,False,0.0,Up,1.0,Normal,False,True,Low,5.0,0
64005,27,Male,24.1,Asymptomatic,108.0,74.0,77.0,183.0,,46.0,138.0,False,4.9,False,Normal,False,0.0,Up,0.0,Normal,True,False,Moderate,7.0,0
47387,60,Male,18.3,Atypical Angina,115.0,81.0,79.0,152.0,205.0,44.0,133.0,False,4.4,False,Normal,True,1.9,Flat,0.0,Normal,False,False,Moderate,7.0,0
61397,67,Female,31.1,Atypical Angina,122.0,69.0,60.0,179.0,202.0,70.0,92.0,False,5.1,False,Normal,False,0.1,Flat,1.0,Reversible Defect,False,True,High,4.0,0
72605,28,Male,27.5,Asymptomatic,120.0,83.0,66.0,210.0,144.0,43.0,78.0,False,5.3,False,Normal,False,2.3,Down,0.0,Normal,True,True,High,9.0,0
5025,37,Male,26.35,Typical Angina,108.0,79.0,76.0,156.0,143.0,33.0,73.0,False,5.2,False,Normal,True,2.0,Flat,1.0,Fixed Defect,False,False,Moderate,6.0,1
31824,74,Male,26.69,Atypical Angina,154.0,92.0,87.0,126.0,174.0,50.0,70.0,True,6.6,True,ST-T Wave Abnormality,True,0.7,Flat,3.0,Fixed Defect,False,True,Low,6.0,1
36484,76,Male,27.01,Asymptomatic,118.0,81.0,71.0,135.0,188.0,31.0,123.0,False,5.4,False,Normal,False,0.5,Up,0.0,Normal,False,False,Moderate,5.0,1
49557,50,Male,35.3,Atypical Angina,93.0,78.0,78.0,173.0,133.0,37.0,,False,4.5,False,Normal,False,,Flat,1.0,Normal,False,True,Moderate,8.0,0
75586,81,Female,24.7,Non-anginal Pain,128.0,79.0,73.0,162.0,254.0,75.0,164.0,False,5.3,False,Normal,False,0.0,Flat,1.0,Normal,True,True,High,7.0,1
52261,70,Female,43.6,Non-anginal Pain,153.0,100.0,80.0,130.0,169.0,39.0,121.0,False,5.4,False,ST-T Wave Abnormality,False,1.2,Flat,0.0,Normal,False,False,Low,6.0,0
75601,51,Male,27.5,Typical Angina,112.0,70.0,59.0,183.0,206.0,34.0,155.0,False,5.1,False,,True,0.0,Flat,0.0,Normal,False,False,Moderate,1.0,0
22487,45,Male,25.9,Non-anginal Pain,121.0,87.0,66.0,143.0,209.0,52.0,127.0,False,4.9997,False,Normal,True,0.0,Flat,3.0,Normal,False,False,,6.0,0
64229,62,Male,,Typical Angina,141.0,87.0,82.0,149.0,183.0,,112.0,False,5.4,False,ST-T Wave Abnormality,False,,Flat,0.0,Reversible Defect,True,False,Moderate,3.0,0
53907,66,FEMALE,23.3,Non-anginal Pain,128.0,69.0,78.0,141.0,269.0,53.0,167.0,False,5.6,False,Normal,True,4.1,Flat,3.0,Reversible Defect,True,False,Low,8.0,1
48157,50,Male,20.4,Asymptomatic,103.0,62.0,61.0,159.0,172.0,57.0,99.0,False,4.9,False,Normal,False,0.0,Flat,0.0,Normal,False,False,Moderate,1.0,0
60335,59,Female,23.0,Non-anginal Pain,110.0,69.0,71.0,173.0,213.0,58.0,130.0,False,5.2,False,ST-T Wave Abnormality,True,0.0,Up,0.0,Normal,False,False,Moderate,8.0,1
28476,48,Male,29.7,Non-anginal Pain,199.0,115.0,66.0,170.0,150.0,29.0,85.0,False,5.1,False,Normal,False,0.0,Flat,0.0,Normal,True,True,Moderate,4.0,0
33575,69,Female,19.2,Asymptomatic,131.0,82.0,65.0,132.0,159.0,55.0,82.0,False,5.0,False,Normal,False,0.3,Up,1.0,,False,True,Low,7.0,0
43553,69,Male,25.5,Typical Angina,123.0,83.0,86.0,163.0,204.0,45.0,134.0,True,8.2,True,ST-T Wave Abnormality,True,0.6,Flat,1.0,Normal,True,False,Low,6.0,1
17638,36,Female,24.08,Non-anginal Pain,98.0,78.0,63.0,196.0,207.0,73.0,103.0,False,4.9,False,Normal,False,0.0,Up,1.0,Normal,False,True,Moderate,8.0,0
3618,57,Female,27.84,Asymptomatic,116.0,76.0,66.0,165.0,189.0,50.0,93.0,False,5.3,False,Normal,False,0.0,Up,3.0,Normal,False,False,Moderate,5.0,0
51999,58,Female,28.6,Non-anginal Pain,116.0,80.0,76.0,120.0,178.0,43.0,104.0,False,4.8,False,Normal,True,0.0,Flat,1.0,Reversible Defect,False,False,Low,3.0,0
34469,55,Female,22.1,Typical Angina,120.0,77.0,75.0,155.0,329.0,61.0,241.0,False,5.9,False,Normal,False,0.0,Flat,3.0,Reversible Defect,False,False,,5.0,1
40255,55,Female,21.7,Asymptomatic,98.0,74.0,76.0,175.0,205.0,64.0,93.0,False,5.0,False,Normal,False,0.0,Up,1.0,Normal,False,False,Moderate,4.0,0
79533,42,Male,26.4,Atypical Angina,122.0,83.0,82.0,182.0,172.0,37.0,105.0,False,4.9,False,Normal,False,1.3,,0.0,Normal,False,False,Low,6.0,0
78026,85,Female,21.74,Asymptomatic,138.0,79.0,67.0,115.0,258.0,59.0,180.0,False,6.4,True,Normal,False,,Flat,0.0,Normal,False,False,Low,5.0,1
49539,53,Male,20.6,Atypical Angina,126.0,77.0,65.0,160.0,156.0,59.0,74.0,True,7.5,True,Normal,False,3.2,Flat,1.0,Reversible Defect,False,False,High,1.0,1
35833,48,Male,31.6,Atypical Angina,113.0,72.0,64.0,175.0,205.0,54.0,111.0,False,5.9,False,Normal,False,0.3,Flat,0.0,Normal,False,False,High,1.0,0
29148,48,Female,25.0,Asymptomatic,122.0,80.0,58.0,184.0,137.0,22.0,91.0,False,5.0,False,Normal,False,0.0,Up,0.0,Reversible Defect,False,False,High,1.0,0
32632,67,Male,19.5,Typical Angina,119.0,78.0,69.0,173.0,130.0,39.0,74.0,False,5.0,False,Normal,False,1.5,Flat,0.0,,False,False,Moderate,7.0,1
35737,70,Male,20.6,Non-anginal Pain,120.0,78.0,90.0,133.0,226.0,46.0,165.0,False,5.4,False,ST-T Wave Abnormality,False,0.5,Up,0.0,Reversible Defect,False,False,Moderate,6.0,0
80330,58,Female,34.4,Asymptomatic,121.0,74.0,81.0,148.0,157.0,,91.0,False,5.4,False,Normal,False,,Flat,0.0,Reversible Defect,False,False,Moderate,6.0,0
29717,56,Female,24.3,Non-anginal Pain,118.0,70.0,68.0,145.0,194.0,72.0,101.0,False,4.9,False,ST-T Wave Abnormality,False,0.0,Up,3.0,Normal,False,False,High,2.0,0
25727,69,Female,28.7,Atypical Angina,114.0,67.0,71.0,162.0,221.0,45.0,159.0,True,7.0,False,Normal,False,0.0,Down,0.0,,False,,High,6.0,0
34577,56,Female,25.4,Typical Angina,127.0,85.0,78.0,155.0,205.0,49.0,126.0,False,6.0,False,,True,3.3,Flat,2.0,Reversible Defect,False,True,Moderate,4.0,1
63820,46,Male,27.3,Non-anginal Pain,119.0,75.0,80.0,162.0,216.0,,133.0,True,9.0,True,ST-T Wave Abnormality,False,1.8,Flat,0.0,Reversible Defect,False,False,Moderate,6.0,1
84413,67,Male,29.6,Asymptomatic,121.0,74.0,67.0,175.0,161.0,46.0,99.0,True,4.9,False,Normal,False,0.0,Up,0.0,Normal,False,False,Moderate,4.0,1
16962,53,Male,,Asymptomatic,138.0,87.0,82.0,158.0,240.0,52.0,139.0,False,5.6,False,Normal,False,0.7,Flat,1.0,Normal,False,False,Low,4.0,0
71010,43,Male,,Non-anginal Pain,115.0,88.0,72.0,161.0,,,,False,5.6,False,Normal,False,0.0,,1.0,Reversible Defect,True,False,Low,4.0,1
85527,65,Male,19.7,Typical Angina,128.0,80.0,75.0,142.0,,42.0,103.0,False,6.2,False,Normal,False,0.0,Up,0.0,Normal,False,True,Moderate,8.0,1
39796,32,Female,32.7,Asymptomatic,110.0,76.0,68.0,151.0,187.0,47.0,113.0,True,6.0,False,Normal,True,0.8,Flat,0.0,Normal,False,False,Moderate,5.0,0
36275,73,Male,31.26,Atypical Angina,143.0,81.0,77.0,120.0,216.0,50.0,119.0,False,6.1,False,ST-T Wave Abnormality,True,2.1,Flat,1.0,Reversible Defect,,False,Low,1.0,1
30394,75,Female,26.5,Non-anginal Pain,131.0,76.0,67.0,168.0,230.0,41.0,167.0,True,6.5,True,Normal,False,0.0,Up,2.0,Normal,False,True,Moderate,3.0,1
97573,38,Female,24.9,Asymptomatic,105.0,80.0,63.0,177.0,186.0,53.0,89.0,False,5.1,False,Normal,False,0.0,Up,0.0,Reversible Defect,False,False,Moderate,,0
10795,64,Female,35.9,Non-anginal Pain,126.0,75.0,118.0,146.0,186.0,53.0,109.0,True,10.3,True,ST-T Wave Abnormality,False,0.0,Up,1.0,Normal,False,False,Low,4.0,0
16921,41,Female,28.2,Non-anginal Pain,189.0,102.0,72.0,195.0,,58.0,158.0,False,5.5,False,Left Ventricular Hypertrophy,False,0.0,Flat,0.0,Normal,False,False,Moderate,6.0,1
61957,53,Female,31.0,Asymptomatic,129.0,85.0,78.0,159.0,247.0,,161.0,False,5.2,False,Normal,True,1.1,Up,1.0,Normal,False,False,Low,2.0,0
34356,76,Female,23.2,Asymptomatic,117.0,78.0,64.0,153.0,179.0,55.0,104.0,False,4.9,False,,False,0.5,Down,1.0,Normal,False,True,Moderate,10.0,1
2506,69,Male,23.5,Asymptomatic,131.0,72.0,66.0,152.0,167.0,,117.0,False,5.0,False,Left Ventricular Hypertrophy,False,0.0,Up,1.0,Normal,False,,Moderate,3.0,0
70109,34,Female,23.7,Asymptomatic,116.0,65.0,67.0,205.0,237.0,68.0,145.0,False,,False,Normal,False,0.0,Down,0.0,,False,False,High,4.0,0
85549,62,Male,28.7,Typical Angina,115.0,85.0,71.0,162.0,213.0,35.0,,False,5.0,False,Normal,False,0.0,Up,0.0,Normal,True,True,Moderate,6.0,1
92251,73,Male,29.59,Atypical Angina,132.0,78.0,107.0,,197.0,41.0,106.0,False,5.0,False,ST-T Wave Abnormality,True,1.2,Flat,1.0,Fixed Defect,False,False,Low,6.0,1
77091,47,Male,29.7,Asymptomatic,120.0,80.0,69.0,161.0,226.0,65.0,160.0,False,4.6,False,Normal,False,0.0,Up,0.0,Normal,False,False,Moderate,6.0,0
47775,61,Female,27.9,Asymptomatic,129.0,81.0,58.0,162.0,197.0,,106.0,True,5.7,False,Normal,False,0.0,Up,0.0,Reversible Defect,False,True,Moderate,5.0,0
72476,33,Male,16.8,Asymptomatic,120.0,83.0,69.0,189.0,124.0,42.0,50.0,False,4.2,False,Normal,False,0.9,Up,0.0,Reversible Defect,False,False,Low,4.0,0
27432,47,Male,25.6,Non-anginal Pain,98.0,,126.0,162.0,,46.0,91.0,False,5.4,False,Normal,True,0.0,Flat,0.0,Normal,False,False,Moderate,3.0,0
45706,81,Female,22.9,Non-anginal Pain,157.0,88.0,84.0,147.0,252.0,65.0,165.0,False,,False,ST-T Wave Abnormality,False,0.0,Up,3.0,Normal,False,False,Low,8.0,1
68176,47,Male,24.4,Typical Angina,112.0,80.0,74.0,170.0,122.0,45.0,,False,5.4,False,Left Ventricular Hypertrophy,True,0.7,Flat,0.0,Normal,False,False,Moderate,6.0,0
82526,66,Female,22.7,Non-anginal Pain,130.0,77.0,70.0,167.0,,24.0,87.0,False,4.6,False,Normal,False,0.0,Flat,0.0,Normal,False,True,Low,7.0,1
20663,65,Female,22.3,Non-anginal Pain,139.0,,52.0,157.0,224.0,73.0,132.0,False,5.3,False,,False,0.0,Up,0.0,Normal,False,False,High,4.0,0
88779,36,Male,20.4,,101.0,83.0,49.0,182.0,237.0,48.0,159.0,False,4.4,False,Normal,False,0.0,Flat,1.0,Normal,False,False,High,3.0,0
80420,85,Male,29.5,Atypical Angina,129.0,88.0,74.0,134.0,,56.0,155.0,False,6.1,False,ST-T Wave Abnormality,False,0.2,Up,0.0,Normal,False,True,Low,3.0,1
77333,57,Male,29.4,Asymptomatic,118.0,68.0,69.0,148.0,203.0,37.0,141.0,False,5.6,False,Normal,False,0.9,Flat,0.0,Normal,False,False,Moderate,6.0,0
83770,62,Male,37.9,Typical Angina,125.0,71.0,71.0,167.0,228.0,39.0,136.0,True,6.6,True,Left Ventricular Hypertrophy,,1.2,Flat,0.0,Reversible Defect,False,False,Low,4.0,1
65794,50,Female,19.48,Asymptomatic,109.0,66.0,71.0,165.0,232.0,48.0,135.0,False,4.9,False,Normal,False,0.3,Flat,0.0,Normal,True,True,Moderate,4.0,0
39266,67,Male,27.0,Non-anginal Pain,123.0,80.0,71.0,153.0,146.0,37.0,76.0,False,6.1,False,Normal,False,0.0,Up,0.0,Normal,False,False,Moderate,3.0,0
1244,67,Female,29.5,Non-anginal Pain,132.0,86.0,69.0,158.0,220.0,54.0,133.0,False,5.4,False,ST-T Wave Abnormality,False,6.0,Flat,3.0,Normal,False,True,Low,6.0,1
28080,58,Female,27.0,Asymptomatic,,89.0,67.0,144.0,179.0,52.0,113.0,False,6.3,False,Normal,False,0.0,Up,1.0,Normal,False,True,Low,1.0,0
89155,69,Female,22.7,Typical Angina,107.0,70.0,75.0,149.0,192.0,49.0,80.0,False,5.3,False,Normal,False,5.5,Flat,2.0,Normal,True,False,,4.0,1
22480,57,Female,29.4,Asymptomatic,113.0,75.0,74.0,152.0,213.0,73.0,,False,5.3,False,Normal,True,1.1,Flat,2.0,Normal,False,False,Moderate,3.0,0
52571,28,Male,30.5,Non-anginal Pain,113.0,82.0,72.0,198.0,194.0,32.0,135.0,False,4.5,False,Normal,False,0.0,Up,0.0,Normal,False,True,High,5.0,1
75668,75,Male,24.0,Atypical Angina,193.0,117.0,83.0,112.0,178.0,41.0,118.0,True,7.5,True,Normal,False,1.8,Flat,3.0,Reversible Defect,False,False,Low,8.0,1
21256,63,Female,25.3,Non-anginal Pain,113.0,81.0,59.0,172.0,145.0,51.0,57.0,False,4.9,False,Normal,False,2.8,Down,0.0,Normal,False,False,Low,5.0,1
73423,49,Male,33.2,Non-anginal Pain,124.0,79.0,63.0,,163.0,72.0,73.0,False,8.1,True,Normal,False,0.0,Up,0.0,Normal,False,False,High,4.0,0
38963,76,Female,34.7,Typical Angina,139.0,87.0,76.0,133.0,178.0,30.0,123.0,True,11.4,True,Normal,False,2.7,Down,2.0,Normal,False,True,Low,6.0,1
87579,35,Male,18.3,Atypical Angina,103.0,72.0,63.0,199.0,199.0,42.0,137.0,False,5.5,False,Normal,False,0.0,Up,2.0,Normal,False,False,High,6.0,0
16782,37,Female,28.6,Asymptomatic,98.0,63.0,73.0,195.0,192.0,49.0,96.0,False,4.8,False,Normal,False,0.1,Up,0.0,Normal,False,False,Moderate,5.0,0
36354,34,Male,23.1,Asymptomatic,106.0,74.0,61.0,172.0,165.0,68.0,71.0,False,4.8,False,Normal,False,4.6,Flat,1.0,Normal,False,False,High,5.0,1
25872,51,Female,29.4,Non-anginal Pain,110.0,80.0,,146.0,192.0,52.0,115.0,True,6.7,True,Normal,False,3.2,Flat,0.0,Normal,False,True,Low,3.0,0
71638,57,Male,31.4,Asymptomatic,134.0,84.0,82.0,161.0,280.0,45.0,109.0,False,4.9,False,Normal,False,2.3,Flat,0.0,Reversible Defect,False,True,Low,9.0,1
86899,37,Male,38.9,Non-anginal Pain,121.0,75.0,87.0,169.0,185.0,38.0,115.0,False,5.0,False,ST-T Wave Abnormality,False,0.0,Down,0.0,Normal,True,False,Moderate,7.0,0
96963,57,Female,32.7,Asymptomatic,106.0,65.0,79.0,164.0,168.0,42.0,100.0,False,5.0,False,Normal,False,0.0,Up,0.0,Normal,False,False,Moderate,6.0,0
58943,59,Female,25.4,Asymptomatic,117.0,75.0,65.0,143.0,246.0,45.0,90.0,False,5.6,False,Normal,True,0.6,Flat,0.0,Normal,False,True,Low,4.0,0
16877,42,Male,25.6,Non-anginal Pain,127.0,85.0,48.0,,167.0,48.0,66.0,False,5.0,False,,False,0.1,Up,0.0,Normal,False,True,High,7.0,0
54665,68,Female,25.2,Atypical Angina,151.0,83.0,77.0,115.0,223.0,58.0,157.0,False,5.7,False,Normal,False,0.9,Flat,2.0,Normal,False,False,Low,3.0,0
55310,81,Female,31.9,Asymptomatic,146.0,87.0,73.0,124.0,313.0,45.0,197.0,True,6.9,True,Normal,False,,Down,0.0,Reversible Defect,True,False,Low,8.0,1
7622,51,Male,22.7,Asymptomatic,130.0,69.0,70.0,145.0,151.0,47.0,82.0,False,4.8,False,Normal,False,0.1,Up,0.0,Reversible Defect,False,False,High,8.0,0
11496,74,Male,26.7,Non-anginal Pain,147.0,87.0,71.0,,196.0,53.0,128.0,False,5.4,False,Normal,False,,Up,1.0,Normal,False,True,Low,3.0,1
81786,50,Female,23.6,Asymptomatic,,85.0,74.0,184.0,163.0,56.0,74.0,False,5.6,False,Normal,True,1.0,Flat,0.0,Normal,False,False,High,3.0,0
13117,47,Female,20.6,Non-anginal Pain,105.0,81.0,64.0,153.0,118.0,23.0,75.0,False,5.6,False,Normal,False,0.0,Flat,0.0,Reversible Defect,True,,High,6.0,0
56831,66,Male,27.0,Atypical Angina,138.0,81.0,66.0,149.0,201.0,53.0,126.0,True,8.5,True,Normal,False,0.0,Up,0.0,Normal,True,True,High,7.0,0
39409,84,Male,28.0,Asymptomatic,131.0,85.0,71.0,162.0,167.0,42.0,102.0,False,5.3,False,Normal,False,0.0,Up,1.0,Normal,False,True,Low,2.0,0
90846,56,Female,24.4,Asymptomatic,132.0,78.0,79.0,156.0,267.0,48.0,175.0,False,4.8,False,Normal,True,0.6,Up,0.0,Normal,False,False,Moderate,9.0,0
55921,59,Female,42.2,Asymptomatic,139.0,89.0,78.0,149.0,162.0,50.0,104.0,False,5.2,False,Normal,False,0.0,Up,0.0,Normal,False,False,Low,5.0,0
56563,54,Male,30.3,Non-anginal Pain,120.0,95.0,72.0,162.0,161.0,34.0,110.0,True,7.1,True,Normal,False,1.0,Up,0.0,Normal,False,False,High,8.0,0
51256,66,Male,35.9,Non-anginal Pain,160.0,105.0,83.0,158.0,254.0,47.0,162.0,False,5.1,False,Normal,True,5.9,Flat,0.0,Normal,False,False,,7.0,1
89373,57,Male,23.8,Typical Angina,134.0,78.0,65.0,160.0,228.0,48.0,136.0,False,,False,Normal,False,0.0,Up,0.0,Normal,True,False,Moderate,2.0,0
85169,54,Male,29.7,Asymptomatic,118.0,76.0,66.0,181.0,194.0,55.0,102.0,False,6.2,False,Normal,True,0.5,Up,0.0,Normal,True,,Low,2.0,0
68078,38,Female,22.3,Asymptomatic,102.0,64.0,76.0,169.0,175.0,60.0,94.0,True,5.6,False,ST-T Wave Abnormality,False,0.0,Up,0.0,Fixed Defect,False,False,Moderate,4.0,0
58234,46,Female,22.6,Asymptomatic,115.0,81.0,64.0,190.0,242.0,52.0,150.0,False,6.0,False,Normal,True,0.0,Up,0.0,Normal,False,False,High,2.0,0
91,61,Male,29.1,Asymptomatic,121.0,90.0,65.0,172.0,147.0,,101.0,False,5.3,False,Normal,False,0.0,Up,1.0,Normal,True,False,Low,1.0,1
23408,42,Female,20.3,Asymptomatic,101.0,85.0,71.0,172.0,188.0,42.0,105.0,False,5.2,False,Normal,False,4.7,Flat,0.0,Reversible Defect,True,True,Moderate,6.0,0
19855,77,Female,25.6,Atypical Angina,118.0,79.0,77.0,131.0,169.0,39.0,103.0,False,5.8,False,Normal,False,1.7,Flat,1.0,Fixed Defect,True,False,Low,6.0,1
51883,71,Male,31.5,Asymptomatic,98.0,71.0,68.0,177.0,178.0,37.0,115.0,False,5.6,False,Normal,False,0.1,Flat,0.0,Normal,False,False,Low,5.0,0
35361,66,Male,19.8,Non-anginal Pain,148.0,79.0,66.0,157.0,149.0,36.0,90.0,False,5.4,False,Left Ventricular Hypertrophy,False,0.0,Down,1.0,Normal,True,False,,8.0,1
54606,80,Female,27.1,Asymptomatic,136.0,93.0,74.0,137.0,221.0,55.0,156.0,True,7.6,True,Normal,False,0.0,Up,0.0,Normal,False,True,Low,8.0,0
93505,47,Female,26.1,Atypical Angina,120.0,81.0,74.0,164.0,193.0,39.0,123.0,False,5.7,False,Normal,False,0.0,Up,0.0,Normal,True,True,Low,7.0,0
80368,36,Male,26.6,Asymptomatic,103.0,75.0,58.0,210.0,170.0,41.0,103.0,False,5.4,False,Normal,True,0.0,Up,0.0,Normal,False,False,High,2.0,0
6828,85,Female,25.0,Atypical Angina,116.0,68.0,82.0,141.0,174.0,,93.0,False,5.6,True,Normal,True,0.0,Flat,3.0,Fixed Defect,False,False,Low,1.0,1
78600,51,Female,29.6,Non-anginal Pain,122.0,69.0,69.0,150.0,234.0,57.0,146.0,False,5.3,False,ST-T Wave Abnormality,True,1.0,Up,2.0,Normal,False,,Low,5.0,0
91480,41,Male,31.7,Atypical Angina,,80.0,80.0,161.0,158.0,42.0,91.0,False,4.5,True,Normal,True,0.0,Up,0.0,Normal,False,True,Low,8.0,0
14409,31,Female,,Asymptomatic,119.0,80.0,80.0,161.0,194.0,52.0,117.0,True,,False,Normal,False,0.0,Up,1.0,Normal,False,False,,8.0,0
4714,65,Female,25.7,Non-anginal Pain,142.0,88.0,67.0,155.0,153.0,52.0,85.0,False,5.4,False,ST-T Wave Abnormality,False,0.0,Flat,0.0,Normal,False,True,High,6.0,0
25967,35,Male,29.4,Non-anginal Pain,114.0,81.0,75.0,191.0,214.0,42.0,137.0,False,5.1,False,Normal,False,0.0,Up,0.0,Normal,False,False,High,5.0,0
39856,52,Female,29.76,Non-anginal Pain,118.0,66.0,79.0,167.0,205.0,52.0,,False,5.2,False,ST-T Wave Abnormality,False,0.0,Up,1.0,,False,True,Low,5.0,0
91570,73,Male,24.6,Non-anginal Pain,186.0,99.0,64.0,133.0,189.0,42.0,121.0,False,6.0,False,ST-T Wave Abnormality,False,0.5,Up,2.0,normal,False,True,Moderate,5.0,1
43500,65,Female,23.7,Atypical Angina,128.0,77.0,76.0,129.0,197.0,65.0,123.0,False,4.9,False,Left Ventricular Hypertrophy,True,5.3,Flat,0.0,Normal,False,False,Low,2.0,1
65072,51,Male,27.9,Asymptomatic,106.0,64.0,69.0,173.0,132.0,41.0,87.0,False,5.2,False,Normal,False,0.0,Up,0.0,Normal,False,False,Low,7.0,0
89613,61,Male,27.1,Atypical Angina,124.0,80.0,68.0,163.0,148.0,36.0,101.0,False,4.9,False,Normal,False,1.6,Flat,0.0,Normal,True,True,,8.0,0
16001,36,Male,23.1,Non-anginal Pain,120.0,93.0,72.0,193.0,268.0,61.0,174.0,False,5.0,False,Normal,False,0.0,Up,0.0,Reversible Defect,True,True,High,10.0,0
8245,47,Female,27.4,Non-anginal Pain,110.0,69.0,66.0,167.0,221.0,62.0,139.0,False,5.0,False,Normal,False,0.0,Down,0.0,Normal,True,False,Moderate,4.0,0
54479,58,Male,21.8,Asymptomatic,138.0,87.0,86.0,151.0,193.0,43.0,110.0,False,4.8,False,Normal,False,0.0,Flat,0.0,Normal,False,False,Moderate,7.0,1
31945,54,Male,32.9,Atypical Angina,139.0,93.0,78.0,148.0,221.0,32.0,161.0,False,5.2,False,Normal,False,0.0,Flat,0.0,Reversible Defect,True,False,Moderate,7.0,1
84608,43,Male,24.0,Atypical Angina,113.0,86.0,73.0,162.0,192.0,70.0,101.0,False,5.8,False,Normal,False,0.0,Up,2.0,Normal,False,True,High,5.0,0
78182,56,Female,22.6,Asymptomatic,119.0,69.0,69.0,162.0,167.0,50.0,104.0,False,,False,Normal,False,0.0,Up,0.0,Normal,False,True,High,5.0,0
62755,38,Male,27.0,Non-anginal Pain,121.0,72.0,80.0,175.0,176.0,50.0,100.0,False,5.5,False,Normal,False,1.4,,3.0,Reversible Defect,True,False,Moderate,6.0,1
58298,53,Female,30.0,Non-anginal Pain,126.0,83.0,81.0,166.0,234.0,53.0,151.0,False,5.5,False,Left Ventricular Hypertrophy,True,0.4,Up,0.0,Normal,True,False,Low,5.0,1
58073,76,Male,30.7,Non-anginal Pain,150.0,95.0,91.0,146.0,193.0,40.0,139.0,False,5.5,False,Normal,False,0.0,Flat,0.0,Normal,False,False,,5.0,1
41495,52,Female,34.2,Typical Angina,112.0,84.0,,167.0,219.0,54.0,133.0,False,5.5,False,Normal,True,0.0,Up,1.0,Fixed Defect,True,True,Low,3.0,1
13601,68,Male,22.5,Atypical Angina,139.0,78.0,80.0,145.0,198.0,41.0,124.0,False,4.8,False,Normal,False,1.7,Flat,2.0,,False,True,Moderate,9.0,1
10392,55,Male,24.6,Typical Angina,120.0,79.0,66.0,138.0,,40.0,68.0,False,4.7,False,ST-T Wave Abnormality,False,0.0,Flat,1.0,Normal,False,False,Low,3.0,1
61070,60,Female,,Typical Angina,127.0,83.0,62.0,129.0,169.0,67.0,82.0,False,4.5,False,Left Ventricular Hypertrophy,False,0.0,,0.0,Normal,False,False,Moderate,4.0,1
21313,58,Male,20.0,Non-anginal Pain,107.0,72.0,68.0,181.0,177.0,56.0,65.0,False,6.2,False,Normal,False,0.0,Up,1.0,Normal,True,False,High,3.0,0
74148,61,Male,,Non-anginal Pain,129.0,75.0,65.0,169.0,183.0,47.0,117.0,False,6.0,False,Normal,False,0.0,Up,1.0,Normal,False,False,Moderate,5.0,0
32958,37,Male,21.1,Non-anginal Pain,107.0,67.0,72.0,173.0,138.0,,69.0,False,5.3,False,Normal,False,0.0,Up,,Normal,False,False,Moderate,3.0,0
41272,49,Female,28.3,Typical Angina,95.0,68.0,72.0,171.0,242.0,52.0,158.0,False,4.9,False,Normal,True,1.0,Up,0.0,Normal,False,False,High,5.0,0
60229,39,Female,,Typical Angina,93.0,74.0,64.0,178.0,229.0,49.0,87.0,False,5.4,False,,False,1.2,Flat,0.0,Normal,False,False,High,4.0,0
45226,65,Male,21.9,Non-anginal Pain,122.0,82.0,51.0,156.0,176.0,41.0,110.0,False,5.2,False,ST-T Wave Abnormality,False,0.5,Flat,3.0,Normal,False,True,Moderate,1.0,1
70459,71,Female,26.21,Atypical Angina,121.0,73.0,71.0,171.0,178.0,36.0,89.0,True,10.6,True,,False,1.9,Flat,0.0,Normal,False,False,Moderate,5.0,0
12836,71,Female,21.6,Atypical Angina,129.0,85.0,76.0,135.0,209.0,75.0,113.0,False,5.2,False,Normal,False,0.0,Flat,0.0,Reversible Defect,False,False,High,9.0,0
21283,51,Male,,Asymptomatic,111.0,63.0,69.0,185.0,163.0,38.0,,False,5.3,False,Normal,False,0.0,Up,0.0,Normal,True,False,High,3.0,0
64591,69,Male,33.4,Non-anginal Pain,139.0,85.0,78.0,160.0,201.0,,157.0,False,,False,Normal,False,0.0,Flat,1.0,Normal,False,False,Low,9.0,0
52980,51,Male,18.5,Non-anginal Pain,101.0,66.0,69.0,178.0,246.0,59.0,141.0,False,5.4,False,Normal,False,,Flat,0.0,Normal,False,False,High,8.0,0
35869,62,Female,25.5,Asymptomatic,,83.0,75.0,159.0,205.0,62.0,117.0,False,5.4,False,Left Ventricular Hypertrophy,True,0.4,Up,1.0,Normal,False,True,Moderate,3.0,1
53446,70,Male,27.53,Typical Angina,133.0,82.0,75.0,153.0,246.0,52.0,153.0,False,5.5,False,Normal,False,0.2,Up,3.0,Normal,False,True,Moderate,6.0,0
50724,75,Male,31.9,Asymptomatic,140.0,87.0,91.0,136.0,206.0,45.0,133.0,False,,False,Left Ventricular Hypertrophy,False,0.0,Flat,2.0,Normal,False,False,Low,9.0,1
51942,69,Female,23.3,Atypical Angina,127.0,82.0,73.0,139.0,232.0,55.0,151.0,False,5.3,False,Normal,False,0.0,Flat,0.0,Normal,False,False,Low,1.0,0
43043,43,Male,26.3,Asymptomatic,115.0,68.0,67.0,186.0,200.0,40.0,140.0,False,5.2,False,Normal,True,0.0,Flat,0.0,Normal,False,False,Moderate,4.0,0
22573,61,Female,34.6,Typical Angina,123.0,67.0,69.0,154.0,198.0,49.0,,False,5.7,False,Normal,False,0.0,Up,3.0,Reversible Defect,False,True,Moderate,3.0,0
34866,66,Male,36.5,Non-anginal Pain,187.0,111.0,66.0,132.0,159.0,54.0,76.0,False,5.2,False,Left Ventricular Hypertrophy,False,0.0,Up,0.0,Normal,False,True,Low,3.0,0
7070,82,Male,43.1,Asymptomatic,145.0,,73.0,135.0,244.0,20.0,189.0,True,7.2,True,Normal,False,0.0,Flat,3.0,Normal,False,True,Low,4.0,1
30936,64,Female,24.23,Asymptomatic,119.0,78.0,67.0,140.0,197.0,56.0,109.0,True,7.6,True,Normal,False,0.0,Up,2.0,Normal,True,True,Moderate,5.0,1
57778,54,Female,18.14,Non-anginal Pain,125.0,79.0,69.0,127.0,114.0,21.0,73.0,False,5.0,,Normal,False,0.0,Up,0.0,Normal,True,True,Low,8.0,0
49858,63,Female,,Non-anginal Pain,130.0,85.0,68.0,166.0,231.0,73.0,140.0,False,5.4,False,ST-T Wave Abnormality,True,1.4,Flat,0.0,Normal,False,False,Moderate,5.0,0
28796,42,Male,20.27,Asymptomatic,133.0,79.0,82.0,184.0,161.0,46.0,94.0,False,,False,Normal,False,2.0,Up,1.0,Reversible Defect,True,True,Moderate,7.0,0
78096,69,Male,28.1,Asymptomatic,129.0,78.0,83.0,142.0,272.0,49.0,183.0,True,8.2,True,Normal,False,0.0,Up,,Normal,False,True,Moderate,7.0,1
46333,49,Female,24.2,Atypical Angina,120.0,84.0,71.0,172.0,265.0,53.0,130.0,True,5.5,False,Normal,False,0.0,Up,0.0,Normal,False,False,Moderate,3.0,0
7349,39,Male,24.4,Non-anginal Pain,114.0,81.0,71.0,177.0,194.0,57.0,107.0,False,4.9,False,Normal,False,0.8,Flat,0.0,Normal,False,True,Moderate,8.0,0
31027,71,Male,26.4,Atypical Angina,140.0,79.0,75.0,157.0,182.0,,119.0,False,5.2,False,ST-T Wave Abnormality,False,,Flat,1.0,Reversible Defect,,False,Low,1.0,1
53215,57,Male,24.8,Asymptomatic,115.0,66.0,65.0,167.0,167.0,41.0,104.0,False,5.5,False,ST-T Wave Abnormality,True,0.9,Flat,2.0,Reversible Defect,False,False,Low,6.0,1
15564,60,Male,30.02,Asymptomatic,129.0,92.0,75.0,176.0,,49.0,101.0,False,5.6,False,Normal,False,1.2,Up,1.0,Normal,True,False,,6.0,0
44213,56,Female,23.19,Non-anginal Pain,127.0,73.0,75.0,150.0,201.0,64.0,102.0,False,5.4,False,,False,0.0,Up,1.0,Normal,False,True,Low,3.0,0
58261,68,Male,25.7,Atypical Angina,133.0,73.0,74.0,132.0,163.0,36.0,92.0,True,7.4,True,Normal,True,2.1,Flat,1.0,Fixed Defect,False,False,Moderate,6.0,1
72862,66,Female,28.1,Non-anginal Pain,118.0,83.0,66.0,152.0,267.0,50.0,168.0,False,5.1,False,Normal,False,0.5,Flat,0.0,Normal,False,False,Low,5.0,0
51120,71,Female,30.6,Atypical Angina,130.0,78.0,67.0,156.0,260.0,48.0,182.0,True,6.6,True,Left Ventricular Hypertrophy,False,0.0,Flat,1.0,Normal,False,False,Moderate,1.0,0
76175,50,Male,25.6,Non-anginal Pain,119.0,75.0,68.0,168.0,185.0,,104.0,True,7.7,True,Normal,False,0.0,Up,1.0,Normal,False,False,High,8.0,0
81763,79,Female,21.7,Non-anginal Pain,137.0,75.0,71.0,138.0,211.0,52.0,133.0,False,5.4,False,Normal,False,0.6,Flat,1.0,Reversible Defect,False,False,,4.0,0
5794,54,Female,26.4,Atypical Angina,134.0,76.0,76.0,130.0,252.0,62.0,143.0,True,5.2,False,Left Ventricular Hypertrophy,False,0.0,Flat,2.0,Normal,False,False,Moderate,4.0,1
86202,36,Male,39.2,Non-anginal Pain,118.0,70.0,73.0,162.0,161.0,37.0,89.0,False,4.7,False,Normal,True,1.9,Flat,0.0,Reversible Defect,True,True,Low,10.0,1
43318,39,Male,,Non-anginal Pain,101.0,71.0,70.0,182.0,117.0,50.0,58.0,False,6.1,False,Normal,False,0.0,Up,1.0,Normal,True,False,Moderate,3.0,0
42529,42,Male,,Non-anginal Pain,123.0,76.0,68.0,166.0,179.0,37.0,110.0,False,4.8,False,Normal,False,0.0,Up,0.0,Fixed Defect,False,False,Moderate,5.0,0
80253,51,Male,23.0,Asymptomatic,113.0,72.0,67.0,194.0,272.0,48.0,199.0,False,5.4,False,Normal,False,0.0,Up,0.0,,False,False,Moderate,5.0,0
20710,28,Female,25.4,Asymptomatic,109.0,59.0,78.0,198.0,239.0,45.0,172.0,False,5.0,False,Normal,False,0.0,Down,0.0,Normal,False,False,High,6.0,0
27155,65,Male,36.0,Non-anginal Pain,125.0,75.0,72.0,166.0,191.0,52.0,126.0,False,5.7,False,Normal,False,0.7,Flat,0.0,Fixed Defect,False,False,Low,4.0,1
62728,73,Female,,Atypical Angina,124.0,73.0,70.0,129.0,228.0,41.0,136.0,False,6.8,True,Normal,False,0.0,Flat,1.0,Normal,False,True,Low,3.0,1
40267,35,Male,27.5,Asymptomatic,122.0,78.0,68.0,188.0,230.0,47.0,138.0,False,5.4,True,Normal,False,0.0,Up,0.0,Normal,False,False,Moderate,1.0,0
59612,49,Male,25.8,Typical Angina,122.0,81.0,69.0,148.0,175.0,48.0,60.0,True,5.9,True,Normal,True,0.7,Flat,0.0,Normal,False,True,Moderate,1.0,1
43930,39,Male,22.1,Non-anginal Pain,102.0,71.0,68.0,158.0,162.0,38.0,90.0,False,5.4,False,Normal,False,0.0,Up,0.0,Normal,False,False,Low,6.0,0
48098,55,Female,23.1,Asymptomatic,112.0,79.0,62.0,144.0,181.0,48.0,119.0,False,5.0,False,Normal,False,0.0,Up,0.0,Normal,False,False,Low,2.0,0
60344,56,Male,33.6,Asymptomatic,126.0,82.0,72.0,191.0,194.0,46.0,133.0,False,6.1,False,Normal,False,0.3,Up,0.0,Reversible Defect,False,True,Moderate,5.0,0
28000,66,Male,22.5,Atypical Angina,,79.0,69.0,148.0,193.0,35.0,140.0,False,5.3,False,Normal,False,0.0,Up,0.0,,True,False,Low,5.0,1
77525,55,Female,,Typical Angina,114.0,72.0,83.0,165.0,178.0,49.0,106.0,False,5.1,False,Normal,True,0.0,Flat,0.0,Normal,False,False,Low,6.0,1
38782,67,Male,27.6,Asymptomatic,132.0,83.0,74.0,161.0,213.0,51.0,150.0,False,4.7,False,ST-T Wave Abnormality,True,0.6,Flat,1.0,Normal,False,False,Low,4.0,0
54325,54,Male,24.2,Typical Angina,112.0,74.0,65.0,179.0,125.0,20.0,86.0,False,5.4,False,Normal,True,0.0,Up,1.0,Normal,True,True,Moderate,4.0,0
98677,37,Male,27.7,Atypical Angina,123.0,80.0,73.0,174.0,160.0,39.0,114.0,False,5.4,False,Normal,False,0.0,Up,0.0,Normal,False,False,Moderate,6.0,0
97919,72,Male,26.5,Asymptomatic,116.0,81.0,71.0,146.0,163.0,43.0,87.0,False,5.4,False,Normal,False,0.2,Up,1.0,Normal,True,True,Moderate,6.0,0
2492,52,Male,30.2,Asymptomatic,111.0,82.0,65.0,159.0,224.0,66.0,132.0,True,6.4,True,Normal,True,0.0,Up,0.0,Normal,False,False,Moderate,5.0,1
24416,41,Male,23.4,Non-anginal Pain,115.0,75.0,73.0,191.0,209.0,59.0,117.0,False,5.0,False,ST-T Wave Abnormality,False,0.6,Up,0.0,Normal,False,True,Moderate,6.0,0
36443,71,Female,25.2,Atypical Angina,119.0,71.0,67.0,156.0,303.0,62.0,75.0,False,5.5,False,Normal,False,0.0,Flat,1.0,Normal,False,True,Low,5.0,1
84547,51,Male,21.46,Typical Angina,135.0,84.0,65.0,164.0,164.0,38.0,82.0,False,4.9,False,ST-T Wave Abnormality,False,3.4,Flat,0.0,Reversible Defect,False,True,Moderate,7.0,1
84784,43,Female,23.3,Asymptomatic,97.0,68.0,79.0,177.0,164.0,52.0,73.0,False,5.3,False,Normal,True,1.7,Down,1.0,Normal,False,False,Low,6.0,0
86642,83,Female,29.0,Non-anginal Pain,147.0,76.0,74.0,134.0,230.0,47.0,135.0,False,5.3,False,ST-T Wave Abnormality,False,0.0,Flat,3.0,Reversible Defect,False,False,Low,6.0,1
68132,60,Female,25.6,Typical Angina,109.0,75.0,62.0,178.0,190.0,55.0,107.0,True,9.9,True,Normal,False,0.0,Flat,0.0,Normal,False,False,High,2.0,0
61919,32,Male,28.8,Atypical Angina,104.0,68.0,57.0,171.0,189.0,46.0,124.0,False,5.4,False,Normal,False,0.0,Up,0.0,Normal,True,False,High,4.0,0
68653,35,Female,26.9,Atypical Angina,101.0,64.0,68.0,164.0,207.0,49.0,143.0,False,5.1,False,Normal,False,0.0,Flat,1.0,Normal,False,True,Low,5.0,0
50100,48,Female,26.5,Asymptomatic,105.0,72.0,70.0,166.0,226.0,51.0,148.0,False,5.3,False,Normal,False,0.0,Flat,0.0,Normal,False,True,Moderate,7.0,0
93963,60,Female,27.5,Typical Angina,133.0,86.0,84.0,149.0,205.0,43.0,140.0,False,5.6,False,ST-T Wave Abnormality,False,2.0,Flat,1.0,Normal,False,True,Low,5.0,1
3590,59,Male,27.5,Asymptomatic,121.0,71.0,61.0,185.0,225.0,56.0,96.0,False,5.3,False,Normal,False,0.0,Down,1.0,,False,False,High,7.0,0
34851,46,Female,24.75,Asymptomatic,135.0,74.0,66.0,177.0,198.0,50.0,84.0,False,5.7,False,ST-T Wave Abnormality,True,1.4,Flat,0.0,Normal,False,True,Moderate,5.0,0
85825,50,Female,25.6,Non-anginal Pain,120.0,76.0,73.0,155.0,154.0,51.0,96.0,False,5.5,,Normal,True,0.0,Up,0.0,,False,True,Low,7.0,0
79520,59,Female,30.8,Asymptomatic,125.0,83.0,77.0,140.0,217.0,42.0,130.0,False,5.4,True,Normal,True,0.0,Up,0.0,Normal,False,False,Low,8.0,0
60213,81,Male,34.9,Asymptomatic,154.0,85.0,73.0,139.0,217.0,36.0,157.0,False,6.2,False,Normal,False,0.0,Up,1.0,Normal,False,False,Low,2.0,1
20629,58,Female,29.6,Non-anginal Pain,128.0,69.0,82.0,150.0,211.0,56.0,143.0,False,5.4,False,Normal,False,0.0,Up,0.0,Normal,False,False,Low,5.0,0
74527,42,Female,41.5,Non-anginal Pain,122.0,79.0,68.0,171.0,214.0,,135.0,False,5.5,False,Normal,False,0.0,Up,0.0,Normal,True,True,Low,4.0,0
99256,30,Male,21.6,Atypical Angina,113.0,81.0,70.0,171.0,196.0,59.0,127.0,False,4.6,False,Normal,False,,Up,0.0,Normal,False,False,High,4.0,0
17599,78,Male,27.6,Typical Angina,126.0,93.0,68.0,164.0,234.0,39.0,165.0,True,6.5,True,Normal,True,0.0,Flat,2.0,Normal,True,True,High,3.0,1
39638,46,Male,33.4,Non-anginal Pain,109.0,66.0,85.0,186.0,208.0,30.0,167.0,,5.0,False,Normal,False,0.6,Up,1.0,Reversible Defect,False,False,Low,5.0,1
29053,54,Female,26.8,Non-anginal Pain,121.0,79.0,73.0,162.0,154.0,63.0,75.0,False,5.2,False,Normal,False,1.3,Up,0.0,Normal,False,False,Moderate,7.0,0
226,42,Male,26.4,Asymptomatic,104.0,73.0,70.0,182.0,188.0,37.0,144.0,False,5.2,False,Normal,False,2.9,Flat,0.0,Normal,False,True,High,4.0,0
36458,64,Female,23.8,Non-anginal Pain,90.0,75.0,83.0,160.0,179.0,36.0,122.0,False,5.2,False,Normal,False,0.0,Up,0.0,,False,False,Low,9.0,0
93819,52,Male,36.1,Non-anginal Pain,101.0,68.0,67.0,150.0,146.0,34.0,78.0,True,7.6,True,Normal,False,0.0,Up,0.0,Normal,False,True,Low,4.0,1
25472,54,Male,26.4,Non-anginal Pain,119.0,79.0,71.0,176.0,160.0,44.0,103.0,False,4.3,False,Normal,False,0.0,Up,0.0,Normal,False,True,Low,4.0,0
95854,51,Female,23.4,Non-anginal Pain,129.0,79.0,59.0,165.0,203.0,49.0,122.0,False,5.8,False,Normal,False,0.0,Up,3.0,Normal,True,False,Moderate,1.0,0
76957,74,Female,26.1,Asymptomatic,132.0,77.0,80.0,148.0,299.0,21.0,202.0,False,5.2,False,Normal,False,0.0,Up,2.0,Normal,False,True,Moderate,8.0,1
53109,70,Male,33.72,Atypical Angina,147.0,92.0,69.0,149.0,187.0,50.0,112.0,False,5.3,False,Left Ventricular Hypertrophy,True,2.2,Flat,3.0,Reversible Defect,True,False,Moderate,3.0,1
51121,67,Male,24.6,Typical Angina,212.0,114.0,77.0,144.0,195.0,53.0,109.0,False,5.5,False,Left Ventricular Hypertrophy,False,,Up,2.0,Normal,False,False,High,3.0,1
24800,53,Female,27.4,Asymptomatic,111.0,77.0,79.0,144.0,152.0,65.0,67.0,False,4.9,False,Normal,False,0.0,Flat,0.0,Reversible Defect,False,True,Low,2.0,0
10070,50,Female,26.1,Non-anginal Pain,113.0,80.0,71.0,171.0,152.0,50.0,72.0,False,5.3,False,Normal,False,0.0,Up,0.0,,True,False,Low,3.0,0
32367,69,Male,25.36,Asymptomatic,112.0,70.0,72.0,146.0,179.0,46.0,86.0,False,4.7,False,Normal,False,0.0,Up,0.0,Normal,False,False,Moderate,3.0,0
92512,67,Male,28.4,Atypical Angina,127.0,75.0,64.0,157.0,151.0,37.0,99.0,False,4.9,False,Normal,True,0.4,Up,0.0,Normal,True,False,Low,2.0,0
25739,67,Female,29.15,Non-anginal Pain,140.0,79.0,57.0,163.0,222.0,53.0,108.0,False,5.4,False,Normal,False,0.0,Up,0.0,,False,True,Low,5.0,0
28039,57,Female,28.1,Typical Angina,118.0,80.0,74.0,153.0,159.0,44.0,98.0,False,5.1,False,ST-T Wave Abnormality,True,0.5,Down,0.0,Fixed Defect,False,False,Low,3.0,1
52072,69,Male,32.9,Non-anginal Pain,135.0,92.0,80.0,153.0,202.0,49.0,128.0,False,5.6,False,Normal,False,0.3,Up,3.0,Normal,False,False,Low,5.0,0
10163,46,Female,28.2,Asymptomatic,117.0,80.0,72.0,185.0,213.0,57.0,105.0,True,5.8,False,Normal,False,0.0,Flat,0.0,Normal,True,True,High,8.0,0
56186,49,Female,19.5,Asymptomatic,119.0,64.0,68.0,190.0,179.0,53.0,67.0,True,5.5,False,Normal,False,0.0,Flat,0.0,Normal,False,False,Moderate,3.0,0
47253,48,Male,34.4,Non-anginal Pain,117.0,69.0,82.0,166.0,152.0,31.0,101.0,True,5.3,False,Normal,False,0.0,Up,0.0,Normal,False,False,Low,5.0,0
21592,56,Female,21.4,Typical Angina,121.0,89.0,76.0,161.0,196.0,,150.0,False,5.6,False,Normal,True,0.0,Flat,0.0,Normal,False,True,Moderate,6.0,1
42442,55,Female,32.8,Asymptomatic,133.0,82.0,88.0,149.0,189.0,49.0,63.0,True,8.4,True,Normal,False,0.6,Flat,1.0,Reversible Defect,False,True,Moderate,4.0,0
47215,68,Male,28.3,Asymptomatic,141.0,87.0,73.0,143.0,195.0,47.0,129.0,False,4.8,False,Normal,False,0.0,Down,1.0,Fixed Defect,False,True,Low,6.0,1
4026,54,Male,31.9,,112.0,81.0,79.0,188.0,158.0,32.0,104.0,True,9.0,True,Normal,False,0.0,Flat,0.0,Normal,False,True,Low,6.0,0
93661,42,Female,19.3,Asymptomatic,98.0,65.0,63.0,190.0,150.0,57.0,75.0,False,5.2,False,Normal,False,0.0,Up,0.0,Normal,False,True,Moderate,1.0,0
22397,59,Male,22.2,Asymptomatic,126.0,75.0,83.0,146.0,192.0,40.0,102.0,True,,False,Normal,False,0.2,Up,0.0,Fixed Defect,False,False,,6.0,0
42632,72,Male,23.8,Asymptomatic,,83.0,73.0,,248.0,37.0,184.0,False,5.7,False,Normal,False,0.0,Up,1.0,Normal,False,False,Low,9.0,0
28402,46,Female,22.3,Asymptomatic,118.0,87.0,69.0,179.0,138.0,60.0,65.0,False,5.5,False,Normal,False,0.3,Flat,0.0,Fixed Defect,False,True,High,3.0,0
14642,51,Male,21.6,Asymptomatic,117.0,71.0,72.0,166.0,,41.0,57.0,False,5.2,False,Normal,False,0.0,Up,1.0,Normal,False,False,Moderate,9.0,0
80929,50,Female,33.6,Atypical Angina,117.0,76.0,78.0,159.0,,68.0,104.0,False,5.3,False,Normal,False,0.0,Up,0.0,Normal,False,False,Low,5.0,0
12167,60,Male,27.9,Atypical Angina,142.0,87.0,74.0,155.0,130.0,30.0,66.0,True,6.8,True,Normal,False,,Flat,0.0,Normal,False,,Low,6.0,0
39500,86,Female,29.7,Non-anginal Pain,140.0,81.0,91.0,143.0,207.0,47.0,121.0,True,5.8,False,ST-T Wave Abnormality,False,0.0,Up,0.0,Reversible Defect,False,False,Low,3.0,1
2507,52,Male,33.6,Asymptomatic,107.0,72.0,81.0,159.0,252.0,38.0,176.0,False,,False,Normal,False,0.0,Up,0.0,Normal,True,False,Low,,0
61063,50,Female,24.7,Atypical Angina,109.0,73.0,74.0,168.0,187.0,49.0,72.0,False,5.3,False,ST-T Wave Abnormality,False,0.0,Up,0.0,Normal,False,False,Low,7.0,0
59996,60,Female,29.4,Non-anginal Pain,114.0,77.0,72.0,145.0,130.0,32.0,95.0,False,5.6,False,Normal,True,1.1,Up,0.0,Normal,False,False,Low,1.0,0
34135,68,Male,30.6,Asymptomatic,121.0,82.0,71.0,162.0,159.0,29.0,103.0,False,5.2,False,Normal,False,0.0,Up,0.0,Reversible Defect,True,True,Moderate,6.0,0
26576,73,Female,23.8,Asymptomatic,151.0,84.0,65.0,153.0,238.0,54.0,149.0,False,5.6,False,ST-T Wave Abnormality,False,0.8,Down,3.0,Reversible Defect,False,False,High,9.0,1
23229,62,Male,46.4,Asymptomatic,131.0,79.0,79.0,152.0,233.0,20.0,193.0,False,5.9,False,Normal,False,0.0,Up,0.0,Fixed Defect,True,False,Low,9.0,1
3405,44,Female,24.49,Non-anginal Pain,132.0,91.0,77.0,169.0,226.0,46.0,131.0,False,5.1,False,Normal,False,1.0,Flat,1.0,Normal,True,False,High,6.0,0
32941,50,Female,20.6,Asymptomatic,116.0,63.0,59.0,170.0,200.0,72.0,91.0,False,7.6,True,Normal,False,0.4,Up,0.0,Normal,False,False,Moderate,2.0,0
13904,64,Male,26.1,Non-anginal Pain,195.0,117.0,75.0,171.0,198.0,42.0,126.0,True,9.6,True,Normal,True,0.4,Flat,0.0,Reversible Defect,False,False,High,3.0,1
75075,59,Male,38.4,Asymptomatic,132.0,85.0,82.0,172.0,186.0,45.0,106.0,False,5.2,False,Normal,False,1.1,Flat,0.0,Normal,False,True,Low,5.0,0
33183,57,Female,27.9,Non-anginal Pain,116.0,77.0,80.0,163.0,227.0,55.0,,False,5.2,False,Normal,False,0.3,Up,3.0,Reversible Defect,False,False,Low,6.0,0
85875,35,Female,27.5,Typical Angina,119.0,78.0,84.0,165.0,113.0,,44.0,False,5.8,False,Normal,True,0.0,Up,2.0,Normal,True,False,Low,7.0,0
87482,70,Male,24.52,Asymptomatic,133.0,81.0,75.0,161.0,167.0,23.0,115.0,True,7.0,True,Normal,False,0.5,Up,0.0,Normal,False,False,Low,5.0,1
61717,37,Male,,Asymptomatic,122.0,74.0,79.0,176.0,156.0,47.0,82.0,False,4.8,False,Normal,False,0.0,Up,0.0,,False,True,High,5.0,0
60359,56,Female,30.0,Asymptomatic,127.0,79.0,60.0,160.0,175.0,24.0,123.0,False,5.6,False,Normal,False,0.0,Up,0.0,Normal,False,False,Low,5.0,1
36121,59,Male,31.3,Non-anginal Pain,147.0,81.0,69.0,158.0,167.0,38.0,95.0,False,5.5,False,ST-T Wave Abnormality,False,0.6,Flat,1.0,Normal,True,,Low,3.0,1
22519,58,Male,21.94,Typical Angina,130.0,79.0,59.0,143.0,208.0,47.0,144.0,False,5.1,False,Normal,False,2.2,Up,0.0,Reversible Defect,False,True,Moderate,7.0,1
97131,58,Male,35.7,Asymptomatic,123.0,73.0,69.0,180.0,204.0,39.0,147.0,False,5.3,False,Left Ventricular Hypertrophy,False,0.3,Up,0.0,Normal,False,False,Moderate,6.0,1
86165,34,Female,23.3,Non-anginal Pain,113.0,77.0,72.0,177.0,173.0,47.0,106.0,False,5.3,False,Normal,True,0.6,Up,0.0,Reversible Defect,False,False,Low,4.0,0
52936,55,Female,24.8,Non-anginal Pain,125.0,90.0,81.0,173.0,184.0,49.0,108.0,False,5.4,False,Normal,False,0.0,Up,0.0,Normal,True,False,Moderate,8.0,0
87688,65,Female,27.5,Non-anginal Pain,149.0,85.0,74.0,169.0,174.0,35.0,109.0,False,5.0,False,Normal,False,0.0,Up,,Normal,False,False,Moderate,5.0,0
9400,38,Male,24.4,Atypical Angina,97.0,75.0,73.0,182.0,155.0,37.0,103.0,False,5.4,False,Normal,False,0.0,Up,0.0,Normal,True,False,Moderate,7.0,0
49350,44,Female,27.2,Asymptomatic,111.0,66.0,80.0,166.0,237.0,61.0,157.0,False,5.0,False,ST-T Wave Abnormality,False,0.0,Flat,2.0,Normal,False,False,Moderate,7.0,1
43936,72,Male,22.67,Atypical Angina,155.0,96.0,72.0,141.0,149.0,43.0,87.0,False,4.7,False,Normal,False,0.0,Flat,0.0,Normal,False,False,Moderate,5.0,0
20733,48,Male,25.8,Asymptomatic,123.0,90.0,73.0,142.0,160.0,,104.0,,5.6,False,Normal,False,5.8,Flat,0.0,Normal,True,False,Low,3.0,0
5189,66,Male,22.55,Non-anginal Pain,116.0,57.0,72.0,137.0,231.0,53.0,158.0,False,4.9,False,Normal,False,0.5,Flat,0.0,Normal,False,False,Low,3.0,0
51560,39,Female,33.4,Non-anginal Pain,131.0,87.0,63.0,,212.0,45.0,107.0,False,5.0,False,ST-T Wave Abnormality,False,0.0,Up,0.0,,False,False,Low,6.0,0
70223,61,Female,26.2,Asymptomatic,127.0,80.0,67.0,161.0,208.0,58.0,132.0,False,5.3,False,Normal,False,0.0,Down,2.0,Normal,True,False,High,3.0,0
68549,52,Female,28.6,,143.0,84.0,89.0,147.0,206.0,23.0,162.0,False,4.9,False,ST-T Wave Abnormality,False,3.7,Flat,3.0,Normal,True,False,Low,6.0,1
59561,55,Male,27.14,Non-anginal Pain,120.0,70.0,80.0,172.0,199.0,40.0,154.0,True,8.7,True,Normal,False,0.0,Flat,0.0,Normal,True,False,Low,6.0,0
97728,49,Female,31.0,Asymptomatic,104.0,89.0,71.0,199.0,,46.0,89.0,False,5.6,False,Normal,True,1.1,Flat,0.0,Normal,False,,High,5.0,1
34627,49,Female,,Atypical Angina,118.0,65.0,70.0,203.0,158.0,38.0,98.0,False,5.6,False,ST-T Wave Abnormality,False,0.0,Up,0.0,Normal,False,False,,1.0,0
7514,46,Female,21.8,Non-anginal Pain,129.0,84.0,74.0,187.0,122.0,50.0,68.0,True,5.1,False,Normal,False,0.0,Up,0.0,Normal,False,False,Low,6.0,0
36094,80,Male,35.7,,135.0,75.0,78.0,115.0,190.0,37.0,140.0,False,5.4,False,ST-T Wave Abnormality,False,0.0,Down,,Normal,False,False,Low,4.0,1
30652,70,Female,23.7,Non-anginal Pain,117.0,73.0,71.0,168.0,260.0,53.0,180.0,False,5.0,False,Normal,False,,Up,0.0,Reversible Defect,False,False,High,5.0,0
94856,57,Female,32.2,Atypical Angina,135.0,89.0,74.0,148.0,187.0,49.0,,True,11.3,True,Normal,True,0.8,Flat,0.0,Normal,True,False,Low,4.0,1
95737,74,Male,34.7,Atypical Angina,141.0,81.0,67.0,166.0,168.0,,115.0,False,5.2,False,Normal,False,0.0,Up,1.0,Normal,False,False,Moderate,6.0,0
11724,27,Male,25.9,Asymptomatic,109.0,72.0,55.0,196.0,252.0,52.0,152.0,False,4.2,False,Normal,True,0.0,Up,1.0,Normal,False,False,Moderate,5.0,0
22280,64,Male,34.1,Asymptomatic,129.0,80.0,52.0,166.0,217.0,54.0,127.0,False,5.2,False,Normal,False,0.0,Flat,0.0,Normal,False,False,Moderate,5.0,0
6192,39,Female,29.1,Non-anginal Pain,110.0,77.0,75.0,178.0,260.0,56.0,158.0,False,5.4,False,Normal,False,0.0,Up,0.0,Normal,False,False,High,3.0,0
80948,44,Male,20.9,Non-anginal Pain,107.0,56.0,74.0,181.0,168.0,56.0,98.0,False,5.1,False,Normal,False,0.0,Up,0.0,Normal,False,False,Moderate,5.0,0
44540,32,Female,15.0,Asymptomatic,104.0,68.0,59.0,209.0,,55.0,70.0,False,4.5,False,Normal,False,0.0,Up,1.0,Normal,False,False,High,3.0,0
56042,68,Male,25.9,Typical Angina,128.0,70.0,74.0,141.0,,53.0,117.0,False,5.7,False,Left Ventricular Hypertrophy,True,0.0,Flat,3.0,Normal,False,False,Moderate,6.0,1
81337,34,Male,39.5,Asymptomatic,108.0,81.0,83.0,149.0,244.0,51.0,131.0,False,5.0,False,Normal,True,0.0,Up,0.0,Normal,True,False,Low,7.0,0
77796,45,Male,29.6,Asymptomatic,111.0,62.0,72.0,161.0,134.0,25.0,84.0,False,5.0,False,Normal,False,0.0,Up,0.0,Normal,True,,Moderate,6.0,0
660,68,Female,31.2,Non-anginal Pain,144.0,85.0,77.0,114.0,151.0,53.0,81.0,False,5.7,False,Normal,False,0.2,Flat,2.0,Normal,False,True,Low,1.0,1
16563,64,Male,28.29,Asymptomatic,114.0,79.0,70.0,179.0,171.0,39.0,111.0,False,5.3,False,Normal,False,0.3,Up,0.0,Normal,False,False,Moderate,5.0,0
87720,66,Female,21.2,Atypical Angina,155.0,91.0,74.0,130.0,155.0,53.0,78.0,False,5.7,False,Normal,False,0.0,Flat,2.0,Reversible Defect,False,False,Low,5.0,1
56973,48,Male,31.6,Typical Angina,135.0,84.0,71.0,159.0,175.0,50.0,97.0,True,5.4,True,Normal,True,0.0,Flat,1.0,Reversible Defect,False,False,Low,5.0,1
68581,45,Male,31.7,Atypical Angina,118.0,79.0,77.0,177.0,225.0,72.0,101.0,False,5.2,False,Normal,True,0.0,Flat,0.0,Normal,False,True,Moderate,7.0,0
2043,79,Female,35.04,Atypical Angina,158.0,91.0,83.0,125.0,,30.0,,True,7.4,True,ST-T Wave Abnormality,False,1.3,Flat,2.0,Fixed Defect,False,False,Low,5.0,1
34010,46,Male,29.5,Typical Angina,120.0,65.0,75.0,147.0,179.0,31.0,115.0,False,5.5,False,Normal,False,0.0,Up,0.0,Normal,False,False,Low,3.0,0
61296,50,Male,28.3,Non-anginal Pain,111.0,84.0,70.0,178.0,170.0,34.0,112.0,False,5.1,False,Normal,False,0.1,Up,0.0,Normal,False,True,High,10.0,0
20083,50,Female,35.8,Asymptomatic,129.0,82.0,56.0,166.0,197.0,46.0,132.0,False,5.7,False,Normal,True,1.5,Up,0.0,Normal,True,False,Moderate,2.0,0
72908,57,Female,37.4,Non-anginal Pain,159.0,100.0,118.0,138.0,156.0,32.0,98.0,False,5.1,False,,True,1.4,Flat,1.0,,,False,Low,6.0,1
31130,61,Male,,Non-anginal Pain,117.0,71.0,79.0,166.0,,,,False,5.1,False,Normal,False,0.0,Up,0.0,Normal,False,False,Low,1.0,0
58258,38,Male,22.6,Atypical Angina,124.0,90.0,60.0,184.0,198.0,48.0,129.0,False,6.1,False,,False,1.6,Flat,0.0,Normal,False,False,Moderate,3.0,0
4339,57,Female,21.1,Asymptomatic,115.0,80.0,68.0,161.0,263.0,43.0,209.0,False,5.4,False,Normal,True,0.0,Down,0.0,Normal,True,False,Moderate,6.0,0
15829,41,Female,25.2,Asymptomatic,131.0,83.0,96.0,158.0,134.0,64.0,60.0,False,5.3,False,Normal,True,0.0,,0.0,Normal,False,False,Moderate,4.0,0
32104,42,Male,30.25,Asymptomatic,113.0,68.0,73.0,163.0,,46.0,102.0,False,5.2,False,Normal,True,1.5,Flat,0.0,Normal,False,True,Low,5.0,1
9788,62,Male,25.3,Atypical Angina,135.0,79.0,76.0,161.0,229.0,27.0,104.0,False,,False,Normal,False,0.0,Up,0.0,Reversible Defect,False,True,Low,3.0,1
53569,53,Female,27.62,Asymptomatic,113.0,84.0,69.0,199.0,,,109.0,False,5.2,False,Normal,False,0.9,Up,0.0,Reversible Defect,False,True,Moderate,6.0,0
78105,48,Female,35.8,Non-anginal Pain,122.0,89.0,81.0,135.0,162.0,49.0,88.0,False,4.5,False,Normal,False,0.0,Up,0.0,Normal,False,True,Low,7.0,0
12814,69,Male,30.2,Atypical Angina,120.0,71.0,75.0,137.0,135.0,28.0,,False,5.4,False,Normal,False,0.0,Up,1.0,Normal,False,False,Low,5.0,1
90957,31,Female,30.0,Non-anginal Pain,114.0,82.0,,181.0,197.0,55.0,120.0,False,5.6,False,Normal,False,0.3,Up,0.0,Normal,True,False,Moderate,3.0,0
25886,48,Female,23.4,Asymptomatic,,71.0,73.0,156.0,182.0,50.0,114.0,False,4.5,False,Normal,False,1.2,Flat,0.0,Normal,False,False,Moderate,3.0,0
92878,48,Female,24.1,Atypical Angina,135.0,88.0,80.0,160.0,209.0,50.0,142.0,False,5.6,False,ST-T Wave Abnormality,False,0.8,Flat,0.0,Normal,False,False,Low,5.0,0
58251,31,Male,26.7,Asymptomatic,90.0,72.0,62.0,186.0,198.0,50.0,116.0,False,5.1,False,Normal,False,0.8,Up,0.0,Normal,False,True,Moderate,6.0,0
61326,43,Male,21.0,Asymptomatic,112.0,89.0,73.0,194.0,279.0,45.0,222.0,False,5.3,False,Normal,False,0.0,Flat,0.0,Normal,False,False,High,1.0,0
52712,31,Male,28.2,Non-anginal Pain,107.0,67.0,67.0,178.0,149.0,34.0,106.0,False,5.0,False,Normal,False,0.0,Up,1.0,Normal,True,False,,9.0,0
41857,54,Male,36.9,Atypical Angina,,75.0,82.0,162.0,154.0,37.0,88.0,False,4.9,False,Normal,False,0.5,Up,0.0,normal,False,True,Low,4.0,1
69042,64,Female,33.2,Typical Angina,148.0,87.0,83.0,133.0,208.0,65.0,103.0,False,5.4,False,ST-T Wave Abnormality,True,2.7,Flat,2.0,Reversible Defect,True,True,Moderate,7.0,1
54037,43,Male,23.0,Asymptomatic,110.0,74.0,70.0,192.0,,,,False,5.1,False,Normal,False,0.0,Up,1.0,Normal,False,True,High,7.0,0
27726,70,Male,32.3,Non-anginal Pain,133.0,76.0,79.0,,244.0,49.0,,,5.6,False,Left Ventricular Hypertrophy,True,1.4,Up,0.0,Normal,True,False,Moderate,5.0,1
41980,82,Female,35.7,Non-anginal Pain,166.0,89.0,88.0,120.0,245.0,45.0,138.0,True,6.5,True,Normal,True,,Down,1.0,Reversible Defect,False,False,Low,10.0,1
59631,71,Female,32.0,Asymptomatic,128.0,76.0,82.0,120.0,233.0,46.0,148.0,False,6.5,True,Normal,False,0.7,Flat,0.0,Normal,False,True,Low,5.0,0
15190,82,Female,28.5,Asymptomatic,132.0,76.0,73.0,147.0,175.0,38.0,114.0,True,6.4,True,Normal,True,2.0,Flat,1.0,Reversible Defect,False,False,Moderate,5.0,1
72309,51,Female,24.5,Atypical Angina,114.0,67.0,69.0,172.0,,25.0,160.0,False,4.9,False,Normal,False,0.0,Flat,0.0,Reversible Defect,False,False,,7.0,0
36382,31,Female,20.8,Asymptomatic,106.0,71.0,55.0,175.0,151.0,60.0,78.0,False,,False,Normal,False,0.0,Up,0.0,Normal,False,,High,4.0,0
21862,67,Male,28.8,Non-anginal Pain,,78.0,67.0,181.0,264.0,53.0,188.0,False,5.7,False,Normal,False,0.2,Down,0.0,Normal,False,False,High,3.0,0
21880,76,Female,19.2,Non-anginal Pain,144.0,83.0,78.0,149.0,223.0,37.0,,False,5.3,False,Normal,True,0.0,Up,1.0,,True,True,Low,7.0,1
79948,40,Male,23.4,Asymptomatic,128.0,84.0,73.0,167.0,205.0,46.0,119.0,False,5.4,True,Normal,False,0.0,Up,0.0,Normal,False,True,Moderate,8.0,0
35658,49,Male,23.8,Atypical Angina,110.0,76.0,,157.0,220.0,51.0,125.0,True,7.3,True,Normal,False,0.2,Up,0.0,Reversible Defect,False,False,Moderate,7.0,0
65721,66,Male,26.4,Typical Angina,90.0,62.0,75.0,138.0,168.0,40.0,92.0,False,5.6,False,Normal,False,0.7,Flat,0.0,Normal,False,False,Moderate,1.0,0
66978,57,Female,30.7,Atypical Angina,119.0,81.0,62.0,186.0,201.0,52.0,111.0,False,5.5,False,,False,0.0,Up,0.0,Fixed Defect,False,True,High,9.0,0
83332,44,Female,,Non-anginal Pain,127.0,90.0,84.0,195.0,214.0,44.0,130.0,False,5.7,False,Normal,False,1.1,Flat,0.0,Reversible Defect,False,False,Moderate,4.0,0
41650,50,Male,34.3,Non-anginal Pain,134.0,85.0,81.0,,282.0,43.0,70.0,True,5.4,False,Normal,False,0.0,Flat,0.0,Normal,False,False,Low,7.0,0
73404,51,Female,25.4,Typical Angina,130.0,83.0,79.0,166.0,218.0,54.0,130.0,False,5.3,False,Normal,False,0.0,Up,0.0,Fixed Defect,False,True,Moderate,5.0,0
75460,44,Male,35.88,Non-anginal Pain,100.0,,64.0,182.0,272.0,51.0,202.0,False,4.8,False,Normal,False,0.0,Flat,0.0,Normal,False,True,High,4.0,0
18879,83,Male,26.8,Typical Angina,139.0,90.0,71.0,144.0,210.0,40.0,,True,9.4,True,Normal,False,0.0,Flat,0.0,Reversible Defect,True,False,Low,3.0,1
83009,48,Female,29.66,Atypical Angina,130.0,88.0,72.0,180.0,157.0,20.0,122.0,True,11.1,True,Normal,False,0.0,Up,0.0,Normal,True,True,Low,6.0,0
53855,72,Male,25.95,Non-anginal Pain,134.0,82.0,79.0,,151.0,59.0,70.0,False,5.6,False,Normal,False,0.0,Up,3.0,Normal,False,True,Low,2.0,0
15942,52,Female,25.6,Asymptomatic,116.0,74.0,83.0,137.0,,58.0,113.0,False,5.3,False,Normal,False,0.0,Flat,1.0,,False,False,Moderate,8.0,0
34478,39,Male,24.3,Asymptomatic,112.0,83.0,63.0,194.0,146.0,57.0,80.0,False,4.9,False,Normal,False,0.0,Down,0.0,Normal,False,False,Low,4.0,0
37143,42,Female,24.46,Non-anginal Pain,114.0,75.0,63.0,161.0,185.0,66.0,99.0,False,5.4,False,Normal,False,0.0,Up,0.0,Normal,False,True,Moderate,7.0,0
79273,72,Male,25.93,Non-anginal Pain,151.0,80.0,74.0,152.0,286.0,40.0,225.0,False,5.7,False,Left Ventricular Hypertrophy,False,0.0,Up,,Normal,True,False,Low,6.0,1
33662,37,Female,19.9,Non-anginal Pain,98.0,63.0,72.0,202.0,251.0,60.0,169.0,False,4.7,False,Normal,False,0.0,Up,0.0,,False,False,Low,10.0,0
61743,30,Female,29.7,Asymptomatic,131.0,81.0,88.0,198.0,164.0,51.0,74.0,False,5.5,False,Left Ventricular Hypertrophy,False,2.1,Flat,0.0,,False,False,Low,2.0,0
74427,54,Male,22.07,Asymptomatic,107.0,76.0,68.0,156.0,214.0,58.0,126.0,False,5.0,False,Normal,False,0.0,Flat,1.0,Normal,False,True,Low,5.0,0
11117,46,Female,19.9,Asymptomatic,112.0,75.0,63.0,173.0,180.0,55.0,108.0,False,4.9,False,Normal,False,0.0,Flat,0.0,Normal,True,False,Moderate,7.0,0
56389,53,Male,28.0,Typical Angina,126.0,76.0,63.0,156.0,161.0,40.0,100.0,False,5.1,False,Normal,True,0.0,Flat,2.0,Normal,True,False,Low,1.0,1
57714,65,Male,25.6,Typical Angina,128.0,86.0,77.0,152.0,164.0,38.0,107.0,False,4.9,False,Normal,True,3.0,Flat,0.0,Normal,False,True,Low,3.0,1
61655,53,Male,24.5,Asymptomatic,113.0,71.0,77.0,153.0,251.0,55.0,150.0,False,6.1,False,Normal,,0.0,Up,0.0,Normal,False,False,High,7.0,0
78176,65,Male,26.3,Non-anginal Pain,135.0,78.0,84.0,145.0,259.0,47.0,141.0,False,5.2,False,Normal,True,2.2,Flat,3.0,Reversible Defect,True,True,,8.0,1
48023,61,Male,26.6,Typical Angina,132.0,83.0,65.0,143.0,239.0,44.0,145.0,False,5.8,False,Normal,True,5.2,Flat,1.0,Reversible Defect,False,False,Low,4.0,1
92866,83,Female,26.8,Asymptomatic,143.0,91.0,72.0,150.0,186.0,44.0,118.0,False,5.1,False,Normal,True,,Flat,1.0,Normal,False,True,Low,9.0,0
28292,39,Female,28.5,Asymptomatic,94.0,79.0,69.0,147.0,146.0,50.0,74.0,False,4.8,False,Normal,False,0.0,Down,0.0,Normal,False,False,Low,6.0,0
86924,40,Female,21.7,Asymptomatic,112.0,77.0,69.0,192.0,166.0,46.0,102.0,False,5.1,False,Normal,False,0.0,Up,0.0,Normal,False,False,Moderate,4.0,0
3947,47,Male,37.6,Asymptomatic,140.0,88.0,77.0,174.0,167.0,,126.0,False,5.8,False,Normal,False,5.0,Flat,1.0,Normal,False,False,Moderate,2.0,1
94124,31,Male,19.9,Atypical Angina,113.0,82.0,59.0,170.0,159.0,,87.0,False,4.5,False,,False,0.0,Up,0.0,Normal,False,True,High,4.0,0
52167,32,Male,23.2,Asymptomatic,90.0,70.0,78.0,167.0,233.0,56.0,149.0,False,5.0,False,,False,0.0,Up,1.0,Normal,False,False,Moderate,7.0,0
48073,69,Male,30.1,Non-anginal Pain,,84.0,81.0,124.0,210.0,45.0,141.0,True,5.1,False,Normal,True,0.0,Up,1.0,Normal,True,False,Low,2.0,1
47852,38,Male,28.8,Asymptomatic,135.0,75.0,69.0,196.0,221.0,44.0,155.0,False,5.1,False,Normal,False,,Flat,0.0,Normal,False,True,Moderate,4.0,1
22174,35,Female,23.5,Atypical Angina,121.0,79.0,72.0,161.0,219.0,59.0,130.0,False,5.4,False,Normal,False,0.0,Flat,3.0,Normal,False,False,Moderate,8.0,1
49232,70,Male,30.6,Typical Angina,109.0,71.0,77.0,144.0,226.0,36.0,166.0,False,4.9,False,Normal,True,0.0,Up,1.0,Normal,True,True,Low,2.0,1
47742,42,Male,29.6,Asymptomatic,129.0,76.0,78.0,136.0,156.0,40.0,66.0,False,5.9,False,Normal,False,0.0,Flat,0.0,normal,True,False,Low,2.0,0
53668,56,Female,24.1,Asymptomatic,130.0,82.0,69.0,165.0,139.0,43.0,,True,7.2,True,Normal,False,0.1,Flat,0.0,Normal,False,False,Low,7.0,0
95568,85,Female,24.2,Asymptomatic,144.0,81.0,92.0,154.0,156.0,51.0,111.0,False,4.7,False,Normal,False,2.1,Up,1.0,,True,True,Low,1.0,1
73247,43,Female,21.7,Asymptomatic,104.0,70.0,82.0,178.0,180.0,48.0,115.0,False,,False,Normal,False,0.0,Up,0.0,Normal,False,False,Moderate,6.0,0
42888,58,Male,26.5,Asymptomatic,126.0,89.0,81.0,185.0,248.0,64.0,149.0,True,7.7,True,Normal,True,0.0,Up,1.0,Reversible Defect,False,True,High,4.0,1
43142,52,Female,25.38,Asymptomatic,112.0,68.0,67.0,186.0,249.0,23.0,183.0,False,5.5,False,Normal,False,0.0,Down,0.0,Normal,True,True,High,6.0,1
45011,49,Female,24.7,Asymptomatic,131.0,100.0,78.0,171.0,162.0,42.0,98.0,False,4.8,False,Normal,True,1.4,Flat,3.0,Normal,False,False,Low,5.0,0
87810,79,Male,26.8,Typical Angina,128.0,88.0,70.0,,196.0,46.0,118.0,False,5.5,False,Normal,False,0.0,Flat,0.0,Normal,False,True,Moderate,5.0,1
73501,61,Female,28.8,Asymptomatic,121.0,75.0,67.0,171.0,142.0,42.0,83.0,False,4.8,False,Normal,False,0.0,Flat,0.0,Normal,True,False,Low,3.0,0
38345,47,Male,34.0,Asymptomatic,109.0,76.0,62.0,160.0,256.0,,144.0,False,5.5,False,Normal,True,,Down,0.0,Normal,False,True,Moderate,3.0,0
33043,73,Male,31.6,Asymptomatic,145.0,79.0,76.0,130.0,182.0,47.0,114.0,True,8.5,True,Left Ventricular Hypertrophy,False,2.9,Flat,3.0,Reversible Defect,True,False,Low,2.0,1
54568,64,Male,31.4,Typical Angina,115.0,72.0,64.0,161.0,198.0,30.0,137.0,True,11.3,True,Normal,False,0.6,Flat,1.0,Normal,True,False,Moderate,5.0,1
24817,31,Female,23.6,Asymptomatic,108.0,80.0,56.0,181.0,228.0,,157.0,,5.2,False,Normal,False,0.1,Up,0.0,Normal,False,False,High,5.0,0
25673,54,Male,,Asymptomatic,113.0,79.0,78.0,,187.0,37.0,115.0,False,5.2,False,Normal,False,,Flat,1.0,Normal,False,False,Moderate,4.0,0
50689,42,Male,25.6,Non-anginal Pain,,68.0,65.0,198.0,219.0,46.0,117.0,False,5.4,False,Normal,False,0.0,Up,1.0,Normal,True,False,Moderate,5.0,1
33514,69,Female,25.9,Asymptomatic,133.0,85.0,80.0,146.0,166.0,59.0,96.0,False,5.1,False,Left Ventricular Hypertrophy,True,1.2,Down,0.0,Normal,False,True,Low,7.0,0
22277,52,Male,27.0,Asymptomatic,118.0,,68.0,186.0,173.0,28.0,128.0,False,4.8,False,Normal,False,0.0,Flat,0.0,Normal,False,False,Moderate,7.0,0
62717,31,Female,25.7,Non-anginal Pain,90.0,74.0,74.0,210.0,229.0,66.0,142.0,False,4.8,False,Normal,False,0.0,Up,0.0,Normal,False,False,Low,5.0,0
92119,79,Male,25.0,Asymptomatic,136.0,,76.0,129.0,168.0,44.0,86.0,False,5.3,False,Normal,False,0.0,Up,2.0,Normal,False,False,Moderate,5.0,0
22138,34,Male,24.8,Typical Angina,118.0,79.0,73.0,165.0,157.0,39.0,114.0,False,5.6,,Normal,False,0.1,Flat,0.0,Normal,True,False,Low,6.0,1
27397,81,Male,18.9,Atypical Angina,134.0,74.0,76.0,136.0,156.0,49.0,,False,,False,Normal,False,0.3,Up,0.0,Normal,False,True,Moderate,5.0,0
58702,77,Male,27.9,Non-anginal Pain,143.0,86.0,70.0,133.0,,,,False,5.6,False,ST-T Wave Abnormality,False,1.1,Flat,2.0,Reversible Defect,False,True,Low,9.0,1
30587,60,Female,26.01,Typical Angina,117.0,74.0,66.0,171.0,173.0,42.0,101.0,False,,False,Normal,False,0.0,Up,0.0,Normal,False,True,Moderate,7.0,0
66813,78,Male,28.2,Typical Angina,136.0,81.0,74.0,139.0,190.0,43.0,120.0,True,8.5,True,ST-T Wave Abnormality,False,0.0,Down,1.0,,False,False,Moderate,3.0,1
59617,47,Male,21.5,Asymptomatic,91.0,69.0,,187.0,143.0,51.0,65.0,False,5.4,False,Normal,False,0.5,Up,0.0,Normal,False,True,High,6.0,0
24178,68,Male,25.1,Asymptomatic,135.0,79.0,74.0,141.0,203.0,,135.0,True,5.7,False,Normal,True,4.8,Flat,0.0,Normal,True,False,Moderate,6.0,1
26974,52,Male,,Asymptomatic,116.0,94.0,69.0,153.0,166.0,38.0,102.0,False,5.1,False,Normal,False,0.0,Flat,1.0,Normal,False,True,High,2.0,0
84894,70,Male,23.2,Typical Angina,112.0,73.0,70.0,164.0,176.0,56.0,94.0,False,,False,ST-T Wave Abnormality,False,0.6,Flat,0.0,,False,False,Moderate,4.0,1
44225,50,Male,25.25,Atypical Angina,103.0,62.0,63.0,175.0,170.0,,95.0,False,5.0,False,Normal,False,0.0,Up,0.0,Normal,False,False,Moderate,3.0,0
60790,49,Male,28.2,Typical Angina,123.0,83.0,68.0,156.0,143.0,34.0,63.0,False,5.4,False,Normal,True,1.2,Flat,0.0,Normal,False,False,Moderate,7.0,0
40199,36,Female,28.5,Asymptomatic,105.0,76.0,64.0,189.0,185.0,52.0,121.0,,5.5,False,Normal,False,0.0,Up,0.0,,False,False,Moderate,6.0,0
79143,55,Male,30.0,Non-anginal Pain,129.0,86.0,66.0,164.0,142.0,36.0,72.0,True,11.1,True,Normal,False,0.8,Up,0.0,Normal,False,True,Moderate,5.0,0
33279,79,Male,35.2,Non-anginal Pain,148.0,80.0,80.0,151.0,163.0,36.0,88.0,False,6.2,True,Normal,False,0.0,Up,3.0,,False,True,Low,4.0,0
8338,46,Male,29.4,Asymptomatic,125.0,87.0,87.0,139.0,193.0,39.0,103.0,True,5.3,False,Normal,False,1.2,Flat,0.0,Normal,False,False,Low,4.0,0
12733,67,Male,25.3,Atypical Angina,104.0,67.0,83.0,122.0,212.0,40.0,107.0,True,8.2,True,Normal,False,0.0,Flat,0.0,Normal,False,False,,7.0,0
97944,61,Female,23.7,Atypical Angina,99.0,80.0,68.0,178.0,190.0,41.0,127.0,False,5.3,False,Normal,False,0.0,Flat,1.0,Normal,False,False,Moderate,5.0,0
93074,47,Female,,Asymptomatic,117.0,67.0,57.0,194.0,169.0,47.0,100.0,False,,False,Normal,False,0.0,Up,0.0,Reversible Defect,True,False,High,1.0,0
10160,42,Male,24.3,Asymptomatic,104.0,65.0,76.0,185.0,142.0,39.0,73.0,False,6.0,False,Normal,False,4.1,Flat,0.0,Normal,False,,Low,3.0,1
19094,52,Female,33.6,Atypical Angina,133.0,78.0,77.0,156.0,216.0,41.0,152.0,False,5.7,False,Normal,False,0.0,Up,0.0,Normal,False,True,Low,5.0,0
43606,30,Female,,,90.0,68.0,76.0,210.0,216.0,59.0,146.0,False,4.8,False,Normal,False,0.3,Up,0.0,Normal,False,False,Moderate,,0
35883,35,Male,21.0,Non-anginal Pain,105.0,73.0,72.0,175.0,160.0,50.0,88.0,False,5.4,False,Normal,False,0.0,Flat,0.0,Normal,False,True,Moderate,7.0,0
38489,45,Female,22.73,Asymptomatic,201.0,110.0,62.0,197.0,161.0,56.0,57.0,False,5.1,False,Left Ventricular Hypertrophy,False,0.5,Up,0.0,Reversible Defect,False,False,High,6.0,0
7106,49,Male,,Atypical Angina,118.0,77.0,68.0,180.0,165.0,22.0,116.0,True,6.3,True,Normal,True,0.0,Up,0.0,Normal,False,True,Moderate,4.0,0
26756,27,Female,21.0,Typical Angina,119.0,81.0,72.0,176.0,159.0,46.0,89.0,False,5.6,False,Normal,False,0.0,Up,0.0,Fixed Defect,False,False,Moderate,4.0,0
81110,57,Female,21.2,Asymptomatic,156.0,92.0,71.0,186.0,308.0,51.0,232.0,False,,False,Normal,False,0.0,Up,0.0,Normal,False,False,High,5.0,0
88755,45,Male,27.0,Typical Angina,125.0,77.0,75.0,190.0,176.0,46.0,101.0,False,5.0,False,Normal,False,0.5,Flat,2.0,Fixed Defect,False,False,High,9.0,1
27118,54,Female,,Typical Angina,136.0,83.0,71.0,203.0,213.0,56.0,105.0,False,5.1,False,Normal,True,0.8,Down,0.0,Normal,False,True,High,5.0,0
17792,39,Male,46.6,Non-anginal Pain,140.0,87.0,90.0,174.0,,,109.0,False,5.4,False,Normal,False,0.4,Flat,0.0,Reversible Defect,False,False,Low,8.0,0
44954,81,Female,21.6,Non-anginal Pain,152.0,84.0,77.0,162.0,172.0,64.0,93.0,False,4.9,False,Normal,False,0.0,Flat,0.0,Reversible Defect,False,True,High,6.0,0
27268,63,Female,25.2,Typical Angina,112.0,78.0,65.0,166.0,169.0,55.0,98.0,False,5.0,False,Normal,False,0.0,Up,0.0,Reversible Defect,False,False,Moderate,7.0,0
90428,46,Male,22.5,Non-anginal Pain,98.0,,79.0,186.0,184.0,41.0,126.0,False,5.4,False,Normal,False,0.0,Up,0.0,,False,True,Low,6.0,0
37675,79,Female,32.3,Asymptomatic,134.0,86.0,82.0,128.0,157.0,58.0,75.0,False,4.8,,Normal,False,2.5,Flat,3.0,Normal,False,False,Low,10.0,1
66636,46,Male,,Atypical Angina,137.0,87.0,,174.0,204.0,62.0,131.0,False,,False,Normal,True,0.0,Flat,0.0,Normal,False,True,High,6.0,0
53891,38,Male,23.8,Non-anginal Pain,109.0,86.0,69.0,188.0,208.0,52.0,121.0,False,5.3,False,ST-T Wave Abnormality,False,0.0,Flat,1.0,Normal,False,False,High,3.0,0
67430,38,Female,25.2,Asymptomatic,123.0,81.0,69.0,168.0,244.0,54.0,182.0,False,5.8,False,Normal,False,,Up,0.0,Normal,False,True,Moderate,6.0,0
5503,28,Male,25.0,Typical Angina,96.0,73.0,80.0,199.0,161.0,58.0,,True,5.5,False,Normal,False,0.0,Up,0.0,Normal,False,False,Moderate,4.0,0
86242,39,Female,23.1,Typical Angina,145.0,85.0,59.0,162.0,182.0,53.0,115.0,False,4.8,False,Normal,False,0.0,Up,1.0,Normal,False,False,High,3.0,0
23213,47,Male,37.5,Non-anginal Pain,137.0,90.0,85.0,152.0,138.0,,80.0,False,5.3,False,Normal,False,0.0,Up,0.0,Reversible Defect,False,True,Moderate,9.0,0
68298,57,Female,21.77,Asymptomatic,126.0,88.0,75.0,178.0,340.0,53.0,265.0,False,5.9,False,Normal,False,0.4,Flat,0.0,Normal,True,False,High,6.0,0
46154,76,Male,28.1,Asymptomatic,130.0,79.0,84.0,160.0,136.0,47.0,51.0,True,5.8,True,Normal,False,3.6,Flat,2.0,Reversible Defect,False,False,Low,9.0,1
2402,52,Female,27.6,Asymptomatic,144.0,82.0,66.0,166.0,218.0,52.0,143.0,False,5.3,False,Left Ventricular Hypertrophy,False,0.0,Flat,1.0,Normal,False,False,High,5.0,0
7496,69,Male,22.2,Asymptomatic,141.0,79.0,73.0,149.0,291.0,61.0,222.0,False,,False,Normal,False,0.6,Flat,0.0,Normal,True,False,High,5.0,0
92934,42,Male,27.0,Non-anginal Pain,,70.0,65.0,188.0,166.0,38.0,98.0,False,5.4,False,Normal,False,0.0,Up,0.0,Normal,False,False,High,4.0,0
96107,43,Female,18.6,Asymptomatic,95.0,58.0,,173.0,194.0,57.0,118.0,False,5.3,False,Normal,False,0.5,Flat,2.0,Reversible Defect,False,True,Moderate,3.0,0
48180,32,Male,26.5,Asymptomatic,93.0,61.0,62.0,176.0,220.0,32.0,141.0,False,5.3,False,Left Ventricular Hypertrophy,False,0.0,Up,0.0,Normal,False,False,Low,1.0,0
57736,42,Male,42.1,Asymptomatic,125.0,86.0,64.0,162.0,265.0,41.0,168.0,True,6.4,True,Normal,False,0.3,Up,1.0,Normal,True,False,Low,8.0,0
26421,42,Female,26.4,Non-anginal Pain,112.0,68.0,56.0,188.0,208.0,52.0,125.0,False,5.3,False,Normal,True,,Up,1.0,Normal,False,False,Moderate,2.0,0
91406,46,Female,23.24,Typical Angina,129.0,87.0,76.0,165.0,254.0,50.0,157.0,False,4.9,False,ST-T Wave Abnormality,False,0.1,Up,0.0,Normal,False,False,Low,5.0,0
59120,68,Female,25.5,Typical Angina,123.0,74.0,75.0,150.0,206.0,49.0,,False,5.6,False,Normal,False,0.0,Up,2.0,Normal,False,False,Moderate,5.0,0
24638,39,Male,21.33,Asymptomatic,108.0,77.0,63.0,182.0,223.0,42.0,156.0,False,5.2,False,Normal,False,0.0,Flat,0.0,Normal,False,False,High,5.0,0
20039,55,Male,22.8,Asymptomatic,120.0,88.0,73.0,135.0,220.0,68.0,128.0,,,False,Normal,False,1.3,Up,0.0,Normal,False,False,Low,6.0,0
59441,81,Male,29.87,Non-anginal Pain,157.0,85.0,81.0,149.0,203.0,33.0,146.0,False,5.6,False,Normal,True,0.0,Flat,1.0,Fixed Defect,False,False,Low,2.0,1
18451,70,Female,,Atypical Angina,128.0,85.0,55.0,174.0,249.0,54.0,168.0,False,6.9,True,Normal,False,0.0,Up,0.0,Normal,False,True,High,8.0,1
24979,72,Female,24.7,Asymptomatic,126.0,62.0,75.0,157.0,260.0,49.0,188.0,False,5.0,False,Normal,False,0.0,Down,1.0,Normal,False,True,Low,1.0,0
8564,63,Male,29.47,Non-anginal Pain,127.0,81.0,80.0,151.0,164.0,34.0,113.0,True,7.1,True,Normal,True,0.6,Up,0.0,Normal,False,False,Low,7.0,1
17520,55,Female,28.8,Typical Angina,128.0,87.0,74.0,159.0,155.0,47.0,90.0,True,7.4,True,Normal,False,0.0,Flat,0.0,Normal,False,False,,6.0,0
76587,60,Male,27.5,Non-anginal Pain,119.0,85.0,74.0,168.0,176.0,29.0,128.0,False,5.3,False,Normal,False,0.3,Up,0.0,Normal,False,False,Moderate,5.0,0
54435,68,Male,32.2,Asymptomatic,159.0,90.0,66.0,156.0,207.0,,105.0,True,6.7,True,Normal,False,0.6,Flat,2.0,Normal,False,False,High,3.0,0
65266,37,Male,28.9,Non-anginal Pain,107.0,67.0,75.0,152.0,152.0,39.0,102.0,False,5.5,False,Normal,False,0.0,Up,0.0,Normal,False,True,Low,1.0,0
6891,80,Male,30.2,Non-anginal Pain,142.0,88.0,,130.0,,,,False,5.0,False,Left Ventricular Hypertrophy,False,0.0,Up,0.0,Normal,False,False,Low,6.0,1
22321,41,Female,32.2,Atypical Angina,119.0,73.0,64.0,179.0,179.0,53.0,100.0,False,6.4,False,Normal,False,0.0,Flat,0.0,Normal,False,False,Moderate,4.0,0
71860,34,Male,28.92,Asymptomatic,113.0,82.0,71.0,187.0,213.0,58.0,105.0,False,5.1,False,Normal,True,0.0,Up,0.0,Normal,True,False,Moderate,3.0,0
26829,48,Male,33.9,Atypical Angina,119.0,72.0,64.0,186.0,229.0,40.0,129.0,False,,False,Normal,False,0.5,Down,1.0,Normal,False,True,Moderate,4.0,0
44889,39,Male,25.8,Asymptomatic,124.0,68.0,57.0,194.0,177.0,49.0,98.0,False,4.9,False,,False,0.0,Down,1.0,Normal,False,False,High,,0
82852,51,Female,22.9,Non-anginal Pain,119.0,69.0,72.0,186.0,265.0,69.0,180.0,False,5.6,False,Normal,False,0.0,Up,0.0,Normal,False,True,High,10.0,0
82156,39,Male,33.8,Asymptomatic,128.0,83.0,88.0,157.0,144.0,32.0,85.0,False,5.7,False,Normal,False,2.6,Flat,0.0,Normal,False,False,Moderate,7.0,0
41289,58,Male,35.4,,127.0,83.0,71.0,165.0,151.0,38.0,,False,,False,Normal,False,0.0,Flat,1.0,Normal,False,False,Low,1.0,0
20684,53,Female,27.5,Non-anginal Pain,125.0,82.0,78.0,153.0,144.0,48.0,71.0,False,5.5,False,Normal,True,0.0,Up,0.0,Normal,False,False,Low,7.0,0
60560,44,Male,27.7,Asymptomatic,112.0,80.0,64.0,159.0,159.0,45.0,95.0,False,4.7,False,Normal,False,0.0,Up,0.0,Normal,False,False,Moderate,4.0,0
30665,69,Female,26.1,Non-anginal Pain,121.0,75.0,69.0,164.0,222.0,63.0,138.0,False,4.9,False,Normal,False,0.0,Up,0.0,Normal,,False,High,5.0,0
51638,56,Female,25.7,Asymptomatic,99.0,66.0,72.0,163.0,,64.0,,False,5.3,False,Normal,False,0.0,Flat,0.0,Normal,False,True,Low,1.0,0
42571,59,Female,22.7,Non-anginal Pain,105.0,63.0,72.0,164.0,261.0,66.0,188.0,False,4.6,False,Normal,False,,Up,1.0,Normal,False,False,Moderate,5.0,0
26175,59,Male,27.4,Asymptomatic,127.0,74.0,70.0,160.0,144.0,60.0,59.0,True,6.6,True,Normal,False,0.0,Up,1.0,Normal,False,True,Moderate,4.0,0
7941,82,Male,30.12,Non-anginal Pain,138.0,89.0,83.0,126.0,210.0,52.0,142.0,False,5.1,False,Normal,False,0.0,Flat,0.0,Normal,False,False,Low,6.0,1
82962,65,Male,19.6,Typical Angina,118.0,69.0,80.0,146.0,191.0,49.0,97.0,True,8.2,True,Normal,False,2.1,Flat,1.0,Reversible Defect,False,False,Low,2.0,1
75756,54,Male,22.28,Typical Angina,115.0,82.0,77.0,146.0,192.0,57.0,125.0,False,5.7,False,Normal,False,0.0,Flat,0.0,Normal,False,True,Moderate,8.0,0
94931,35,Female,26.1,Asymptomatic,122.0,74.0,70.0,180.0,255.0,55.0,180.0,False,5.5,False,Normal,False,0.0,Up,0.0,Normal,False,False,High,8.0,0
26052,79,Male,16.8,Non-anginal Pain,145.0,77.0,83.0,132.0,143.0,44.0,63.0,False,5.4,False,Normal,True,0.0,Flat,1.0,Reversible Defect,False,False,Low,7.0,0
25019,50,Male,21.8,Atypical Angina,118.0,76.0,53.0,180.0,226.0,36.0,153.0,False,4.8,False,Normal,True,1.0,Flat,1.0,Normal,False,False,High,6.0,0
54240,75,Female,24.4,Non-anginal Pain,126.0,65.0,84.0,150.0,160.0,59.0,72.0,True,,True,Normal,False,1.1,Up,0.0,Normal,False,True,Low,6.0,0
10021,82,Female,26.14,Non-anginal Pain,144.0,93.0,81.0,119.0,157.0,44.0,97.0,False,5.4,False,Normal,False,1.7,Flat,0.0,Reversible Defect,False,False,Low,8.0,1
85112,61,Female,28.6,Typical Angina,137.0,83.0,81.0,145.0,148.0,45.0,75.0,True,6.8,True,Normal,False,0.5,,2.0,Normal,False,False,Moderate,9.0,0
41858,46,Male,24.8,Asymptomatic,95.0,60.0,59.0,207.0,294.0,68.0,204.0,False,5.3,False,Normal,False,0.0,Up,0.0,Normal,False,True,High,6.0,0
76560,70,Male,32.37,Atypical Angina,127.0,85.0,81.0,145.0,244.0,,172.0,False,5.4,True,ST-T Wave Abnormality,False,0.0,Up,1.0,Reversible Defect,True,True,Low,5.0,1
7764,40,Male,24.9,Asymptomatic,130.0,86.0,76.0,179.0,205.0,,113.0,False,5.4,False,Normal,False,0.0,Down,0.0,Normal,False,True,Moderate,4.0,0
35461,49,Female,20.56,Atypical Angina,119.0,76.0,120.0,165.0,192.0,48.0,133.0,False,4.9,False,Normal,False,0.0,Up,0.0,Normal,False,False,Moderate,4.0,0
64846,56,Female,36.8,Asymptomatic,135.0,93.0,85.0,168.0,217.0,61.0,143.0,False,5.9,False,Normal,False,0.0,Flat,3.0,Normal,False,False,High,9.0,1
86508,39,Female,22.5,Atypical Angina,116.0,68.0,70.0,185.0,180.0,56.0,,False,5.0,False,ST-T Wave Abnormality,True,0.7,Flat,0.0,Normal,False,False,High,6.0,0
27526,56,Male,26.0,Typical Angina,125.0,75.0,61.0,139.0,186.0,45.0,118.0,False,5.6,False,Normal,False,0.0,Flat,0.0,Normal,False,False,Moderate,4.0,0
12679,69,Male,32.4,Non-anginal Pain,137.0,95.0,89.0,131.0,152.0,28.0,103.0,False,7.2,True,ST-T Wave Abnormality,True,0.4,Flat,2.0,,True,False,Low,3.0,1
70386,71,Male,25.9,Atypical Angina,127.0,76.0,69.0,,167.0,37.0,83.0,False,5.4,False,Normal,True,0.0,Down,0.0,Normal,True,False,Low,4.0,0
51506,37,Male,30.1,Non-anginal Pain,90.0,67.0,67.0,163.0,335.0,42.0,258.0,False,5.3,False,Normal,False,0.0,Up,0.0,Normal,True,True,Moderate,2.0,0
10602,56,Female,26.1,Atypical Angina,123.0,70.0,58.0,172.0,186.0,59.0,111.0,False,5.6,False,Normal,False,1.0,Up,1.0,Fixed Defect,False,False,High,7.0,0
63661,69,Male,29.8,Atypical Angina,146.0,90.0,71.0,156.0,210.0,24.0,144.0,False,5.3,False,Left Ventricular Hypertrophy,False,0.0,Up,0.0,Normal,True,False,High,4.0,1
363,65,Male,22.8,Atypical Angina,133.0,84.0,79.0,157.0,184.0,45.0,104.0,False,5.3,False,Normal,True,0.0,Flat,,Normal,False,True,Low,4.0,1
27788,73,Female,26.2,Atypical Angina,139.0,88.0,91.0,142.0,191.0,40.0,114.0,False,5.5,False,Normal,False,0.0,Flat,0.0,Normal,True,False,,5.0,1
84330,60,Male,33.7,Typical Angina,136.0,84.0,68.0,147.0,184.0,29.0,102.0,True,7.1,True,Normal,True,1.9,Flat,1.0,Normal,True,True,Low,4.0,1
46372,53,Female,26.6,Asymptomatic,127.0,,64.0,164.0,199.0,59.0,130.0,False,5.5,False,Left Ventricular Hypertrophy,False,1.8,Down,0.0,Normal,False,False,Moderate,2.0,0
26376,56,Female,26.0,Asymptomatic,129.0,77.0,78.0,168.0,202.0,53.0,101.0,False,4.5,False,Normal,False,0.0,Flat,1.0,Normal,True,False,Moderate,4.0,0
28644,57,Male,22.4,Non-anginal Pain,128.0,75.0,64.0,175.0,205.0,42.0,140.0,False,5.1,False,Normal,False,0.0,Up,0.0,Normal,False,True,Low,4.0,0
84164,75,Female,24.9,Atypical Angina,131.0,85.0,69.0,152.0,206.0,48.0,146.0,False,5.7,False,Left Ventricular Hypertrophy,False,1.2,Up,0.0,Normal,False,False,Moderate,4.0,1
6641,36,Female,33.8,Atypical Angina,111.0,79.0,77.0,201.0,248.0,,166.0,True,6.4,True,Normal,True,4.4,Flat,0.0,Normal,False,False,High,10.0,0
57631,61,Female,33.3,Typical Angina,125.0,69.0,72.0,,173.0,36.0,135.0,False,5.1,False,Normal,True,1.4,Flat,0.0,Normal,False,True,Low,6.0,0
74823,62,Female,,Asymptomatic,151.0,99.0,70.0,173.0,145.0,47.0,61.0,False,5.0,False,Normal,False,0.5,Flat,0.0,Normal,False,True,Low,6.0,0
33466,58,Male,30.78,Typical Angina,132.0,,73.0,144.0,200.0,23.0,135.0,False,5.2,False,Normal,False,1.2,Up,0.0,Normal,False,False,Moderate,5.0,1
21330,54,Female,29.2,Typical Angina,119.0,74.0,83.0,130.0,156.0,31.0,114.0,False,5.6,False,Normal,False,0.0,Flat,0.0,Fixed Defect,False,False,Low,3.0,0
93406,84,Male,26.7,Asymptomatic,155.0,83.0,86.0,123.0,220.0,43.0,148.0,False,5.1,False,Normal,False,0.0,Up,1.0,Normal,False,False,Low,6.0,1
81637,69,Female,33.5,Non-anginal Pain,138.0,84.0,94.0,131.0,250.0,61.0,138.0,False,5.5,False,Normal,False,0.0,Flat,0.0,Fixed Defect,False,False,Low,6.0,1
48827,72,Female,23.0,Non-anginal Pain,126.0,81.0,65.0,155.0,215.0,63.0,151.0,False,,True,Normal,False,0.1,Up,0.0,Normal,False,True,Moderate,5.0,0
86852,40,Female,27.2,Asymptomatic,112.0,50.0,67.0,195.0,218.0,59.0,159.0,False,5.7,False,Normal,False,0.0,Down,0.0,Normal,True,True,High,6.0,0
59011,46,Female,27.3,Non-anginal Pain,120.0,81.0,66.0,189.0,255.0,69.0,171.0,False,5.1,False,Normal,False,0.6,Up,0.0,Normal,False,True,Moderate,5.0,0
4141,60,Female,19.5,Non-anginal Pain,129.0,79.0,66.0,165.0,238.0,64.0,158.0,True,5.4,False,ST-T Wave Abnormality,False,0.4,Up,0.0,Reversible Defect,False,False,High,10.0,0
13015,48,Male,23.7,Non-anginal Pain,114.0,71.0,76.0,163.0,193.0,36.0,127.0,False,4.9,False,Normal,False,1.8,Flat,0.0,Normal,False,True,Moderate,2.0,1
79965,37,Female,26.2,Atypical Angina,103.0,63.0,63.0,187.0,171.0,58.0,,False,5.0,False,Normal,False,0.5,Up,0.0,Normal,False,False,Moderate,6.0,0
89641,54,Male,26.9,Atypical Angina,135.0,81.0,60.0,170.0,181.0,50.0,99.0,True,6.8,True,Normal,False,0.0,Flat,0.0,Normal,False,True,High,3.0,0
62461,66,Male,37.58,Asymptomatic,138.0,86.0,72.0,,279.0,43.0,194.0,False,5.6,False,Normal,False,0.4,Flat,0.0,Normal,False,True,Low,6.0,1
79338,68,Female,32.8,Atypical Angina,135.0,87.0,66.0,141.0,139.0,44.0,91.0,False,5.4,False,Normal,False,0.4,Down,0.0,Normal,False,False,Moderate,4.0,1
62203,42,Female,29.3,Typical Angina,126.0,85.0,68.0,180.0,285.0,45.0,160.0,False,5.1,False,Normal,False,,Flat,0.0,Normal,True,True,Moderate,8.0,0
53655,32,Female,28.2,Asymptomatic,115.0,85.0,74.0,187.0,174.0,46.0,117.0,False,5.3,False,Normal,False,0.0,Down,0.0,Normal,False,False,Low,9.0,0
91443,61,Male,26.0,Asymptomatic,124.0,64.0,63.0,164.0,277.0,46.0,214.0,False,5.2,False,Left Ventricular Hypertrophy,True,0.0,Up,0.0,Reversible Defect,False,False,High,4.0,0
41351,82,Female,29.9,Typical Angina,153.0,101.0,78.0,129.0,240.0,61.0,138.0,False,,False,Normal,False,0.2,Up,1.0,Normal,True,False,Low,4.0,1
75299,74,Male,27.6,Typical Angina,135.0,,78.0,142.0,163.0,30.0,117.0,False,5.7,False,Normal,False,1.6,Up,2.0,Reversible Defect,False,False,Moderate,5.0,1
836,52,Male,,Non-anginal Pain,90.0,58.0,59.0,142.0,197.0,43.0,,False,5.7,False,Normal,False,0.0,Flat,0.0,Reversible Defect,False,True,Moderate,2.0,1
15119,74,Male,26.9,Non-anginal Pain,137.0,95.0,74.0,128.0,,58.0,74.0,True,4.6,False,Normal,True,1.4,Flat,3.0,Normal,False,False,Moderate,4.0,0
67592,84,Male,,Asymptomatic,137.0,99.0,76.0,141.0,173.0,42.0,123.0,False,5.3,False,Normal,False,0.0,Flat,1.0,Normal,False,False,Low,4.0,1
15196,62,Male,28.23,Asymptomatic,133.0,73.0,71.0,164.0,188.0,52.0,119.0,False,5.2,False,ST-T Wave Abnormality,False,0.0,Flat,1.0,Normal,False,True,Low,9.0,1
79082,61,Female,28.1,Asymptomatic,114.0,68.0,69.0,172.0,206.0,50.0,131.0,True,4.6,False,Normal,False,0.0,Up,0.0,Reversible Defect,True,False,Moderate,3.0,0
33086,57,Male,25.5,Atypical Angina,134.0,85.0,58.0,146.0,210.0,42.0,148.0,,5.3,False,Normal,False,1.6,Flat,2.0,Normal,False,False,Moderate,7.0,1
68323,59,Female,38.17,Non-anginal Pain,144.0,98.0,77.0,121.0,201.0,41.0,147.0,True,7.9,True,Left Ventricular Hypertrophy,False,0.9,Down,0.0,Reversible Defect,False,False,Low,6.0,1
65264,62,Female,31.5,Atypical Angina,137.0,80.0,67.0,153.0,156.0,41.0,91.0,False,5.3,False,Normal,False,0.0,Down,1.0,Fixed Defect,False,False,Moderate,3.0,1
32971,66,Female,28.4,Asymptomatic,138.0,77.0,62.0,126.0,204.0,35.0,154.0,True,11.2,True,ST-T Wave Abnormality,False,0.0,Up,0.0,Normal,False,False,Moderate,2.0,1
70462,45,Male,25.9,Non-anginal Pain,139.0,91.0,77.0,180.0,168.0,56.0,94.0,False,4.5,False,Normal,False,0.0,Down,1.0,Normal,False,False,High,7.0,0
8503,76,Female,32.9,Asymptomatic,118.0,77.0,71.0,151.0,187.0,37.0,99.0,False,5.7,False,ST-T Wave Abnormality,False,0.0,Up,0.0,,False,False,Moderate,2.0,0
10457,57,Male,27.5,Typical Angina,121.0,80.0,78.0,155.0,,,,False,5.3,False,Normal,False,0.3,Up,0.0,Normal,True,False,Moderate,3.0,0
9331,55,Female,22.3,Typical Angina,112.0,,60.0,176.0,139.0,47.0,59.0,False,4.9,False,Normal,False,0.0,Flat,1.0,Normal,False,True,High,3.0,1
40195,56,Female,23.3,Atypical Angina,119.0,65.0,65.0,151.0,192.0,67.0,95.0,False,5.5,False,Normal,True,1.6,,1.0,Normal,False,False,High,,0
37896,37,Male,28.1,Atypical Angina,96.0,81.0,78.0,195.0,194.0,59.0,123.0,False,5.1,False,Normal,False,,,0.0,Normal,True,False,Moderate,5.0,0
58595,75,Female,21.37,Asymptomatic,143.0,80.0,63.0,138.0,144.0,42.0,70.0,True,8.5,True,Normal,False,0.5,Flat,0.0,Reversible Defect,False,False,Moderate,8.0,1
69958,67,Female,23.77,Atypical Angina,115.0,81.0,75.0,,,51.0,135.0,False,5.2,False,,False,0.0,Flat,3.0,Normal,False,False,Moderate,8.0,1
57093,55,Female,28.0,Typical Angina,147.0,86.0,68.0,149.0,247.0,56.0,175.0,False,4.8,False,Left Ventricular Hypertrophy,True,0.8,Flat,1.0,Normal,False,False,High,9.0,0
94469,30,Female,23.3,Non-anginal Pain,101.0,65.0,61.0,190.0,244.0,,147.0,False,5.5,False,Normal,False,0.0,Flat,0.0,Normal,False,True,Moderate,4.0,0
53895,51,Male,25.0,Non-anginal Pain,104.0,76.0,77.0,182.0,258.0,33.0,197.0,False,5.4,False,Normal,False,,Up,0.0,Normal,True,False,Moderate,5.0,0
60952,64,Female,23.57,Non-anginal Pain,147.0,88.0,87.0,134.0,239.0,51.0,172.0,False,4.9,False,ST-T Wave Abnormality,False,0.0,Down,1.0,Fixed Defect,True,False,Moderate,6.0,1
71150,52,Female,27.4,Atypical Angina,113.0,73.0,70.0,,115.0,45.0,68.0,False,5.5,False,Normal,False,0.0,Up,1.0,Normal,False,True,Moderate,1.0,0
68922,41,Male,23.9,Asymptomatic,119.0,74.0,62.0,186.0,208.0,56.0,139.0,False,4.9,False,Normal,False,0.0,Up,0.0,Normal,False,,Moderate,5.0,0
52310,35,Female,22.8,Asymptomatic,90.0,66.0,62.0,194.0,188.0,63.0,115.0,False,4.7,False,Normal,False,0.5,Flat,0.0,Reversible Defect,False,False,High,2.0,0
48578,71,Female,29.0,Typical Angina,138.0,91.0,83.0,140.0,230.0,52.0,144.0,False,4.7,False,Normal,True,1.5,Flat,0.0,Reversible Defect,False,False,Low,8.0,1
63266,70,Female,25.0,Asymptomatic,135.0,73.0,68.0,157.0,,44.0,127.0,True,5.3,False,Normal,False,1.1,Down,2.0,Reversible Defect,False,False,Low,3.0,1
84999,53,Male,23.5,Typical Angina,133.0,76.0,97.0,150.0,168.0,34.0,115.0,False,5.1,False,Normal,True,,Flat,2.0,Reversible Defect,False,False,Low,9.0,1
16987,39,Female,22.6,Non-anginal Pain,105.0,81.0,,202.0,216.0,48.0,134.0,True,4.7,False,Normal,False,1.4,Flat,3.0,Reversible Defect,False,False,Moderate,4.0,0
57426,64,Male,31.6,Asymptomatic,134.0,82.0,66.0,149.0,238.0,32.0,,False,5.5,False,Normal,False,0.6,Up,0.0,Normal,False,False,Moderate,6.0,0
14000,53,Female,,Asymptomatic,139.0,79.0,76.0,148.0,261.0,60.0,183.0,False,5.0,False,ST-T Wave Abnormality,False,3.2,Flat,1.0,Fixed Defect,False,False,High,5.0,0
9202,56,Male,24.7,Non-anginal Pain,125.0,83.0,79.0,184.0,169.0,39.0,118.0,False,5.7,False,,False,0.0,Up,0.0,Reversible Defect,False,False,Moderate,6.0,0
69516,50,Male,26.6,Atypical Angina,116.0,84.0,72.0,163.0,172.0,52.0,83.0,False,5.5,False,Normal,True,0.4,Up,0.0,Normal,True,True,Moderate,4.0,0
87285,68,Female,32.3,Atypical Angina,129.0,70.0,73.0,180.0,173.0,55.0,75.0,False,5.5,False,Normal,False,0.0,Flat,0.0,Normal,False,False,Moderate,5.0,0
86914,69,Female,27.2,Atypical Angina,119.0,80.0,83.0,168.0,176.0,59.0,106.0,True,7.7,True,Normal,False,2.1,Down,3.0,Normal,False,False,Low,10.0,1
56095,73,Male,22.1,Asymptomatic,,79.0,80.0,152.0,210.0,39.0,139.0,False,5.1,False,Normal,False,,Up,1.0,Normal,True,False,Low,6.0,1
10494,56,Female,31.2,Non-anginal Pain,112.0,76.0,63.0,161.0,315.0,51.0,161.0,False,5.1,False,Normal,False,0.0,Up,0.0,Normal,False,True,Moderate,3.0,0
54717,42,Male,33.3,Atypical Angina,127.0,86.0,73.0,176.0,170.0,50.0,77.0,False,5.2,False,Normal,False,1.3,Down,2.0,Normal,False,False,Low,6.0,1
10743,39,Male,28.7,,121.0,75.0,78.0,165.0,160.0,50.0,99.0,True,5.4,False,Normal,False,1.0,Down,0.0,Normal,False,True,Low,8.0,1
69994,45,Male,26.0,Typical Angina,121.0,78.0,70.0,170.0,247.0,42.0,190.0,False,5.8,False,Normal,True,,Flat,0.0,Normal,True,False,Moderate,3.0,0
38356,51,Female,34.0,Asymptomatic,98.0,75.0,71.0,147.0,161.0,47.0,102.0,False,4.9,False,Normal,False,0.2,Up,0.0,Normal,False,False,Low,1.0,0
59875,56,Male,28.9,Non-anginal Pain,104.0,59.0,64.0,171.0,136.0,24.0,88.0,False,5.7,False,Normal,False,0.5,Up,0.0,Normal,True,True,Low,6.0,1
95250,25,Male,28.2,Non-anginal Pain,90.0,68.0,64.0,188.0,195.0,48.0,124.0,False,5.0,False,Normal,False,0.0,Up,0.0,Normal,False,False,Moderate,7.0,0
50850,41,Female,22.4,Atypical Angina,98.0,69.0,86.0,165.0,161.0,41.0,94.0,False,5.8,False,Normal,True,0.0,Up,0.0,Reversible Defect,False,True,Moderate,4.0,0
12532,49,Female,23.64,Non-anginal Pain,110.0,70.0,69.0,184.0,173.0,51.0,98.0,False,5.4,False,Normal,False,1.1,Flat,0.0,Normal,True,False,High,2.0,0
82127,62,Female,25.3,Asymptomatic,138.0,95.0,89.0,161.0,175.0,48.0,115.0,False,4.9,False,Left Ventricular Hypertrophy,False,0.0,Flat,0.0,Reversible Defect,False,True,Moderate,1.0,1
33585,49,Male,27.0,Non-anginal Pain,109.0,77.0,68.0,165.0,180.0,45.0,99.0,False,5.6,False,Normal,False,0.2,Up,0.0,Normal,False,True,Low,5.0,0
86370,60,Male,27.0,Typical Angina,125.0,83.0,69.0,142.0,270.0,,191.0,False,5.4,False,,True,0.0,Flat,1.0,Normal,False,True,High,6.0,0
96406,80,Female,25.9,Atypical Angina,140.0,89.0,81.0,150.0,205.0,44.0,141.0,False,5.4,True,ST-T Wave Abnormality,True,1.5,Up,1.0,Normal,False,True,Moderate,7.0,1
91136,52,Male,20.6,Non-anginal Pain,128.0,79.0,72.0,154.0,294.0,57.0,,False,5.4,False,Normal,False,0.0,Up,0.0,Normal,False,False,Low,3.0,0
40799,61,Female,28.0,Non-anginal Pain,119.0,72.0,71.0,180.0,197.0,28.0,127.0,False,5.7,False,Normal,False,0.0,Up,1.0,Normal,False,False,Moderate,7.0,0
55200,50,Female,36.85,Atypical Angina,130.0,79.0,79.0,155.0,151.0,39.0,99.0,False,5.1,False,ST-T Wave Abnormality,False,1.8,Down,1.0,Normal,False,False,Moderate,5.0,0
41548,83,Male,31.8,Non-anginal Pain,160.0,88.0,81.0,132.0,333.0,,266.0,False,5.7,False,Left Ventricular Hypertrophy,False,0.0,Flat,3.0,Normal,False,False,Low,4.0,1
32370,47,Male,23.5,Non-anginal Pain,112.0,80.0,69.0,180.0,193.0,42.0,136.0,False,5.4,False,,False,0.7,Up,0.0,Normal,True,False,,6.0,0
49756,79,Male,29.5,Non-anginal Pain,143.0,84.0,69.0,97.0,198.0,49.0,102.0,True,5.7,False,ST-T Wave Abnormality,,0.0,Up,0.0,Normal,False,False,Low,6.0,0
95905,53,Male,23.1,,116.0,67.0,66.0,158.0,121.0,29.0,88.0,False,5.3,False,Normal,False,0.0,Flat,1.0,Normal,False,True,Low,1.0,0
28707,55,Female,31.7,Non-anginal Pain,130.0,78.0,68.0,155.0,170.0,45.0,92.0,False,5.4,False,ST-T Wave Abnormality,False,0.0,Flat,1.0,Normal,False,False,Moderate,3.0,0
40892,52,Female,24.6,Asymptomatic,120.0,77.0,67.0,178.0,214.0,25.0,176.0,False,,False,Normal,True,0.0,Up,1.0,Normal,False,True,High,4.0,0
92079,77,Male,37.1,Non-anginal Pain,147.0,81.0,90.0,,348.0,32.0,274.0,True,9.0,True,Normal,True,0.0,Up,0.0,Normal,True,False,Low,5.0,1
75944,46,Male,19.5,Asymptomatic,99.0,66.0,61.0,190.0,191.0,46.0,114.0,False,5.3,False,Normal,False,0.0,Up,0.0,Normal,False,False,High,7.0,0
2396,60,Female,31.7,Non-anginal Pain,143.0,91.0,77.0,,217.0,56.0,148.0,False,6.1,False,Left Ventricular Hypertrophy,,1.3,Flat,3.0,Normal,False,True,Moderate,7.0,0
67264,29,Female,20.4,Non-anginal Pain,94.0,71.0,59.0,174.0,206.0,,111.0,True,,True,Normal,False,0.0,Up,1.0,Normal,False,True,Low,5.0,0
86148,60,Female,29.9,Atypical Angina,138.0,76.0,78.0,149.0,258.0,47.0,161.0,False,6.0,False,Normal,False,0.6,Up,0.0,Normal,True,False,Low,2.0,0
13811,38,Male,44.15,Non Anginal Pain,117.0,70.0,68.0,174.0,186.0,44.0,104.0,True,7.1,True,ST-T Wave Abnormality,False,0.6,Flat,0.0,Normal,False,True,High,6.0,0
5613,47,Female,23.9,Non-anginal Pain,105.0,77.0,78.0,154.0,234.0,,130.0,False,5.9,False,Normal,False,0.0,Up,0.0,Reversible Defect,False,True,Moderate,5.0,0
81519,82,Female,25.2,Atypical Angina,126.0,81.0,72.0,152.0,165.0,47.0,109.0,False,5.9,False,Normal,False,0.0,Up,2.0,Normal,False,True,Low,1.0,1
21573,50,Female,21.6,Asymptomatic,115.0,81.0,74.0,143.0,180.0,50.0,129.0,False,4.7,False,Normal,False,2.0,Flat,0.0,Reversible Defect,False,False,Low,1.0,0
71350,63,Female,29.5,Asymptomatic,126.0,,63.0,166.0,200.0,,116.0,False,4.5,False,ST-T Wave Abnormality,True,0.0,Up,2.0,Normal,False,False,Moderate,2.0,0
85530,47,Female,23.9,Atypical Angina,122.0,74.0,62.0,169.0,191.0,55.0,99.0,False,,False,ST-T Wave Abnormality,True,1.2,Down,2.0,Normal,True,False,High,5.0,1
23211,83,Female,27.7,Typical Angina,137.0,76.0,82.0,148.0,161.0,26.0,99.0,False,6.0,False,Normal,False,0.0,Flat,1.0,Normal,True,False,Low,1.0,0
28400,53,Female,24.6,Non-anginal Pain,132.0,68.0,80.0,140.0,202.0,43.0,121.0,False,5.3,False,Normal,True,1.3,Flat,0.0,Reversible Defect,True,False,Moderate,3.0,0
76564,70,Female,31.1,Asymptomatic,137.0,85.0,71.0,123.0,211.0,44.0,141.0,False,5.1,False,Normal,True,0.3,Up,2.0,Normal,False,False,Low,2.0,0
60959,68,Female,27.4,Atypical Angina,122.0,86.0,69.0,154.0,166.0,52.0,90.0,False,5.5,False,Normal,False,0.0,Up,0.0,Fixed Defect,False,True,Moderate,2.0,0
58302,53,Male,24.14,Typical Angina,104.0,,69.0,164.0,180.0,47.0,111.0,False,5.1,False,Normal,True,0.0,Up,1.0,Reversible Defect,False,False,Low,6.0,0
28809,59,Male,33.4,Atypical Angina,156.0,95.0,73.0,150.0,177.0,59.0,94.0,True,7.3,True,Normal,False,0.4,Up,1.0,Fixed Defect,False,False,Low,6.0,1
9309,49,Female,,Atypical Angina,102.0,75.0,68.0,183.0,,63.0,168.0,False,5.1,False,Normal,True,0.5,Up,0.0,Reversible Defect,False,False,Moderate,7.0,0
57910,71,Male,26.7,Atypical Angina,121.0,72.0,82.0,134.0,196.0,41.0,103.0,False,5.0,False,ST-T Wave Abnormality,True,0.0,Flat,3.0,Normal,True,False,Moderate,,1
97152,46,Male,22.4,Non-anginal Pain,134.0,84.0,74.0,151.0,212.0,59.0,130.0,False,5.1,False,Normal,False,0.0,Up,1.0,Normal,True,True,Moderate,4.0,0
60687,50,Female,25.1,,113.0,87.0,74.0,157.0,141.0,49.0,75.0,False,4.4,False,Normal,True,,Up,0.0,Normal,,True,High,6.0,0
40520,64,Male,24.6,Non-anginal Pain,90.0,62.0,69.0,138.0,181.0,50.0,111.0,True,6.0,False,ST-T Wave Abnormality,False,0.0,Up,3.0,Normal,False,False,Moderate,6.0,0
1719,55,Male,27.71,Atypical Angina,125.0,87.0,83.0,144.0,236.0,50.0,147.0,False,8.1,True,Normal,False,0.0,Flat,0.0,Normal,False,False,Moderate,5.0,0
77135,74,Male,29.3,Asymptomatic,128.0,73.0,80.0,144.0,148.0,34.0,88.0,False,5.3,False,Normal,False,0.0,Flat,0.0,Normal,False,True,Low,6.0,0
66271,76,Male,26.8,Non-anginal Pain,144.0,85.0,59.0,163.0,161.0,24.0,108.0,False,5.5,False,ST-T Wave Abnormality,False,0.0,Up,2.0,Normal,True,False,Low,7.0,0
76822,68,Female,29.7,Non-anginal Pain,149.0,82.0,71.0,173.0,188.0,60.0,89.0,False,5.4,False,Normal,True,0.0,Up,1.0,Normal,False,False,Moderate,9.0,1
72204,31,Female,26.3,Non-anginal Pain,95.0,69.0,69.0,170.0,204.0,56.0,109.0,False,5.3,False,Normal,True,2.4,Flat,1.0,Normal,False,True,Moderate,3.0,1
63655,53,Female,23.2,Non-anginal Pain,122.0,72.0,60.0,163.0,176.0,61.0,99.0,False,5.0,False,Normal,False,0.2,Flat,0.0,Normal,False,False,High,4.0,0
47751,54,Male,31.97,Asymptomatic,112.0,60.0,75.0,164.0,227.0,35.0,143.0,False,4.7,False,Normal,False,0.0,Up,0.0,Normal,False,False,Moderate,2.0,1
7884,62,Female,23.6,Typical Angina,129.0,78.0,70.0,160.0,144.0,54.0,74.0,False,4.9,False,Left Ventricular Hypertrophy,False,0.0,Flat,2.0,Reversible Defect,False,False,,4.0,0
43846,47,Male,23.6,Non-anginal Pain,131.0,72.0,71.0,182.0,155.0,53.0,69.0,False,5.4,False,Normal,True,0.0,Up,0.0,Normal,False,False,Low,5.0,0
56693,74,Male,26.4,Typical Angina,119.0,72.0,66.0,119.0,192.0,37.0,,False,6.1,False,Normal,True,0.0,Up,3.0,Fixed Defect,False,False,Low,4.0,0
77834,69,Female,21.44,Atypical Angina,90.0,64.0,70.0,171.0,274.0,71.0,185.0,False,5.7,False,Normal,False,0.5,Up,3.0,Normal,False,,Moderate,6.0,1
20612,44,Male,35.3,Non-anginal Pain,126.0,82.0,78.0,170.0,303.0,27.0,250.0,False,5.5,False,Normal,False,0.0,Up,0.0,Fixed Defect,False,True,Low,3.0,0
71615,64,Female,28.1,Asymptomatic,127.0,70.0,76.0,154.0,220.0,55.0,126.0,True,8.4,True,Normal,False,0.0,Up,0.0,Normal,False,True,Low,4.0,0
46892,42,Male,22.2,Asymptomatic,95.0,65.0,63.0,184.0,135.0,49.0,58.0,False,5.7,False,Normal,False,0.5,Up,0.0,Normal,False,False,High,4.0,0
78283,65,Male,37.8,Non-anginal Pain,124.0,74.0,58.0,153.0,212.0,43.0,93.0,True,7.2,True,Normal,False,0.4,Flat,3.0,Normal,False,False,Moderate,1.0,1
50413,65,Female,24.1,Non-anginal Pain,107.0,71.0,59.0,157.0,170.0,76.0,77.0,False,5.5,False,Normal,False,0.0,Up,0.0,Normal,False,False,Moderate,3.0,0
52465,37,Female,23.0,Asymptomatic,103.0,60.0,54.0,200.0,170.0,27.0,104.0,True,,False,,False,0.0,Up,0.0,Normal,False,False,Moderate,5.0,0
32513,52,Male,29.6,Non-anginal Pain,119.0,71.0,72.0,158.0,140.0,39.0,83.0,False,6.1,False,ST-T Wave Abnormality,False,1.5,Up,0.0,Normal,False,False,Low,4.0,0
37713,76,Female,29.7,Non-anginal Pain,141.0,81.0,79.0,117.0,212.0,41.0,156.0,False,5.0,False,Normal,False,0.0,Up,2.0,Fixed Defect,False,True,Low,3.0,1
57653,61,Female,24.9,Asymptomatic,107.0,65.0,54.0,165.0,220.0,55.0,104.0,True,6.8,True,Normal,False,0.0,,0.0,Normal,False,True,Moderate,6.0,0
37715,74,Female,30.98,Non-anginal Pain,142.0,76.0,74.0,171.0,169.0,49.0,79.0,True,11.6,True,Normal,False,3.6,Flat,1.0,Normal,False,False,Moderate,5.0,1
95626,43,Male,31.2,Atypical Angina,111.0,89.0,62.0,183.0,229.0,47.0,154.0,False,,False,Normal,False,0.0,Up,0.0,Normal,True,False,Moderate,2.0,0
10060,75,Male,30.7,Atypical Angina,145.0,88.0,66.0,163.0,384.0,54.0,263.0,True,8.3,True,Normal,False,0.0,Flat,0.0,Normal,True,False,Low,5.0,1
58141,77,Male,25.1,Asymptomatic,122.0,83.0,73.0,130.0,131.0,38.0,58.0,False,5.9,False,Normal,True,1.9,Flat,1.0,Normal,True,False,Moderate,8.0,0
32623,67,Female,31.9,Non-anginal Pain,134.0,85.0,87.0,141.0,196.0,55.0,113.0,False,5.7,False,ST-T Wave Abnormality,False,0.0,Down,0.0,Reversible Defect,False,False,Low,5.0,1
77448,67,Female,30.7,Non-anginal Pain,131.0,73.0,84.0,138.0,297.0,58.0,170.0,True,8.2,True,Normal,False,0.1,Up,1.0,Normal,False,False,Low,3.0,0
19346,61,Female,27.6,Non-anginal Pain,118.0,79.0,76.0,186.0,298.0,67.0,198.0,False,4.8,False,Left Ventricular Hypertrophy,False,0.0,Flat,1.0,normal,False,False,High,5.0,0
94437,73,Male,,Asymptomatic,132.0,83.0,72.0,148.0,,41.0,123.0,False,5.1,False,Normal,False,0.0,Down,0.0,Normal,False,True,Moderate,6.0,0
72285,73,Male,,Atypical Angina,136.0,88.0,70.0,134.0,261.0,42.0,196.0,False,6.0,False,ST-T Wave Abnormality,False,0.0,Flat,2.0,Normal,False,False,Moderate,7.0,1
31524,78,Male,,Non-anginal Pain,135.0,82.0,74.0,139.0,216.0,,132.0,False,5.5,False,,False,0.0,Down,0.0,Normal,False,False,Moderate,6.0,1
6383,35,Male,24.0,Non-anginal Pain,130.0,80.0,70.0,189.0,237.0,79.0,100.0,False,5.6,False,Normal,False,0.0,Flat,0.0,Normal,False,False,High,7.0,0
65049,41,Female,20.1,Asymptomatic,116.0,79.0,60.0,168.0,175.0,56.0,86.0,False,4.7,False,Normal,False,0.0,Flat,0.0,Normal,False,True,Moderate,2.0,0
71328,44,Female,36.8,Atypical Angina,118.0,77.0,68.0,196.0,142.0,58.0,67.0,False,5.2,False,Normal,False,0.1,Up,0.0,Normal,False,,High,4.0,0
97053,44,Female,19.7,Typical Angina,110.0,71.0,69.0,166.0,,39.0,54.0,False,,False,Normal,False,1.0,Down,0.0,Normal,False,False,Low,5.0,0
7123,59,Female,23.8,Atypical Angina,125.0,69.0,67.0,165.0,156.0,42.0,106.0,False,6.0,False,Normal,False,2.6,Flat,2.0,Reversible Defect,False,False,High,4.0,0
52307,53,Male,25.1,Atypical Angina,111.0,72.0,63.0,134.0,126.0,45.0,79.0,False,5.2,False,Normal,False,0.6,Up,0.0,Normal,True,False,Low,5.0,0
73628,55,Female,25.1,Atypical Angina,114.0,75.0,75.0,146.0,155.0,62.0,80.0,False,5.5,False,Normal,False,0.2,Up,0.0,Normal,False,False,Low,1.0,0
3746,65,Male,32.2,Asymptomatic,131.0,88.0,70.0,167.0,114.0,48.0,51.0,False,,False,Normal,False,0.0,Up,0.0,,False,,Low,7.0,0
96376,51,Male,21.9,Atypical Angina,123.0,67.0,77.0,139.0,150.0,49.0,88.0,False,5.1,False,Normal,False,0.0,Up,0.0,Normal,False,True,Low,4.0,0
19686,57,Male,23.4,Asymptomatic,125.0,86.0,71.0,157.0,162.0,48.0,69.0,True,6.7,True,Normal,False,3.3,Flat,0.0,Reversible Defect,False,True,Low,4.0,0
95265,48,Female,29.8,Asymptomatic,127.0,82.0,73.0,180.0,165.0,37.0,81.0,False,5.8,False,Normal,False,0.0,Up,0.0,Normal,False,False,Low,8.0,0
42834,36,Female,26.5,Asymptomatic,94.0,63.0,72.0,188.0,,56.0,168.0,False,4.6,False,Normal,False,0.0,Up,0.0,Normal,False,False,Moderate,5.0,0
67355,70,Male,21.7,Atypical Angina,129.0,73.0,72.0,153.0,201.0,50.0,132.0,False,5.5,False,Normal,False,0.0,Up,2.0,Normal,False,False,Moderate,5.0,1
7220,77,Female,31.0,Asymptomatic,133.0,83.0,52.0,134.0,214.0,56.0,111.0,False,5.0,False,ST-T Wave Abnormality,False,0.0,Up,2.0,Reversible Defect,False,False,Moderate,8.0,1
5851,46,Male,35.2,Asymptomatic,92.0,58.0,63.0,191.0,220.0,51.0,145.0,False,5.7,False,Normal,False,0.0,Up,0.0,Normal,False,False,High,5.0,0
36798,39,Male,24.7,Non-anginal Pain,115.0,67.0,70.0,210.0,199.0,48.0,129.0,False,5.3,False,Normal,False,0.0,Up,1.0,Normal,True,False,High,2.0,0
34153,47,Female,,Atypical Angina,116.0,59.0,85.0,175.0,207.0,47.0,134.0,False,5.3,False,Normal,False,,Up,0.0,Normal,False,True,Low,6.0,0
40867,81,Male,29.5,Asymptomatic,130.0,78.0,83.0,147.0,166.0,32.0,103.0,True,10.7,True,Normal,False,0.0,Up,0.0,Normal,False,False,Low,6.0,0
2106,34,Female,32.0,Non-anginal Pain,116.0,75.0,69.0,198.0,139.0,48.0,80.0,False,4.9,False,ST-T Wave Abnormality,False,0.9,Flat,0.0,Normal,False,False,Low,6.0,0
81425,56,Female,27.2,Atypical Angina,131.0,83.0,77.0,141.0,258.0,44.0,188.0,False,4.5,False,Normal,True,0.0,Flat,0.0,,False,False,Moderate,4.0,1
2720,37,Male,,Typical Angina,116.0,70.0,72.0,187.0,184.0,53.0,79.0,False,5.2,False,Normal,False,3.2,Flat,0.0,,False,False,High,7.0,0
34045,40,Male,,Non-anginal Pain,114.0,70.0,78.0,189.0,275.0,63.0,177.0,False,5.7,False,,False,,Flat,0.0,Normal,False,False,High,8.0,0
63886,70,Female,,Asymptomatic,109.0,65.0,70.0,165.0,238.0,,136.0,False,5.3,False,Normal,False,0.0,Up,0.0,Reversible Defect,False,False,Moderate,3.0,0
78773,79,Male,29.8,Typical Angina,137.0,91.0,57.0,142.0,137.0,44.0,82.0,True,5.5,False,Left Ventricular Hypertrophy,True,0.3,Flat,0.0,Normal,False,False,High,3.0,1
53983,81,Female,27.4,Non-anginal Pain,137.0,73.0,,132.0,275.0,64.0,118.0,False,5.3,False,Normal,True,0.0,Flat,3.0,Normal,False,False,Moderate,5.0,0
88444,47,Male,23.61,Typical Angina,106.0,77.0,71.0,152.0,152.0,43.0,83.0,False,4.5,False,Normal,True,1.5,Flat,0.0,Reversible Defect,False,False,Moderate,7.0,1
25731,76,Male,30.3,Typical Angina,136.0,89.0,85.0,105.0,171.0,36.0,90.0,True,6.0,False,Normal,True,0.0,Up,0.0,Normal,False,False,Low,3.0,1
96108,70,Female,,Asymptomatic,139.0,83.0,75.0,154.0,225.0,51.0,155.0,False,,False,Normal,False,0.6,Up,0.0,Normal,True,True,Low,5.0,0
71339,59,Female,24.7,Asymptomatic,125.0,85.0,85.0,138.0,187.0,59.0,114.0,False,4.9,False,Normal,False,0.0,Up,0.0,Normal,False,True,Low,7.0,0
93615,55,Male,32.91,Asymptomatic,130.0,89.0,68.0,163.0,191.0,,137.0,True,5.5,False,Normal,False,0.6,Flat,1.0,,False,False,Low,7.0,0
85474,72,Female,31.7,Asymptomatic,120.0,85.0,76.0,132.0,184.0,52.0,98.0,False,5.0,False,Left Ventricular Hypertrophy,False,0.0,Up,0.0,Normal,False,False,Low,4.0,0
82838,82,Male,23.3,Asymptomatic,146.0,89.0,68.0,174.0,156.0,45.0,106.0,True,6.6,True,Normal,False,0.0,Up,1.0,Normal,False,False,Moderate,4.0,0
16741,67,Female,25.0,Asymptomatic,114.0,62.0,65.0,158.0,195.0,65.0,,True,5.2,False,ST-T Wave Abnormality,False,0.0,Flat,0.0,Normal,False,True,Moderate,1.0,0
98518,78,Female,32.4,Typical Angina,135.0,89.0,71.0,128.0,225.0,,148.0,False,5.3,False,Normal,True,1.2,Flat,0.0,Normal,False,False,Low,4.0,0
20046,57,Male,21.2,Atypical Angina,116.0,67.0,84.0,163.0,168.0,,106.0,False,5.4,False,Normal,False,0.0,Up,0.0,Normal,False,True,Low,7.0,0
75160,64,Female,23.87,Atypical Angina,137.0,88.0,85.0,152.0,193.0,43.0,126.0,False,5.2,False,Normal,False,0.0,Up,1.0,Normal,False,False,Moderate,8.0,0
98709,48,Male,29.9,Asymptomatic,108.0,75.0,69.0,176.0,166.0,42.0,91.0,False,5.5,False,Normal,False,0.0,Up,1.0,Fixed Defect,False,True,Moderate,10.0,0
52908,43,Male,24.8,Asymptomatic,140.0,103.0,63.0,162.0,144.0,37.0,78.0,True,6.7,True,Normal,False,0.0,Flat,0.0,Normal,True,True,Low,9.0,0
86490,64,Male,34.1,Non-anginal Pain,131.0,80.0,77.0,114.0,180.0,40.0,114.0,False,5.4,False,Normal,True,0.7,Flat,0.0,Normal,False,False,Low,4.0,1
41102,46,Female,25.24,Atypical Angina,112.0,82.0,64.0,161.0,226.0,,,False,5.1,False,Normal,False,0.3,Flat,1.0,Normal,True,False,Moderate,2.0,0
43898,84,Male,28.9,Asymptomatic,151.0,80.0,73.0,135.0,254.0,52.0,152.0,False,4.7,False,Normal,False,0.0,Flat,3.0,Normal,True,False,Low,3.0,1
21444,63,Female,24.8,Atypical Angina,138.0,74.0,79.0,158.0,199.0,58.0,104.0,False,5.0,False,Normal,False,0.0,Flat,1.0,Normal,False,False,Low,1.0,0
70765,41,Male,29.8,Asymptomatic,127.0,85.0,76.0,169.0,220.0,51.0,97.0,True,6.8,True,Normal,,0.0,Flat,0.0,Normal,False,False,Low,5.0,1
86260,39,Female,23.5,Asymptomatic,123.0,84.0,68.0,183.0,195.0,59.0,80.0,False,5.5,False,Normal,,0.0,Up,0.0,Normal,False,True,High,3.0,0
49215,80,Male,38.2,Typical Angina,156.0,86.0,88.0,143.0,292.0,35.0,231.0,False,5.5,False,ST-T Wave Abnormality,True,0.0,Flat,3.0,Normal,False,False,Low,3.0,1
76075,44,Male,23.7,Atypical Angina,116.0,79.0,69.0,170.0,256.0,44.0,186.0,False,4.5,False,Normal,False,0.0,Up,1.0,Normal,False,False,High,6.0,0
70346,46,Male,25.3,Atypical Angina,101.0,75.0,63.0,199.0,163.0,47.0,,False,5.6,False,Normal,False,5.1,Flat,1.0,Normal,False,False,High,3.0,0
54109,80,Male,,Atypical Angina,148.0,79.0,82.0,142.0,186.0,39.0,116.0,False,6.1,False,Left Ventricular Hypertrophy,False,0.0,Flat,3.0,Normal,False,False,Low,7.0,1
79115,68,Female,23.8,Asymptomatic,138.0,92.0,63.0,168.0,229.0,54.0,151.0,False,5.4,False,Normal,True,0.0,Up,0.0,Normal,False,False,Moderate,5.0,1
9339,47,Female,28.4,Non-anginal Pain,133.0,84.0,65.0,206.0,204.0,58.0,127.0,False,5.4,False,Normal,False,0.0,Up,0.0,Normal,False,False,High,6.0,0
83832,32,Male,28.5,Non-anginal Pain,95.0,69.0,57.0,167.0,173.0,48.0,108.0,False,5.3,False,ST-T Wave Abnormality,False,0.0,Up,0.0,Fixed Defect,True,True,Moderate,7.0,0
35011,43,Male,21.4,Asymptomatic,100.0,60.0,88.0,154.0,247.0,42.0,186.0,False,5.4,False,Normal,False,0.6,Up,1.0,Normal,False,True,Low,7.0,0
24665,36,Female,30.3,Asymptomatic,97.0,61.0,60.0,184.0,223.0,52.0,153.0,False,5.1,False,Normal,False,0.0,Down,0.0,Normal,False,False,Moderate,3.0,0
25383,73,Male,29.9,Atypical Angina,139.0,83.0,63.0,146.0,,,,True,7.5,True,Left Ventricular Hypertrophy,False,1.8,Flat,0.0,Fixed Defect,False,False,High,3.0,1
25879,39,Male,22.2,Asymptomatic,117.0,81.0,58.0,187.0,146.0,,65.0,False,5.4,False,Normal,False,0.0,Up,0.0,Normal,False,False,High,7.0,0
24875,54,Male,30.7,Non-anginal Pain,148.0,93.0,73.0,167.0,194.0,54.0,129.0,True,8.9,True,Normal,False,0.0,Flat,0.0,Normal,False,True,Low,4.0,0
13522,59,Female,31.99,Atypical Angina,120.0,84.0,65.0,159.0,215.0,56.0,132.0,True,8.1,True,Normal,False,0.0,Up,1.0,Normal,False,False,Low,5.0,1
2081,48,Male,23.2,Atypical Angina,102.0,67.0,66.0,158.0,179.0,49.0,122.0,False,5.7,False,Normal,False,0.1,Flat,1.0,Normal,False,True,High,5.0,0
26048,51,Male,27.1,Asymptomatic,127.0,72.0,68.0,197.0,206.0,46.0,127.0,False,4.7,False,Normal,True,1.9,Up,1.0,,False,False,Moderate,9.0,0
8793,78,Male,21.7,Non-anginal Pain,140.0,83.0,69.0,137.0,203.0,47.0,133.0,False,5.6,False,Normal,False,0.8,Up,0.0,Normal,True,False,Low,4.0,1
50120,38,Male,26.7,Atypical Angina,120.0,78.0,66.0,192.0,167.0,48.0,95.0,False,4.7,False,,False,0.0,Up,0.0,Normal,False,False,High,4.0,0
5333,41,Male,25.3,Atypical Angina,103.0,66.0,80.0,163.0,177.0,24.0,137.0,False,5.8,False,Normal,False,0.0,Flat,0.0,Reversible Defect,True,False,Low,8.0,0
46484,50,Male,21.5,Asymptomatic,128.0,94.0,69.0,191.0,215.0,60.0,124.0,False,5.0,False,ST-T Wave Abnormality,False,0.0,Up,0.0,Normal,True,False,Moderate,4.0,0
36143,47,Male,25.3,Asymptomatic,103.0,69.0,66.0,170.0,143.0,34.0,102.0,False,5.6,False,Normal,False,0.0,Up,0.0,Normal,True,True,Low,2.0,0
71390,40,Female,18.3,Non-anginal Pain,94.0,68.0,73.0,178.0,251.0,55.0,154.0,False,5.6,False,Normal,False,0.8,Flat,0.0,Normal,False,False,Moderate,9.0,0
49038,58,Male,24.2,Non-anginal Pain,109.0,74.0,75.0,170.0,218.0,52.0,150.0,False,,False,Normal,False,0.0,Flat,2.0,Normal,False,False,High,8.0,0
7295,67,Male,16.3,Non-anginal Pain,119.0,72.0,55.0,151.0,288.0,65.0,76.0,False,5.4,False,Normal,True,0.0,Flat,0.0,Normal,False,False,High,1.0,0
86184,44,Female,29.8,Non-anginal Pain,125.0,79.0,76.0,177.0,193.0,45.0,129.0,False,4.4,False,Normal,False,0.0,Up,0.0,Normal,False,False,High,8.0,0
26109,65,Male,32.5,Atypical Angina,145.0,80.0,86.0,126.0,244.0,,91.0,True,6.8,True,Normal,True,,Flat,1.0,Normal,False,True,Low,2.0,1
39365,79,Female,30.5,Typical Angina,151.0,89.0,79.0,145.0,176.0,22.0,97.0,True,5.8,False,Normal,False,4.8,Flat,1.0,Normal,False,False,Low,8.0,1
37741,76,Female,27.6,Atypical Angina,133.0,85.0,72.0,146.0,197.0,50.0,118.0,False,5.7,False,Normal,False,0.0,Flat,1.0,Normal,False,False,Low,8.0,1
67508,52,Male,26.65,Atypical Angina,98.0,77.0,77.0,171.0,,27.0,165.0,False,,False,Normal,False,1.3,Up,3.0,Normal,False,False,Low,6.0,0
51876,39,Female,21.56,Non-anginal Pain,119.0,74.0,76.0,158.0,,48.0,122.0,False,5.1,False,Normal,False,0.0,Up,0.0,Normal,False,False,Low,4.0,0
80245,48,Male,25.4,Asymptomatic,99.0,69.0,66.0,173.0,171.0,58.0,97.0,False,5.5,False,Normal,False,0.0,Up,1.0,Normal,False,False,Moderate,7.0,0
97807,49,Female,27.0,Non-anginal Pain,116.0,69.0,,173.0,146.0,44.0,,False,4.9,False,Normal,False,0.0,Up,1.0,Normal,False,False,Low,3.0,0
5227,63,Female,35.7,Asymptomatic,118.0,77.0,86.0,171.0,223.0,43.0,163.0,False,5.4,False,Normal,False,0.0,Flat,0.0,Normal,,True,Low,7.0,1
72288,37,Female,21.11,Typical Angina,110.0,74.0,64.0,186.0,167.0,53.0,100.0,False,4.9,False,Normal,False,1.1,Up,0.0,Normal,False,True,High,4.0,0
2058,38,Male,21.0,Non-anginal Pain,92.0,71.0,64.0,179.0,193.0,50.0,126.0,False,5.7,False,Normal,False,0.6,Up,1.0,Normal,True,True,Moderate,4.0,0
1499,56,Male,32.9,Asymptomatic,122.0,73.0,76.0,156.0,236.0,61.0,136.0,False,5.2,False,Normal,False,0.8,Up,0.0,Fixed Defect,False,True,Moderate,6.0,0
44126,64,Female,32.7,Asymptomatic,118.0,,,167.0,,,,False,5.7,True,Normal,False,0.0,Up,2.0,Normal,False,True,Moderate,6.0,0
94575,37,Female,32.6,Asymptomatic,126.0,75.0,67.0,168.0,145.0,39.0,82.0,False,5.3,False,Normal,False,0.0,Up,0.0,Normal,False,False,Low,1.0,0
1143,73,Male,27.9,Asymptomatic,146.0,82.0,67.0,136.0,263.0,34.0,153.0,False,5.4,False,Normal,False,0.0,Up,1.0,Normal,True,False,Low,9.0,1
26803,39,Male,27.61,Non-anginal Pain,105.0,64.0,65.0,177.0,203.0,56.0,107.0,False,5.7,False,Normal,False,0.0,Up,0.0,Normal,True,True,Moderate,5.0,0
72243,50,Female,20.0,Asymptomatic,125.0,74.0,57.0,163.0,161.0,49.0,103.0,False,5.6,False,Normal,False,0.0,Up,0.0,Reversible Defect,True,False,High,4.0,0
49248,45,Female,30.8,Asymptomatic,121.0,75.0,,172.0,221.0,,137.0,False,,False,Normal,True,0.7,Up,0.0,Normal,False,False,High,6.0,0
93407,46,Male,28.6,Non-anginal Pain,130.0,82.0,61.0,190.0,213.0,40.0,152.0,False,,False,Normal,False,0.2,Up,0.0,Normal,True,False,High,8.0,0
91860,52,Male,21.7,Asymptomatic,98.0,64.0,65.0,180.0,166.0,38.0,104.0,True,8.3,True,Normal,False,0.0,Up,0.0,Normal,False,True,Moderate,4.0,0
86275,44,Male,30.4,Non-anginal Pain,109.0,67.0,71.0,171.0,185.0,52.0,105.0,False,5.4,False,,False,0.0,Up,0.0,Normal,False,False,Moderate,8.0,0
95870,39,Female,30.5,Asymptomatic,127.0,79.0,87.0,174.0,,,,False,5.0,False,Normal,True,0.8,Flat,0.0,Normal,True,True,Moderate,5.0,0
92986,77,Female,30.2,Asymptomatic,135.0,99.0,77.0,152.0,,,,False,5.1,False,Normal,False,0.0,Up,0.0,Normal,False,False,Low,6.0,0
1802,37,Male,23.1,Typical Angina,108.0,81.0,117.0,186.0,128.0,41.0,62.0,True,5.6,False,Left Ventricular Hypertrophy,False,0.0,Up,0.0,,True,False,Moderate,3.0,0
90389,72,Male,20.8,Non-anginal Pain,133.0,88.0,76.0,142.0,172.0,58.0,92.0,False,5.0,False,Normal,False,0.0,Up,0.0,Normal,False,False,Moderate,5.0,0
31773,87,Male,,Typical Angina,129.0,79.0,78.0,132.0,184.0,33.0,126.0,True,6.5,True,Left Ventricular Hypertrophy,False,0.0,Up,1.0,Reversible Defect,False,False,Low,5.0,1
58029,65,Female,32.4,Atypical Angina,138.0,86.0,81.0,,240.0,52.0,138.0,False,5.6,False,Normal,False,0.0,Flat,0.0,Reversible Defect,False,False,Moderate,6.0,1
81001,64,Female,32.1,Non-anginal Pain,141.0,82.0,78.0,159.0,218.0,44.0,163.0,False,5.4,False,ST-T Wave Abnormality,True,0.0,Flat,0.0,Normal,False,False,Moderate,6.0,1
9726,60,Female,23.2,Atypical Angina,125.0,82.0,79.0,152.0,,58.0,106.0,False,4.7,False,Normal,False,0.2,Up,2.0,Normal,False,True,Moderate,8.0,1
73500,47,Male,18.7,Atypical Angina,125.0,73.0,76.0,168.0,151.0,35.0,99.0,False,4.8,False,ST-T Wave Abnormality,False,0.0,Down,0.0,Normal,True,False,Low,5.0,0
11962,39,Male,23.55,Non-anginal Pain,112.0,71.0,62.0,,204.0,39.0,133.0,False,5.7,False,Normal,False,0.0,Down,0.0,Normal,False,True,Moderate,5.0,0
1833,45,Female,25.0,Atypical Angina,109.0,77.0,74.0,174.0,232.0,60.0,118.0,False,5.2,False,Normal,False,1.9,Flat,0.0,Normal,False,False,Moderate,5.0,0
87737,78,Male,27.17,Non-anginal Pain,148.0,88.0,58.0,140.0,186.0,52.0,88.0,True,,True,,False,,Flat,3.0,Reversible Defect,True,False,High,5.0,1
3781,82,Male,25.55,Atypical Angina,161.0,88.0,77.0,142.0,315.0,51.0,219.0,False,5.2,False,Left Ventricular Hypertrophy,False,0.0,Down,3.0,Fixed Defect,False,False,Moderate,5.0,1
35770,61,Male,24.2,Non-anginal Pain,141.0,80.0,72.0,162.0,170.0,44.0,109.0,True,7.4,True,Left Ventricular Hypertrophy,False,,Up,0.0,Normal,False,True,High,3.0,0
94233,40,Female,30.9,Non-anginal Pain,107.0,72.0,74.0,167.0,161.0,42.0,91.0,False,5.1,False,Normal,False,0.0,Up,1.0,Normal,True,False,Moderate,7.0,1
33078,39,Male,30.4,Asymptomatic,124.0,82.0,70.0,173.0,181.0,48.0,98.0,False,5.4,False,Normal,False,0.0,Flat,0.0,Reversible Defect,True,False,Low,8.0,0
93658,50,Male,28.25,Non-anginal Pain,117.0,74.0,76.0,202.0,229.0,38.0,181.0,False,4.5,False,Normal,False,0.0,Up,0.0,Normal,False,False,Moderate,7.0,0
55841,63,Male,24.1,Atypical Angina,119.0,67.0,65.0,175.0,161.0,,94.0,False,4.9,False,Normal,False,,Flat,0.0,Normal,True,True,High,4.0,0
45584,72,Female,21.7,Atypical Angina,118.0,80.0,64.0,156.0,272.0,56.0,158.0,False,4.8,False,Normal,True,0.5,Up,0.0,Normal,False,True,Moderate,5.0,0
68026,64,Male,24.5,Atypical Angina,113.0,75.0,83.0,168.0,,41.0,100.0,False,,False,ST-T Wave Abnormality,False,0.5,Flat,0.0,Normal,False,True,Low,2.0,0
93388,51,Male,24.0,Asymptomatic,109.0,63.0,62.0,167.0,221.0,38.0,163.0,False,5.3,False,Normal,False,3.0,Flat,0.0,Reversible Defect,False,False,Moderate,7.0,0
86364,72,Female,27.98,Non-anginal Pain,134.0,89.0,72.0,144.0,224.0,60.0,124.0,False,5.6,False,Normal,,0.3,Flat,3.0,Normal,False,False,Moderate,2.0,1
12083,67,Female,30.13,Non-anginal Pain,131.0,88.0,84.0,151.0,186.0,30.0,110.0,True,5.8,False,Normal,False,0.0,Flat,0.0,,False,False,Low,7.0,0
42388,74,Male,29.7,Typical Angina,124.0,83.0,64.0,159.0,164.0,57.0,101.0,False,5.6,False,ST-T Wave Abnormality,False,0.5,Up,1.0,Normal,False,True,High,2.0,1
83444,51,Female,19.8,Asymptomatic,104.0,73.0,73.0,174.0,,54.0,100.0,False,5.1,False,Normal,False,0.0,Up,0.0,Normal,False,True,Moderate,6.0,0
60436,59,Male,28.82,Atypical Angina,109.0,82.0,63.0,163.0,147.0,42.0,94.0,False,,False,Normal,False,0.0,Up,1.0,Normal,False,False,Moderate,1.0,1
88523,71,Female,,Asymptomatic,109.0,67.0,66.0,157.0,204.0,62.0,112.0,False,,False,Normal,False,0.0,Up,1.0,Normal,False,False,,5.0,0
96301,60,Male,25.1,Non-anginal Pain,138.0,90.0,80.0,158.0,188.0,45.0,129.0,True,6.7,True,Normal,False,0.0,Flat,1.0,Normal,False,False,Low,5.0,1
65438,60,Female,25.4,Non-anginal Pain,122.0,79.0,75.0,158.0,189.0,45.0,,False,5.8,False,ST-T Wave Abnormality,False,0.2,Up,2.0,Normal,False,False,Low,5.0,1
91920,66,Male,26.8,Asymptomatic,136.0,81.0,77.0,163.0,248.0,39.0,174.0,False,4.9,False,ST-T Wave Abnormality,False,0.0,Up,1.0,Normal,False,False,Low,9.0,1
79101,37,Female,29.99,Non-anginal Pain,117.0,72.0,64.0,185.0,184.0,47.0,119.0,False,5.2,False,ST-T Wave Abnormality,False,0.2,Flat,0.0,Normal,False,False,High,5.0,0
33205,81,Female,31.2,Non-anginal Pain,166.0,94.0,84.0,121.0,218.0,63.0,119.0,True,6.4,True,ST-T Wave Abnormality,True,1.2,Down,1.0,Reversible Defect,False,,Low,4.0,1
34870,48,Male,29.6,Non-anginal Pain,90.0,57.0,65.0,173.0,161.0,40.0,94.0,False,4.8,False,Normal,False,0.0,Up,0.0,Normal,True,True,Low,4.0,0
9607,70,Female,27.3,Non-anginal Pain,144.0,82.0,71.0,162.0,177.0,46.0,,False,5.9,False,Normal,False,0.5,Down,1.0,Reversible Defect,False,False,Moderate,5.0,0
32287,52,Female,22.8,Non-anginal Pain,100.0,73.0,66.0,175.0,185.0,58.0,112.0,False,6.1,False,Normal,False,0.0,Up,0.0,Normal,False,False,High,8.0,0
13929,74,Female,31.8,Atypical Angina,143.0,90.0,82.0,120.0,233.0,54.0,,True,7.4,True,Left Ventricular Hypertrophy,True,2.4,Flat,2.0,Fixed Defect,False,False,Low,4.0,1
87069,78,Male,,Non-anginal Pain,152.0,93.0,73.0,134.0,214.0,27.0,148.0,False,6.2,False,Left Ventricular Hypertrophy,False,0.0,Flat,1.0,Normal,True,True,Low,4.0,1
93120,50,Male,30.3,Typical Angina,114.0,76.0,66.0,134.0,140.0,41.0,82.0,False,5.9,False,Normal,True,0.9,Down,1.0,Normal,False,False,Moderate,5.0,1
45750,65,Male,36.2,Typical Angina,135.0,91.0,89.0,149.0,222.0,43.0,108.0,True,7.7,True,Normal,False,0.0,Flat,0.0,Normal,False,True,Low,4.0,1
43140,59,Female,31.9,Asymptomatic,137.0,93.0,68.0,127.0,239.0,47.0,127.0,False,5.7,False,,False,0.0,Down,0.0,Normal,False,True,Moderate,8.0,0
4562,50,Female,24.8,Non-anginal Pain,98.0,76.0,58.0,170.0,167.0,65.0,90.0,False,4.7,False,Normal,True,0.0,Flat,0.0,Normal,False,False,High,7.0,0
88485,69,Male,25.8,Non-anginal Pain,124.0,76.0,63.0,120.0,175.0,49.0,102.0,False,5.9,False,Normal,True,1.5,,1.0,,True,True,Moderate,5.0,1
59549,51,Male,24.3,Non-anginal Pain,109.0,81.0,81.0,175.0,261.0,52.0,156.0,False,5.7,False,Normal,False,,Flat,0.0,Normal,False,False,Moderate,5.0,1
14867,68,Male,35.68,Asymptomatic,140.0,96.0,80.0,150.0,251.0,45.0,192.0,False,5.2,False,Normal,False,0.0,Flat,1.0,,False,True,Low,5.0,0
60611,58,Male,27.8,Atypical Angina,136.0,80.0,65.0,163.0,202.0,61.0,132.0,True,8.6,True,Left Ventricular Hypertrophy,False,0.0,Up,0.0,Normal,False,True,High,4.0,1
58411,43,Female,19.4,Typical Angina,111.0,72.0,74.0,165.0,158.0,52.0,93.0,False,4.9,False,Normal,False,0.0,Up,0.0,Normal,False,False,Low,6.0,0
75528,57,Male,31.9,Non-anginal Pain,118.0,76.0,74.0,165.0,292.0,38.0,86.0,False,7.0,True,Normal,False,0.0,Flat,0.0,Normal,False,False,Moderate,6.0,1
55087,67,Male,31.3,Non-anginal Pain,198.0,118.0,80.0,162.0,201.0,47.0,144.0,,6.8,True,Normal,False,0.0,Up,2.0,Normal,False,False,Low,4.0,1
83902,81,Female,22.8,Atypical Angina,144.0,89.0,72.0,155.0,312.0,55.0,221.0,False,5.4,False,Normal,False,1.1,Flat,1.0,Reversible Defect,False,True,,2.0,1
23190,75,Male,28.7,Atypical Angina,132.0,83.0,79.0,168.0,185.0,39.0,133.0,False,5.4,False,Normal,False,1.0,Up,2.0,Normal,False,False,Low,9.0,1
14095,62,Male,28.0,Atypical Angina,124.0,79.0,62.0,146.0,215.0,31.0,152.0,False,5.2,False,Normal,False,0.0,Flat,1.0,Normal,True,False,Moderate,3.0,1
39333,52,Female,30.1,Asymptomatic,125.0,84.0,78.0,148.0,160.0,45.0,88.0,False,4.7,False,Left Ventricular Hypertrophy,False,0.8,Flat,2.0,Fixed Defect,False,False,Moderate,8.0,1
90307,40,Male,24.31,Typical Angina,114.0,72.0,67.0,170.0,173.0,38.0,93.0,False,5.0,False,Normal,True,0.0,Flat,0.0,Normal,True,False,Moderate,6.0,1
46132,81,Female,30.3,Asymptomatic,139.0,87.0,70.0,143.0,204.0,28.0,155.0,False,5.6,False,Left Ventricular Hypertrophy,False,0.0,Up,1.0,Normal,True,True,Moderate,7.0,1
49133,40,Male,21.3,Asymptomatic,94.0,63.0,60.0,200.0,165.0,51.0,75.0,False,5.2,False,Normal,False,0.0,Up,0.0,Fixed Defect,False,False,Moderate,3.0,0
34489,64,Male,22.4,Non-anginal Pain,124.0,70.0,97.0,153.0,212.0,49.0,122.0,False,5.6,False,Normal,False,0.0,Flat,0.0,Normal,False,False,Low,10.0,0
24833,38,Male,,Asymptomatic,106.0,78.0,71.0,175.0,193.0,33.0,137.0,False,5.3,False,Normal,False,0.0,Up,0.0,Normal,False,True,Low,1.0,0
2198,39,Male,22.6,Asymptomatic,124.0,68.0,63.0,170.0,125.0,44.0,77.0,False,4.7,False,Normal,True,0.0,Flat,0.0,Normal,True,False,High,6.0,0
98329,47,Female,24.7,Non-anginal Pain,124.0,74.0,67.0,176.0,239.0,60.0,,False,4.9,False,Normal,False,0.0,Flat,1.0,Normal,True,False,Moderate,1.0,0
93567,55,Male,21.9,Non-anginal Pain,112.0,70.0,54.0,169.0,178.0,62.0,108.0,False,5.1,False,Normal,False,0.0,Up,2.0,Normal,True,True,High,5.0,0
86324,55,Male,24.8,Non-anginal Pain,125.0,87.0,88.0,155.0,213.0,41.0,146.0,False,5.9,False,Normal,True,1.7,Up,0.0,Normal,False,True,Low,5.0,0
33895,78,Male,37.5,Asymptomatic,141.0,76.0,99.0,136.0,,55.0,240.0,False,5.8,False,,False,0.0,Up,2.0,Normal,False,False,High,6.0,1
33055,73,Female,30.3,Non-anginal Pain,138.0,86.0,69.0,119.0,329.0,,260.0,True,5.8,True,ST-T Wave Abnormality,False,0.0,Up,3.0,Normal,False,False,Moderate,8.0,1
96229,70,Female,28.1,Atypical Angina,129.0,90.0,70.0,140.0,218.0,47.0,144.0,True,7.4,True,Normal,False,0.0,Up,3.0,Normal,False,False,Moderate,3.0,1
59597,65,Male,28.5,Asymptomatic,121.0,72.0,81.0,148.0,164.0,39.0,,False,6.2,True,,False,1.8,Flat,2.0,Normal,True,False,Low,4.0,1
23651,45,Female,25.1,Non-anginal Pain,101.0,73.0,71.0,188.0,207.0,47.0,151.0,False,5.4,False,Normal,False,0.2,Up,0.0,Fixed Defect,False,False,Moderate,5.0,0
38648,56,Male,21.0,Atypical Angina,132.0,71.0,77.0,134.0,207.0,41.0,146.0,False,5.4,False,ST-T Wave Abnormality,True,1.7,Flat,2.0,Normal,False,False,Low,4.0,1
73211,52,Female,22.8,Typical Angina,132.0,75.0,66.0,183.0,191.0,65.0,85.0,False,5.6,False,Normal,True,0.8,Up,0.0,Reversible Defect,False,False,High,7.0,0
15806,39,Male,21.0,Atypical Angina,121.0,69.0,69.0,161.0,173.0,45.0,92.0,False,4.8,False,Normal,False,0.0,Up,0.0,,True,False,High,10.0,0
75386,37,Female,20.7,Non-anginal Pain,98.0,69.0,64.0,179.0,201.0,50.0,105.0,False,5.2,False,Normal,False,2.1,Flat,0.0,Normal,False,True,Moderate,4.0,0
80492,31,Male,22.53,Typical Angina,106.0,73.0,62.0,182.0,218.0,52.0,148.0,True,5.7,False,Normal,True,0.4,Up,0.0,Normal,False,False,High,7.0,0
88064,76,Female,28.6,Atypical Angina,132.0,85.0,78.0,145.0,162.0,43.0,93.0,False,5.2,False,Normal,False,0.0,Up,1.0,Normal,False,False,Low,7.0,1
76573,87,Female,23.4,Asymptomatic,143.0,91.0,74.0,128.0,169.0,67.0,80.0,False,5.9,False,Normal,False,0.0,Up,1.0,Normal,False,False,High,4.0,0
11652,37,Male,,Asymptomatic,114.0,67.0,57.0,179.0,272.0,46.0,183.0,False,5.7,False,Normal,False,0.0,Up,0.0,Reversible Defect,False,True,Moderate,3.0,0
83578,40,Male,23.5,Asymptomatic,110.0,71.0,73.0,180.0,221.0,53.0,108.0,False,4.5,False,Normal,False,0.0,Up,0.0,Normal,False,False,High,6.0,0
17378,48,Male,31.2,Non-anginal Pain,,80.0,74.0,210.0,146.0,45.0,97.0,False,4.2,False,ST-T Wave Abnormality,True,0.4,Down,0.0,Reversible Defect,False,True,Moderate,5.0,0
59009,51,Male,22.9,Asymptomatic,101.0,73.0,84.0,163.0,238.0,49.0,162.0,True,5.4,False,Left Ventricular Hypertrophy,True,0.0,Flat,0.0,Normal,False,False,Moderate,6.0,0
32664,56,Male,27.5,Asymptomatic,121.0,83.0,78.0,158.0,192.0,50.0,105.0,True,6.0,False,Normal,False,0.2,Up,1.0,Normal,False,True,Low,7.0,0
14045,67,Male,25.3,Non-anginal Pain,139.0,84.0,67.0,152.0,169.0,45.0,84.0,False,5.3,False,Left Ventricular Hypertrophy,False,0.0,Up,0.0,Reversible Defect,False,False,Low,1.0,1
47045,68,Male,27.3,Non-anginal Pain,109.0,78.0,74.0,163.0,179.0,39.0,118.0,False,5.6,False,Normal,False,0.0,Up,0.0,Normal,True,False,Moderate,4.0,0
44718,45,Male,,Atypical Angina,108.0,77.0,74.0,191.0,173.0,,100.0,False,,False,ST-T Wave Abnormality,False,0.7,Up,0.0,Fixed Defect,True,False,High,5.0,0
98131,45,Male,28.4,Non-anginal Pain,123.0,73.0,66.0,160.0,202.0,33.0,157.0,False,5.2,False,Normal,False,0.0,Up,0.0,Reversible Defect,True,False,Moderate,6.0,0
73273,36,Male,,Atypical Angina,107.0,76.0,50.0,188.0,129.0,40.0,,False,4.9,False,Normal,False,0.0,Flat,1.0,Normal,True,False,Moderate,6.0,0
81951,76,Female,26.9,Non-anginal Pain,136.0,,73.0,141.0,157.0,43.0,95.0,True,9.8,True,Normal,False,0.5,Up,0.0,,False,False,Low,5.0,0
20620,65,Female,,Atypical Angina,118.0,81.0,64.0,176.0,205.0,43.0,114.0,False,5.3,False,Normal,False,1.1,Down,1.0,Normal,False,False,Low,5.0,0
696,82,Female,26.1,Asymptomatic,131.0,82.0,,142.0,196.0,42.0,143.0,True,8.6,True,Normal,False,0.0,Down,1.0,Normal,False,False,Moderate,6.0,0
23648,68,Male,24.6,Atypical Angina,135.0,86.0,83.0,140.0,,58.0,123.0,False,4.7,False,Normal,False,0.0,Flat,0.0,Normal,False,False,Low,8.0,0
89850,32,Female,26.7,Non-anginal Pain,100.0,73.0,58.0,210.0,182.0,58.0,103.0,False,4.9,False,Normal,False,0.0,Up,0.0,Reversible Defect,False,True,High,4.0,0
79264,46,Male,40.0,Non-anginal Pain,123.0,73.0,77.0,174.0,151.0,34.0,93.0,False,5.8,False,ST-T Wave Abnormality,False,0.0,Up,0.0,Normal,False,False,Low,,0
46134,75,Male,28.5,Atypical Angina,131.0,76.0,77.0,137.0,145.0,44.0,79.0,False,5.5,False,Normal,False,0.0,Up,1.0,Normal,True,True,Moderate,6.0,0
84627,55,Female,20.9,Non-anginal Pain,107.0,62.0,65.0,184.0,199.0,54.0,113.0,False,5.3,False,Normal,False,0.0,Up,0.0,Normal,False,False,Moderate,7.0,0
33051,42,Female,23.7,Asymptomatic,110.0,62.0,70.0,149.0,280.0,36.0,232.0,False,4.5,False,Normal,True,0.0,Up,0.0,Normal,True,False,Moderate,2.0,0
62571,43,Male,22.5,Typical Angina,113.0,80.0,81.0,180.0,179.0,37.0,121.0,True,5.3,False,Normal,False,2.0,Flat,0.0,Normal,True,True,Moderate,5.0,0
79952,49,Female,33.7,Atypical Angina,103.0,73.0,60.0,166.0,175.0,52.0,96.0,False,5.4,False,ST-T Wave Abnormality,False,0.0,Up,0.0,Normal,False,False,High,4.0,0
3312,41,Male,25.3,Asymptomatic,114.0,78.0,78.0,165.0,204.0,43.0,119.0,False,4.8,False,ST-T Wave Abnormality,False,0.3,Down,0.0,Reversible Defect,False,True,Moderate,7.0,1
66844,81,Male,32.5,Atypical Angina,158.0,87.0,96.0,145.0,233.0,37.0,149.0,False,5.8,False,Normal,False,0.1,Up,3.0,Fixed Defect,False,False,Low,6.0,1
10407,59,Female,33.74,Non-anginal Pain,125.0,78.0,76.0,152.0,245.0,49.0,154.0,False,5.2,False,Normal,False,0.0,Flat,0.0,Normal,False,False,Low,5.0,0
15290,72,Male,39.4,Non-anginal Pain,142.0,83.0,74.0,154.0,246.0,38.0,163.0,True,7.8,True,Normal,False,0.2,Up,0.0,Normal,False,False,Moderate,6.0,1
72789,58,Female,23.17,Asymptomatic,135.0,90.0,79.0,146.0,203.0,53.0,121.0,False,5.5,False,Normal,False,1.2,Flat,0.0,Normal,False,False,Low,9.0,0
65457,58,Male,28.4,Typical Angina,136.0,89.0,69.0,133.0,146.0,29.0,98.0,False,,False,Normal,False,0.0,Up,0.0,Normal,False,False,Low,5.0,1
64798,70,Female,,Atypical Angina,131.0,78.0,72.0,131.0,236.0,,127.0,False,5.3,False,Normal,True,1.1,Flat,1.0,Fixed Defect,False,True,Low,8.0,1
42160,56,Male,33.6,Atypical Angina,132.0,87.0,64.0,169.0,207.0,,123.0,False,5.1,False,Normal,False,0.0,Up,2.0,Normal,False,False,High,8.0,0
18853,47,Male,33.5,Atypical Angina,132.0,79.0,83.0,192.0,103.0,22.0,,False,5.6,False,ST-T Wave Abnormality,True,0.0,Flat,0.0,Reversible Defect,False,False,Moderate,7.0,0
74444,47,Male,36.92,Non-anginal Pain,105.0,85.0,55.0,181.0,201.0,48.0,126.0,False,5.8,False,Normal,False,,Flat,0.0,,False,False,Moderate,3.0,0
26570,59,Female,35.7,Non-anginal Pain,135.0,91.0,75.0,146.0,199.0,34.0,132.0,False,,False,Normal,True,1.6,Up,0.0,Reversible Defect,False,False,Moderate,5.0,0
35530,45,Male,22.5,Asymptomatic,107.0,81.0,69.0,201.0,222.0,57.0,131.0,False,5.0,False,Normal,False,0.0,Flat,0.0,Fixed defect,False,False,High,2.0,0
43785,58,Male,33.1,Asymptomatic,136.0,88.0,75.0,170.0,258.0,45.0,175.0,True,6.3,True,Normal,False,0.7,Flat,0.0,Normal,False,True,Moderate,4.0,0
50235,68,Female,29.1,Atypical Angina,130.0,94.0,87.0,142.0,322.0,51.0,249.0,False,5.5,,,True,1.9,Flat,3.0,Reversible Defect,False,True,Moderate,9.0,1
14169,73,Male,26.3,Asymptomatic,166.0,97.0,80.0,161.0,164.0,47.0,79.0,False,5.4,False,Normal,True,0.0,Up,0.0,Normal,False,True,Moderate,5.0,0
34629,72,Male,28.0,Non-anginal Pain,141.0,91.0,75.0,141.0,298.0,50.0,,False,5.4,False,Normal,False,0.0,Flat,0.0,Reversible Defect,False,False,Low,7.0,1
72331,36,Male,30.4,Non-anginal Pain,114.0,76.0,75.0,182.0,155.0,,100.0,False,5.2,False,,False,1.0,Flat,0.0,Normal,True,True,Moderate,3.0,0
16719,76,Female,26.4,Atypical Angina,,88.0,72.0,132.0,172.0,56.0,106.0,False,5.4,False,Normal,False,0.0,Up,0.0,Reversible Defect,False,False,Moderate,5.0,0
30838,61,Male,27.76,Typical Angina,119.0,72.0,68.0,126.0,165.0,35.0,92.0,False,5.2,False,Normal,,0.0,Flat,3.0,Normal,False,False,Moderate,1.0,1
87545,66,Female,21.4,Atypical Angina,129.0,83.0,70.0,144.0,201.0,57.0,,False,5.8,False,Normal,False,1.9,Flat,0.0,Normal,False,False,Moderate,5.0,0
86457,32,Female,28.0,Non-anginal Pain,124.0,73.0,61.0,199.0,249.0,74.0,147.0,False,4.6,False,ST-T Wave Abnormality,True,1.6,Flat,0.0,Reversible Defect,False,True,High,7.0,1
64448,73,Female,32.1,Atypical Angina,128.0,75.0,85.0,132.0,173.0,40.0,98.0,False,6.1,True,Normal,False,2.7,Flat,0.0,Normal,True,False,Low,4.0,0
90938,51,Male,,Asymptomatic,118.0,69.0,71.0,177.0,202.0,50.0,95.0,True,7.5,True,Normal,False,0.0,Up,2.0,Normal,False,False,Moderate,6.0,0
4499,57,Female,37.7,Typical Angina,137.0,82.0,86.0,160.0,,,,True,7.9,True,ST-T Wave Abnormality,False,2.5,Flat,0.0,Normal,False,False,Low,5.0,1
81295,63,Male,22.53,Asymptomatic,135.0,80.0,65.0,169.0,152.0,37.0,86.0,True,9.3,True,Normal,False,4.9,Flat,2.0,Normal,True,True,Moderate,6.0,1
82312,56,Male,31.09,Non-anginal Pain,140.0,82.0,77.0,163.0,230.0,33.0,156.0,False,4.6,False,Normal,False,0.8,Up,1.0,Normal,False,False,High,4.0,1
95979,76,Female,27.6,Asymptomatic,,82.0,77.0,152.0,223.0,52.0,131.0,False,5.4,False,Normal,False,0.0,Flat,0.0,Normal,False,True,Moderate,5.0,0
50288,64,Female,22.4,Typical Angina,119.0,77.0,63.0,148.0,,,115.0,True,7.7,True,Normal,False,0.0,Flat,1.0,Reversible Defect,False,False,Moderate,4.0,0
15354,46,Male,29.5,Asymptomatic,103.0,63.0,64.0,163.0,155.0,36.0,89.0,True,7.7,True,Normal,False,0.0,Up,1.0,Reversible Defect,False,False,High,9.0,0
57344,64,Male,39.8,Asymptomatic,107.0,74.0,74.0,173.0,193.0,62.0,100.0,False,5.0,False,Normal,False,0.0,Flat,0.0,Normal,False,,High,6.0,0
58952,39,Male,27.1,Asymptomatic,119.0,82.0,69.0,180.0,153.0,40.0,109.0,False,5.4,False,Left Ventricular Hypertrophy,True,1.8,Up,0.0,Normal,True,False,Moderate,,0
29719,50,Male,29.23,Typical Angina,137.0,93.0,80.0,192.0,350.0,53.0,245.0,False,5.9,False,Normal,True,0.0,Flat,0.0,Normal,False,True,Moderate,5.0,0
51716,53,Female,16.2,Typical Angina,132.0,95.0,86.0,168.0,283.0,53.0,175.0,False,5.0,False,ST-T Wave Abnormality,False,0.0,Up,0.0,Normal,True,True,Moderate,7.0,1
75029,71,Male,26.0,Asymptomatic,142.0,94.0,77.0,139.0,183.0,54.0,107.0,False,4.9,False,Normal,False,0.0,Flat,0.0,,False,True,Moderate,4.0,0
41065,31,Male,26.58,Typical Angina,100.0,69.0,79.0,154.0,178.0,51.0,86.0,True,5.6,False,Normal,True,1.1,Down,0.0,Normal,False,True,High,7.0,0
49310,42,Female,28.33,Non-anginal Pain,113.0,92.0,76.0,170.0,233.0,67.0,129.0,False,,False,Normal,False,0.2,Flat,0.0,Fixed Defect,False,False,Moderate,8.0,0
73286,74,Male,27.7,Non-anginal Pain,139.0,85.0,71.0,157.0,215.0,47.0,135.0,False,,False,Normal,True,0.4,Flat,1.0,Normal,True,False,Moderate,6.0,1
40703,71,Male,24.8,Non-anginal Pain,138.0,83.0,78.0,163.0,288.0,49.0,170.0,False,4.6,False,Normal,False,0.0,Up,0.0,Normal,False,False,Moderate,10.0,0
82531,63,Female,26.8,Non-anginal Pain,126.0,71.0,75.0,152.0,,,,True,6.0,False,Left Ventricular Hypertrophy,False,0.0,Flat,1.0,,False,True,Low,5.0,1
99172,44,Female,29.8,Non-anginal Pain,131.0,91.0,77.0,133.0,152.0,,78.0,False,5.1,,Left Ventricular Hypertrophy,True,2.7,Flat,0.0,Normal,False,False,Low,6.0,0
8592,35,male,25.37,Asymptomatic,90.0,61.0,,159.0,185.0,32.0,134.0,False,6.0,False,ST-T Wave Abnormality,False,0.1,Up,0.0,Normal,False,False,,7.0,0
39998,37,Male,24.3,Non-anginal Pain,105.0,69.0,63.0,210.0,195.0,50.0,78.0,False,5.4,False,Normal,False,0.0,Flat,1.0,Normal,False,True,High,5.0,0
19153,79,Male,22.7,Non-anginal Pain,134.0,85.0,75.0,148.0,260.0,24.0,196.0,False,5.6,False,Normal,False,0.0,Up,0.0,Normal,True,True,Moderate,4.0,1
47728,51,Female,31.53,Asymptomatic,131.0,89.0,67.0,169.0,219.0,53.0,136.0,False,6.0,False,Normal,False,0.0,Up,2.0,Normal,False,False,Low,9.0,0
99343,55,Male,27.0,Non-anginal Pain,119.0,77.0,79.0,164.0,174.0,43.0,95.0,False,5.8,False,Normal,True,1.1,Flat,2.0,Reversible Defect,True,True,Moderate,6.0,1
86258,70,Female,25.06,Asymptomatic,127.0,88.0,77.0,136.0,193.0,56.0,111.0,False,4.8,False,Normal,False,1.2,Flat,0.0,Normal,False,False,Moderate,4.0,0
75624,64,Male,27.8,Atypical Angina,142.0,80.0,64.0,141.0,182.0,38.0,,False,5.3,False,Normal,False,0.0,Up,3.0,Reversible Defect,True,False,Moderate,8.0,1
74637,73,Male,36.4,Non-anginal Pain,142.0,70.0,79.0,161.0,149.0,44.0,97.0,False,5.6,False,Normal,False,0.0,Up,0.0,Normal,False,True,Low,,1
25531,71,Male,28.9,Atypical Angina,131.0,72.0,76.0,142.0,169.0,44.0,121.0,True,5.9,True,Normal,True,1.5,,0.0,Normal,False,False,Low,3.0,1
48114,54,Female,28.0,Atypical Angina,130.0,89.0,76.0,166.0,177.0,66.0,86.0,False,5.4,False,Normal,False,0.8,Flat,0.0,Normal,False,False,High,6.0,1
7323,45,Female,24.4,Typical Angina,117.0,75.0,70.0,172.0,225.0,59.0,148.0,False,5.2,False,ST-T Wave Abnormality,True,0.6,Flat,0.0,Normal,False,True,Low,5.0,0
38380,60,Male,23.4,Atypical Angina,130.0,80.0,76.0,127.0,181.0,35.0,128.0,False,4.5,False,Normal,True,2.4,Up,1.0,Fixed Defect,False,False,Low,3.0,1
32779,70,Male,34.7,Asymptomatic,140.0,75.0,74.0,145.0,193.0,33.0,154.0,True,7.8,False,Left Ventricular Hypertrophy,False,0.8,Flat,0.0,Reversible Defect,False,False,Low,2.0,1
78699,64,Female,25.5,Typical Angina,108.0,65.0,67.0,144.0,213.0,63.0,97.0,False,5.5,False,Normal,True,0.0,Up,0.0,Reversible Defect,False,False,Moderate,6.0,0
75210,44,Male,20.5,Asymptomatic,119.0,78.0,59.0,175.0,172.0,57.0,73.0,False,5.0,False,Normal,False,0.8,Flat,0.0,Normal,False,True,Moderate,6.0,0
59550,85,Female,20.5,Non-anginal Pain,151.0,84.0,66.0,125.0,150.0,44.0,100.0,False,5.5,False,Normal,True,0.0,Down,0.0,Normal,False,False,Low,7.0,1
16658,65,Male,31.1,Asymptomatic,133.0,87.0,73.0,171.0,166.0,36.0,,False,4.8,False,Left Ventricular Hypertrophy,False,0.0,Up,0.0,Normal,True,False,Moderate,10.0,0
20316,32,Male,30.0,Non-anginal Pain,93.0,50.0,74.0,173.0,152.0,28.0,93.0,False,5.7,False,Normal,False,0.0,Up,0.0,Normal,False,True,Moderate,5.0,0
96746,71,Male,,Asymptomatic,153.0,84.0,72.0,124.0,142.0,33.0,81.0,True,10.3,True,Normal,False,0.0,Up,1.0,Normal,False,False,Low,8.0,1
67265,40,Female,20.5,Non-anginal Pain,96.0,71.0,65.0,201.0,205.0,41.0,144.0,False,5.6,False,Normal,False,0.0,Flat,0.0,Reversible Defect,False,False,Moderate,3.0,0
72708,76,Male,29.3,Non-anginal Pain,121.0,78.0,71.0,131.0,342.0,47.0,256.0,False,5.7,False,Normal,False,,Flat,0.0,Normal,False,False,Low,3.0,1
56652,60,Male,27.4,Typical Angina,130.0,91.0,76.0,129.0,158.0,47.0,,True,6.3,False,Normal,True,1.7,Flat,2.0,Fixed Defect,True,True,Moderate,5.0,1
2147,51,Male,25.8,Typical Angina,120.0,79.0,72.0,149.0,263.0,29.0,153.0,False,5.0,False,,False,0.0,Up,0.0,,True,True,Low,4.0,1
8332,88,Male,32.3,Non-anginal Pain,132.0,79.0,75.0,148.0,,26.0,119.0,False,5.6,False,Normal,True,0.0,Flat,0.0,Reversible Defect,False,False,Moderate,5.0,1
90725,70,Male,24.4,Asymptomatic,135.0,82.0,78.0,172.0,244.0,56.0,164.0,True,5.5,False,ST-T Wave Abnormality,True,0.0,Up,1.0,Normal,False,False,Moderate,4.0,0
73263,46,Male,21.9,Non-anginal Pain,106.0,78.0,74.0,183.0,140.0,64.0,62.0,False,5.0,False,Normal,False,,Up,0.0,Normal,False,False,High,5.0,0
35618,52,Male,27.0,Atypical Angina,110.0,66.0,66.0,175.0,305.0,51.0,212.0,False,4.5,False,,,0.0,Up,0.0,Normal,False,False,High,4.0,0
67663,35,Male,21.0,Atypical Angina,97.0,73.0,89.0,152.0,157.0,26.0,115.0,False,5.2,False,Normal,False,5.4,Flat,1.0,Normal,False,False,Low,6.0,0
92341,69,Male,31.7,Non-anginal Pain,111.0,64.0,75.0,123.0,173.0,,100.0,False,4.8,False,Normal,True,0.0,Up,0.0,Normal,True,False,Low,7.0,1
93301,31,Female,19.7,Non-anginal Pain,102.0,71.0,64.0,177.0,164.0,51.0,87.0,False,,False,Normal,True,0.4,Flat,0.0,Normal,False,False,High,3.0,0
34748,63,Male,24.5,Atypical Angina,122.0,69.0,70.0,179.0,190.0,44.0,112.0,False,5.2,False,Normal,True,0.0,Flat,2.0,Normal,True,False,High,4.0,0
87395,65,Female,33.42,Non-anginal Pain,107.0,60.0,77.0,158.0,201.0,41.0,116.0,True,5.5,False,Normal,False,0.0,Up,0.0,Normal,False,False,Low,2.0,0
10818,65,Male,22.6,Asymptomatic,118.0,83.0,64.0,160.0,154.0,38.0,108.0,False,4.9,False,Normal,False,0.0,Flat,0.0,Normal,True,False,Low,7.0,0
99724,73,Female,22.89,Atypical Angina,136.0,87.0,81.0,103.0,,35.0,136.0,False,6.0,False,,False,0.0,Up,2.0,Normal,False,False,Low,7.0,1
24686,63,Male,30.2,Non-anginal Pain,138.0,84.0,83.0,139.0,236.0,34.0,163.0,False,5.6,False,ST-T Wave Abnormality,False,0.4,Flat,2.0,Reversible Defect,False,False,Moderate,8.0,1
20449,72,Female,,Non-anginal Pain,149.0,85.0,73.0,146.0,257.0,54.0,169.0,False,6.3,False,Normal,True,0.3,Flat,0.0,Normal,False,False,Low,9.0,1
81403,31,Female,31.7,Asymptomatic,113.0,83.0,75.0,165.0,209.0,61.0,109.0,True,7.6,True,Normal,False,0.8,Up,0.0,Normal,False,False,High,8.0,0
83909,58,Female,,Asymptomatic,119.0,77.0,77.0,163.0,203.0,44.0,134.0,,5.1,False,Normal,False,0.0,Up,1.0,Normal,False,False,Low,4.0,0
78928,51,Female,24.0,Non-anginal Pain,123.0,78.0,54.0,194.0,263.0,75.0,166.0,False,4.9,False,Normal,False,0.4,Up,0.0,Normal,False,False,High,6.0,0
75860,45,Male,29.5,Asymptomatic,113.0,78.0,66.0,160.0,144.0,43.0,65.0,False,4.7,False,Normal,True,0.0,Up,0.0,Normal,False,True,Moderate,3.0,0
41311,50,Female,34.4,Typical Angina,123.0,78.0,81.0,124.0,187.0,43.0,120.0,,6.6,False,Normal,False,0.0,Flat,1.0,Normal,False,True,Low,2.0,0
93495,49,Female,23.9,Non-anginal Pain,104.0,66.0,75.0,177.0,180.0,59.0,73.0,False,5.9,False,Normal,False,0.0,Up,0.0,Normal,False,True,Moderate,6.0,0
87244,50,Male,26.3,Non-anginal Pain,122.0,83.0,69.0,163.0,157.0,50.0,85.0,False,5.0,False,ST-T Wave Abnormality,False,0.1,Flat,1.0,Normal,False,True,Moderate,4.0,0
87509,41,Male,27.1,Asymptomatic,99.0,63.0,67.0,180.0,164.0,51.0,94.0,False,4.9,False,Normal,False,0.0,Up,0.0,Normal,True,True,Low,3.0,0
70401,48,Female,29.1,Non-anginal Pain,128.0,71.0,63.0,176.0,200.0,59.0,96.0,False,5.5,False,ST-T Wave Abnormality,False,0.5,Flat,1.0,Fixed Defect,False,False,Moderate,8.0,1
65836,69,Female,26.7,Non-anginal Pain,125.0,85.0,72.0,127.0,,52.0,146.0,False,5.0,False,Normal,False,0.0,Up,1.0,Normal,False,False,Low,3.0,1
22155,48,Female,28.3,Atypical Angina,138.0,95.0,77.0,175.0,175.0,,95.0,False,5.4,False,Normal,True,0.9,Flat,0.0,Normal,True,False,Low,7.0,1
77875,65,Male,24.9,Atypical Angina,,74.0,68.0,134.0,262.0,53.0,155.0,False,5.6,False,Normal,False,0.0,Up,0.0,Normal,False,False,Low,1.0,0
74913,65,Female,24.96,Non-anginal Pain,143.0,88.0,70.0,134.0,266.0,49.0,162.0,False,5.0,False,Normal,True,2.8,Flat,1.0,Reversible Defect,False,False,Low,6.0,1
90013,38,Female,25.39,Atypical Angina,111.0,74.0,,179.0,137.0,37.0,,False,4.8,False,Normal,False,0.0,Up,0.0,Normal,False,False,Low,7.0,0
31766,50,Female,23.0,Asymptomatic,117.0,70.0,52.0,146.0,184.0,48.0,113.0,False,,False,Normal,False,0.0,Up,2.0,Normal,False,False,High,6.0,0
19949,31,Male,22.1,Non-anginal Pain,103.0,77.0,67.0,195.0,254.0,66.0,179.0,False,4.9,False,Left Ventricular Hypertrophy,False,0.0,Up,1.0,Reversible Defect,False,False,High,5.0,0
1880,53,Male,30.02,Asymptomatic,105.0,75.0,70.0,159.0,186.0,,104.0,False,5.4,False,Normal,False,0.0,Up,0.0,Fixed Defect,False,False,Moderate,6.0,0
30246,46,Male,23.59,Non-anginal Pain,105.0,81.0,60.0,,172.0,41.0,119.0,False,4.7,False,,False,0.0,Up,0.0,Normal,False,False,High,4.0,0
67456,61,Male,23.65,Asymptomatic,125.0,83.0,85.0,144.0,249.0,,178.0,False,5.6,False,ST-T Wave Abnormality,False,3.6,Flat,3.0,Normal,True,False,Moderate,7.0,1
86447,50,Male,20.8,Atypical Angina,108.0,72.0,68.0,189.0,117.0,44.0,49.0,False,5.4,False,Normal,False,0.0,Up,0.0,Normal,False,False,High,5.0,0
64045,38,Male,,Non-anginal Pain,130.0,87.0,78.0,183.0,105.0,35.0,58.0,False,5.8,False,ST-T Wave Abnormality,False,0.0,Up,0.0,Normal,False,False,Low,3.0,0
49110,31,Male,30.1,Non-anginal Pain,113.0,,60.0,193.0,221.0,47.0,143.0,False,4.8,False,Normal,False,5.5,Flat,0.0,Normal,False,True,Moderate,7.0,0
51616,73,Male,26.8,Asymptomatic,144.0,84.0,80.0,152.0,164.0,,85.0,False,5.0,False,Normal,False,0.0,Up,0.0,Normal,False,False,High,9.0,0
43842,36,Male,20.3,Non-anginal Pain,119.0,77.0,75.0,179.0,174.0,32.0,107.0,False,4.8,False,Normal,True,0.7,Flat,0.0,Normal,True,False,Moderate,5.0,0
54236,62,Female,30.2,Asymptomatic,121.0,86.0,56.0,162.0,194.0,45.0,83.0,True,8.7,True,Normal,False,0.0,Flat,0.0,Normal,True,True,Low,3.0,0
11723,54,Female,23.7,Atypical Angina,105.0,77.0,64.0,171.0,165.0,53.0,81.0,False,5.2,False,Normal,False,1.3,Flat,0.0,Normal,False,False,High,5.0,0
74700,47,Female,21.7,Asymptomatic,90.0,69.0,75.0,179.0,220.0,67.0,,True,9.1,True,Normal,False,0.0,Up,1.0,Normal,False,True,High,6.0,0
78198,74,Male,30.9,Asymptomatic,124.0,74.0,71.0,136.0,193.0,43.0,122.0,False,6.8,True,Normal,False,0.0,Flat,0.0,Normal,True,True,Moderate,3.0,0
6717,45,Male,17.8,Asymptomatic,99.0,69.0,71.0,195.0,142.0,42.0,80.0,False,5.4,False,Normal,False,4.8,Flat,0.0,Normal,False,False,Moderate,1.0,0
6281,45,Female,25.5,Asymptomatic,127.0,80.0,54.0,164.0,175.0,59.0,75.0,False,5.7,False,,False,0.0,Flat,1.0,Normal,False,False,High,7.0,0
98835,32,Female,24.5,Asymptomatic,107.0,76.0,65.0,169.0,213.0,43.0,104.0,False,5.0,False,Normal,False,0.0,Up,2.0,Normal,True,False,Moderate,6.0,0
35124,70,Male,26.18,Asymptomatic,120.0,79.0,73.0,132.0,191.0,39.0,126.0,False,6.0,False,ST-T Wave Abnormality,False,0.0,Flat,1.0,Normal,False,False,Low,6.0,0
56547,71,Male,24.1,Non-anginal Pain,133.0,79.0,69.0,125.0,209.0,,119.0,False,5.1,False,Normal,False,0.2,Up,2.0,Normal,False,True,Moderate,6.0,1
20793,62,Male,20.4,Typical Angina,125.0,77.0,74.0,160.0,125.0,52.0,55.0,False,5.5,False,Normal,False,0.0,Flat,0.0,,False,False,Low,4.0,1
44200,76,Female,28.97,Non-anginal Pain,,87.0,81.0,159.0,110.0,35.0,54.0,False,5.2,False,Normal,False,0.0,Up,2.0,Normal,False,False,Low,9.0,0
84185,49,Male,22.23,Typical Angina,116.0,76.0,58.0,195.0,158.0,46.0,91.0,False,6.9,True,Normal,False,0.4,Flat,0.0,Normal,False,False,High,6.0,0
89444,68,Female,25.0,Asymptomatic,140.0,81.0,76.0,115.0,209.0,55.0,128.0,False,5.4,False,ST-T Wave Abnormality,False,0.0,Up,3.0,Normal,False,True,Low,3.0,1
86926,66,Male,24.2,Typical Angina,140.0,85.0,67.0,160.0,198.0,60.0,87.0,False,4.5,False,ST-T Wave Abnormality,True,1.2,Flat,1.0,Normal,False,False,Moderate,5.0,1
97694,67,Male,28.3,Atypical Angina,139.0,82.0,67.0,129.0,205.0,50.0,131.0,False,5.7,False,Normal,False,0.0,Down,0.0,Fixed Defect,False,False,Moderate,8.0,0
86781,47,Male,26.6,Asymptomatic,113.0,76.0,79.0,157.0,161.0,59.0,73.0,True,4.7,False,Normal,False,0.0,Up,1.0,Reversible Defect,False,False,High,7.0,0
97263,45,Female,23.31,Asymptomatic,116.0,78.0,88.0,194.0,119.0,37.0,76.0,False,4.9,False,Left Ventricular Hypertrophy,False,0.0,Up,0.0,Normal,False,False,Low,10.0,0
49061,76,Male,24.5,Non-anginal Pain,128.0,85.0,69.0,128.0,177.0,41.0,79.0,True,9.4,,Left Ventricular Hypertrophy,False,1.0,Up,0.0,Normal,False,True,Moderate,2.0,1
713,60,Male,20.7,Asymptomatic,117.0,78.0,55.0,173.0,208.0,45.0,135.0,False,5.2,False,Normal,True,2.6,Flat,,Normal,False,True,Moderate,5.0,1
7678,73,Female,24.4,Typical Angina,149.0,82.0,92.0,135.0,300.0,61.0,151.0,True,6.4,True,ST-T Wave Abnormality,True,0.6,Flat,1.0,Normal,False,False,Low,8.0,1
36942,42,Male,19.6,Atypical Angina,135.0,93.0,75.0,164.0,205.0,51.0,119.0,False,4.3,False,Normal,True,0.9,Flat,3.0,Normal,False,False,Moderate,9.0,0
86732,59,Female,22.4,Non-anginal Pain,132.0,84.0,73.0,142.0,181.0,54.0,107.0,True,6.6,True,Normal,,0.0,Down,0.0,Normal,False,True,Moderate,5.0,0
85947,56,Male,27.7,Non-anginal Pain,111.0,71.0,78.0,151.0,,37.0,,False,5.9,False,Normal,False,0.0,Up,0.0,Normal,False,False,Low,7.0,0
78432,47,Female,30.8,Atypical Angina,117.0,86.0,80.0,162.0,150.0,49.0,69.0,False,4.9,False,Normal,False,0.0,Flat,0.0,Reversible Defect,False,True,Low,7.0,0
7808,54,Female,30.5,Atypical Angina,148.0,92.0,73.0,158.0,189.0,55.0,84.0,False,5.8,False,Normal,True,0.0,Flat,0.0,Normal,False,False,Low,10.0,0
73989,73,Male,27.6,,125.0,73.0,87.0,135.0,177.0,39.0,120.0,False,5.4,False,Normal,False,0.0,Flat,2.0,Normal,False,False,Low,4.0,0
75747,42,Female,32.54,Asymptomatic,126.0,74.0,73.0,160.0,201.0,41.0,136.0,False,5.8,False,Normal,False,0.1,Up,0.0,Normal,False,False,Low,8.0,1
28855,54,Male,24.3,Non-anginal Pain,114.0,86.0,72.0,210.0,133.0,33.0,72.0,False,6.7,True,ST-T Wave Abnormality,True,1.5,Down,0.0,Fixed Defect,True,False,High,2.0,0
62961,82,Female,,Typical Angina,133.0,72.0,76.0,125.0,165.0,,82.0,False,5.7,False,Normal,False,0.0,Up,2.0,Normal,False,False,Low,5.0,1
54741,29,Female,25.3,Non-anginal Pain,90.0,60.0,61.0,189.0,237.0,52.0,139.0,False,5.1,False,Normal,False,0.0,Up,0.0,Normal,False,False,High,2.0,0
80349,55,Male,30.8,Asymptomatic,125.0,71.0,78.0,134.0,,44.0,99.0,False,5.5,False,Normal,True,0.0,Flat,0.0,Normal,False,False,Low,3.0,1
80553,50,Female,24.8,Non-anginal Pain,125.0,71.0,85.0,140.0,130.0,56.0,,False,5.9,False,Normal,True,0.0,Flat,3.0,Normal,False,False,Low,5.0,0
49091,51,Male,28.2,Asymptomatic,121.0,74.0,80.0,167.0,,46.0,106.0,False,5.9,False,Normal,False,0.0,Flat,1.0,Normal,True,False,Moderate,3.0,1
51593,45,Male,24.3,Asymptomatic,108.0,63.0,68.0,184.0,231.0,47.0,136.0,False,4.9,False,Normal,False,0.0,Up,1.0,Normal,False,False,High,4.0,0
76370,59,Female,28.7,Asymptomatic,127.0,77.0,72.0,171.0,200.0,57.0,122.0,False,,False,,True,0.0,Up,0.0,Normal,False,False,Moderate,3.0,0
7549,72,Male,29.3,Atypical Angina,129.0,76.0,68.0,162.0,215.0,43.0,162.0,False,5.3,False,ST-T Wave Abnormality,False,0.3,Up,1.0,Normal,False,True,Moderate,5.0,1
87489,68,Female,24.8,Non-anginal Pain,124.0,80.0,73.0,135.0,194.0,46.0,122.0,False,5.2,False,Normal,False,0.0,Flat,1.0,Normal,False,False,Low,4.0,0
3362,62,Female,22.5,Non-anginal Pain,142.0,74.0,81.0,150.0,172.0,40.0,104.0,False,4.4,False,Normal,False,0.4,Up,0.0,Normal,False,True,Low,4.0,0
45284,47,Male,38.82,Typical Angina,125.0,75.0,98.0,154.0,180.0,40.0,107.0,False,4.9,,Normal,False,0.3,Flat,1.0,Reversible Defect,False,False,Low,7.0,1
69906,35,Male,25.47,Typical Angina,109.0,67.0,63.0,183.0,253.0,,168.0,False,5.5,False,Normal,False,0.0,Up,0.0,Normal,True,True,Low,4.0,1
54040,52,Male,24.1,Non-anginal Pain,126.0,79.0,91.0,168.0,230.0,45.0,132.0,False,5.3,False,Normal,False,0.5,Up,0.0,Normal,False,False,Low,5.0,0
32995,49,Male,23.6,Atypical Angina,116.0,74.0,66.0,172.0,254.0,47.0,172.0,False,4.7,False,Normal,False,1.6,Flat,2.0,Normal,True,False,Low,1.0,0
31265,73,Female,29.8,Atypical Angina,150.0,91.0,83.0,153.0,219.0,60.0,133.0,False,7.0,True,Normal,True,5.5,Flat,0.0,Reversible Defect,False,False,Moderate,7.0,1
38453,49,Male,32.8,Non-anginal Pain,111.0,79.0,86.0,141.0,203.0,46.0,113.0,True,5.4,False,Normal,False,0.0,Down,0.0,Normal,True,True,Low,7.0,0
60657,54,Male,20.15,Asymptomatic,116.0,74.0,69.0,174.0,166.0,63.0,62.0,False,5.2,False,Normal,False,0.0,Up,1.0,Reversible Defect,False,True,,8.0,0
42416,61,Male,36.2,Asymptomatic,108.0,81.0,83.0,132.0,179.0,30.0,121.0,False,5.5,False,ST-T Wave Abnormality,False,0.8,Flat,1.0,Normal,True,False,Low,7.0,1
49113,40,Female,26.89,Asymptomatic,114.0,75.0,71.0,169.0,306.0,42.0,243.0,False,4.9,False,Normal,False,2.5,Flat,1.0,Normal,False,True,High,5.0,0
29097,58,Female,23.6,Asymptomatic,123.0,72.0,75.0,163.0,,57.0,94.0,True,5.9,False,Normal,False,0.8,Up,0.0,Normal,False,False,Low,1.0,1
71632,47,Female,22.4,Typical Angina,121.0,75.0,78.0,146.0,123.0,54.0,53.0,False,,False,Normal,False,0.7,Flat,2.0,Normal,False,True,Low,5.0,0
13446,59,Female,24.5,Non-anginal Pain,146.0,83.0,65.0,155.0,276.0,61.0,178.0,True,7.0,True,Normal,False,0.0,,1.0,Reversible Defect,False,False,Low,5.0,0
45833,63,Male,26.1,Asymptomatic,118.0,81.0,67.0,148.0,230.0,50.0,106.0,False,4.6,False,ST-T Wave Abnormality,False,0.0,Up,1.0,Normal,False,False,Moderate,6.0,0
22212,56,Female,30.7,Asymptomatic,145.0,90.0,67.0,165.0,196.0,26.0,143.0,False,8.2,True,Normal,False,4.1,Flat,1.0,Normal,False,True,Low,5.0,1
90157,81,Male,29.9,Non-anginal Pain,134.0,87.0,84.0,122.0,181.0,42.0,110.0,True,6.9,True,Normal,False,0.0,Flat,3.0,Normal,False,True,Moderate,4.0,1
45323,73,Male,31.5,Non-anginal Pain,155.0,97.0,,117.0,213.0,22.0,162.0,False,,False,Normal,False,0.7,Flat,0.0,Normal,False,False,Low,6.0,1
13519,84,Male,35.8,Atypical Angina,132.0,69.0,85.0,,213.0,36.0,137.0,True,6.5,True,Normal,False,0.0,Up,0.0,Normal,False,False,Low,8.0,0
73984,31,Male,29.5,Atypical Angina,110.0,59.0,71.0,188.0,200.0,44.0,136.0,False,5.2,False,Normal,False,0.0,Flat,0.0,Normal,False,True,Moderate,6.0,0
75424,51,Male,27.7,Asymptomatic,126.0,80.0,73.0,154.0,137.0,40.0,57.0,False,5.6,False,Normal,False,0.0,Up,0.0,Normal,False,False,Low,8.0,0
4067,69,Male,25.2,Asymptomatic,135.0,77.0,68.0,127.0,207.0,55.0,117.0,False,5.5,False,Normal,False,0.0,Flat,1.0,Normal,True,False,Moderate,5.0,0
28488,48,Male,30.4,Asymptomatic,113.0,89.0,77.0,173.0,136.0,27.0,85.0,False,5.4,False,Normal,False,1.1,Up,0.0,Fixed Defect,False,True,Moderate,5.0,0
66447,67,Female,30.7,Typical Angina,138.0,81.0,71.0,137.0,206.0,46.0,134.0,False,5.7,False,ST-T Wave Abnormality,True,0.0,Flat,0.0,Normal,True,True,Moderate,5.0,1
45074,64,Female,17.7,Typical Angina,130.0,83.0,121.0,165.0,189.0,72.0,87.0,False,6.7,True,Normal,False,0.0,Up,0.0,,False,False,Moderate,4.0,0
48863,66,Female,20.0,Asymptomatic,115.0,73.0,72.0,139.0,218.0,43.0,125.0,False,5.3,False,Normal,False,0.6,Flat,2.0,Normal,False,False,Low,4.0,0
50316,70,Male,20.8,Typical Angina,107.0,71.0,65.0,153.0,209.0,69.0,107.0,False,5.4,False,Normal,True,,Flat,3.0,Fixed Defect,False,False,High,3.0,1
80795,51,Female,28.9,Asymptomatic,113.0,68.0,59.0,162.0,198.0,58.0,108.0,False,5.6,False,Normal,False,0.0,Up,0.0,Normal,True,False,High,10.0,0
2055,77,Male,29.0,Asymptomatic,145.0,76.0,89.0,,171.0,54.0,108.0,False,6.3,False,Left Ventricular Hypertrophy,False,0.5,Flat,0.0,,True,False,Low,7.0,1
36256,83,Female,26.5,Asymptomatic,123.0,80.0,70.0,119.0,231.0,40.0,137.0,False,5.0,False,Normal,False,0.0,Up,1.0,Reversible Defect,False,False,Moderate,6.0,0
13469,43,Male,26.4,Asymptomatic,110.0,78.0,82.0,179.0,154.0,36.0,101.0,False,4.8,False,Normal,False,0.0,Up,3.0,Fixed Defect,False,False,,6.0,0
90162,61,Female,34.8,Asymptomatic,133.0,93.0,69.0,144.0,244.0,56.0,,False,5.3,False,ST-T Wave Abnormality,False,0.0,Up,0.0,Normal,False,,Low,4.0,0
60587,82,Male,29.7,Non-anginal Pain,137.0,91.0,68.0,144.0,164.0,31.0,99.0,False,5.0,False,Left Ventricular Hypertrophy,False,,Up,0.0,Normal,False,True,Low,8.0,0
14026,66,Female,26.2,Atypical Angina,142.0,83.0,74.0,143.0,252.0,59.0,158.0,False,5.3,False,Normal,True,0.0,Up,0.0,Normal,False,False,Low,3.0,0
22115,42,Male,35.8,Atypical Angina,126.0,66.0,78.0,179.0,155.0,33.0,80.0,False,5.4,False,Normal,False,0.0,Flat,0.0,Reversible Defect,False,False,Low,8.0,1
33953,35,Male,23.4,Non-anginal Pain,117.0,86.0,58.0,196.0,277.0,55.0,176.0,False,4.8,False,Normal,False,1.6,Flat,,Reversible Defect,False,True,High,2.0,0
48100,54,Female,25.5,Non-anginal Pain,130.0,87.0,70.0,152.0,,51.0,,False,5.3,False,Normal,False,0.3,Flat,0.0,Reversible Defect,False,False,Moderate,6.0,0
16649,61,Male,,Non-anginal Pain,126.0,79.0,80.0,165.0,206.0,38.0,121.0,False,5.8,False,Normal,False,0.0,Flat,1.0,Normal,False,False,Low,9.0,0
19976,43,Male,32.0,Atypical Angina,122.0,72.0,72.0,143.0,149.0,,110.0,True,8.4,True,Normal,False,5.1,Flat,3.0,Normal,True,True,Low,5.0,1
95984,42,Female,24.5,Atypical Angina,98.0,77.0,75.0,174.0,217.0,61.0,143.0,False,5.0,False,Normal,False,0.0,Up,0.0,Normal,False,True,High,5.0,0
89058,71,Male,25.7,Typical Angina,136.0,81.0,74.0,129.0,176.0,42.0,110.0,False,,False,Normal,False,2.1,Flat,2.0,Normal,False,False,Moderate,9.0,1
84664,56,Male,,Atypical Angina,110.0,73.0,81.0,164.0,178.0,32.0,,False,5.3,False,Normal,True,0.8,Up,2.0,Normal,False,False,Low,2.0,0
88602,46,Female,27.7,Non-anginal Pain,108.0,86.0,73.0,179.0,150.0,48.0,98.0,False,5.4,False,Normal,False,0.8,Up,0.0,Normal,False,True,Low,1.0,0
7314,57,Male,28.8,Asymptomatic,122.0,72.0,70.0,150.0,153.0,49.0,87.0,False,5.4,False,Normal,False,0.0,Flat,0.0,,False,True,High,4.0,0
44288,38,Female,27.7,Asymptomatic,126.0,80.0,66.0,179.0,213.0,60.0,115.0,False,5.1,False,Normal,False,0.0,Down,1.0,Normal,False,False,Low,4.0,0
74492,52,Male,25.7,Asymptomatic,124.0,76.0,77.0,185.0,216.0,42.0,120.0,False,5.3,False,Normal,False,0.0,Up,0.0,Normal,False,True,Moderate,6.0,0
87073,67,Male,29.6,Non-anginal Pain,118.0,86.0,69.0,170.0,220.0,56.0,140.0,False,5.9,False,Normal,False,0.2,Up,1.0,Normal,False,True,High,7.0,0
16312,42,Male,31.8,Non-anginal Pain,133.0,77.0,,180.0,293.0,44.0,208.0,False,5.0,False,Normal,False,0.0,Up,0.0,Normal,True,True,Low,3.0,0
90433,57,Male,23.7,Asymptomatic,122.0,70.0,65.0,164.0,151.0,39.0,92.0,False,8.1,True,Normal,False,0.6,Down,0.0,Normal,False,False,Low,1.0,0
52259,67,Male,,Typical Angina,145.0,84.0,70.0,132.0,203.0,52.0,133.0,False,5.1,False,Normal,True,0.6,Flat,1.0,Reversible Defect,True,False,Low,2.0,1
96753,62,Male,25.41,Non-anginal Pain,146.0,79.0,73.0,172.0,218.0,48.0,151.0,False,5.7,False,Normal,,0.0,Up,0.0,Normal,False,False,Low,7.0,0
7279,43,female,18.5,Typical Angina,117.0,67.0,67.0,143.0,196.0,,119.0,False,5.0,False,Normal,False,1.7,Flat,2.0,Normal,False,False,Low,3.0,0
26245,53,Female,23.3,Atypical Angina,128.0,90.0,77.0,154.0,135.0,,78.0,False,4.8,False,Normal,False,0.0,Flat,1.0,Reversible Defect,True,True,Moderate,7.0,0
5952,64,Male,21.5,Non-anginal Pain,110.0,80.0,69.0,171.0,173.0,42.0,82.0,False,5.3,False,Normal,False,0.0,Up,0.0,Normal,True,False,Moderate,6.0,0
48142,75,Female,23.78,Asymptomatic,,112.0,125.0,145.0,198.0,48.0,125.0,False,5.4,False,ST-T Wave Abnormality,False,,Up,0.0,Normal,False,False,Low,6.0,0
71423,54,Female,39.7,Non-anginal Pain,112.0,,62.0,161.0,232.0,56.0,138.0,True,9.5,True,Normal,False,0.0,Up,0.0,Normal,False,True,Moderate,1.0,0
50434,83,Female,35.7,Atypical Angina,136.0,94.0,81.0,128.0,188.0,45.0,109.0,True,7.1,True,Normal,False,0.0,Flat,2.0,Reversible Defect,False,False,Low,3.0,1
69778,56,Female,25.6,Asymptomatic,108.0,68.0,,133.0,148.0,51.0,77.0,False,5.7,False,,False,2.0,Flat,1.0,Normal,False,False,Moderate,8.0,0
79652,59,Male,31.3,Asymptomatic,111.0,69.0,63.0,152.0,260.0,42.0,212.0,True,6.0,False,Normal,False,0.0,Up,0.0,Normal,False,False,Low,7.0,0
69975,74,Female,31.2,Asymptomatic,147.0,89.0,73.0,139.0,196.0,52.0,127.0,False,5.7,False,Left Ventricular Hypertrophy,False,1.7,Flat,2.0,Normal,True,True,Low,5.0,1
2937,50,Male,27.6,Asymptomatic,125.0,72.0,73.0,165.0,177.0,60.0,86.0,False,5.4,False,Normal,False,0.0,Up,0.0,Normal,True,False,Moderate,8.0,0
74809,55,Female,30.8,Asymptomatic,119.0,81.0,84.0,148.0,186.0,50.0,110.0,True,8.3,True,Normal,False,0.1,Up,3.0,Normal,False,True,Moderate,7.0,0
98873,65,Male,23.1,Non-anginal Pain,135.0,75.0,82.0,131.0,193.0,44.0,131.0,False,5.2,False,ST-T Wave Abnormality,False,0.0,Up,2.0,Normal,False,False,Low,6.0,0
27201,60,Female,27.9,Atypical Angina,115.0,75.0,66.0,165.0,218.0,56.0,115.0,False,5.4,False,Normal,False,0.0,Up,2.0,Normal,False,False,Low,3.0,0
46928,37,Male,21.0,Asymptomatic,99.0,73.0,61.0,199.0,149.0,40.0,84.0,False,5.3,False,Normal,False,0.7,Up,0.0,Normal,False,False,High,8.0,0
78714,64,Female,28.82,Typical Angina,113.0,65.0,74.0,140.0,239.0,56.0,170.0,False,,False,Normal,False,3.0,Flat,3.0,Normal,False,False,Moderate,5.0,1
11221,43,Male,28.6,Non-anginal Pain,122.0,89.0,75.0,170.0,188.0,49.0,,False,5.4,False,Normal,False,0.1,Flat,0.0,Reversible Defect,False,False,,7.0,0
20738,49,Female,24.1,Typical Angina,134.0,85.0,65.0,163.0,189.0,54.0,103.0,True,4.7,False,Normal,False,0.0,Flat,0.0,Normal,False,False,High,5.0,0
89957,48,Male,25.9,Non-anginal Pain,112.0,85.0,51.0,182.0,156.0,52.0,75.0,False,4.4,False,Normal,False,0.1,Up,0.0,Normal,True,False,High,3.0,0
56056,33,Female,17.9,Atypical Angina,106.0,60.0,72.0,174.0,229.0,66.0,159.0,False,4.7,False,Normal,False,0.0,Flat,0.0,Normal,False,False,High,5.0,0
27561,77,Male,26.9,Non-anginal Pain,113.0,57.0,72.0,148.0,182.0,40.0,118.0,True,8.7,True,ST-T Wave Abnormality,False,0.2,Flat,2.0,Normal,False,True,Moderate,6.0,1
78592,48,Male,32.4,Asymptomatic,114.0,81.0,66.0,164.0,190.0,41.0,148.0,False,,False,Normal,False,0.0,Flat,0.0,Normal,False,False,Moderate,6.0,0
74728,57,Female,24.2,Non-anginal Pain,120.0,73.0,,179.0,229.0,52.0,132.0,False,5.5,False,ST-T Wave Abnormality,False,0.6,Flat,1.0,Normal,False,True,High,5.0,0
11459,63,Male,33.8,Atypical Angina,120.0,86.0,73.0,144.0,164.0,29.0,111.0,False,5.7,False,Normal,False,1.7,Flat,0.0,Normal,True,True,Moderate,3.0,1
8523,73,Female,29.8,Atypical Angina,151.0,84.0,82.0,160.0,175.0,50.0,99.0,False,6.1,False,Normal,False,0.0,Flat,0.0,Reversible Defect,False,False,Low,5.0,0
34570,31,Female,35.7,Atypical Angina,113.0,74.0,75.0,193.0,176.0,57.0,79.0,False,6.4,True,Normal,True,1.2,Flat,0.0,Normal,False,False,High,6.0,0
66907,50,Male,22.9,Asymptomatic,114.0,76.0,69.0,167.0,204.0,49.0,119.0,False,5.1,False,Normal,False,0.0,Up,0.0,Normal,False,True,High,4.0,0
22146,54,Male,31.9,Atypical Angina,152.0,95.0,70.0,146.0,198.0,49.0,151.0,False,5.5,False,Normal,False,0.0,Up,0.0,Reversible Defect,False,False,Low,7.0,1
7423,58,Male,20.6,Asymptomatic,,73.0,63.0,182.0,184.0,52.0,106.0,False,5.8,False,,False,0.0,Up,0.0,Normal,True,False,High,5.0,0
10977,74,Female,34.2,Asymptomatic,150.0,,78.0,138.0,161.0,38.0,110.0,False,5.6,False,Left Ventricular Hypertrophy,False,0.0,Flat,2.0,Reversible Defect,False,False,Low,7.0,1
70654,59,Female,27.11,Non-anginal Pain,132.0,80.0,83.0,161.0,,42.0,134.0,False,5.1,False,Normal,True,1.2,Up,0.0,Reversible Defect,True,False,Low,7.0,1
51627,80,Female,31.2,Atypical Angina,151.0,88.0,63.0,127.0,,61.0,95.0,False,5.1,False,Left Ventricular Hypertrophy,True,1.6,Flat,,Reversible Defect,False,False,Moderate,2.0,1
49591,58,Male,23.8,Atypical Angina,112.0,61.0,78.0,170.0,139.0,33.0,92.0,True,7.7,True,Normal,False,0.0,,1.0,Normal,False,True,Moderate,5.0,1
91958,60,Male,29.0,,117.0,84.0,79.0,153.0,152.0,48.0,89.0,False,5.1,False,Normal,True,0.0,Up,0.0,Fixed Defect,False,False,Low,7.0,1
95302,68,Male,28.8,Asymptomatic,137.0,91.0,82.0,127.0,202.0,42.0,125.0,False,5.6,False,ST-T Wave Abnormality,False,0.0,Up,0.0,Normal,True,False,Low,7.0,0
73662,63,Male,26.8,Atypical Angina,117.0,73.0,75.0,152.0,177.0,43.0,117.0,True,5.9,False,,True,0.7,Flat,1.0,Normal,True,False,Moderate,5.0,1
30235,68,Male,21.8,Asymptomatic,121.0,71.0,61.0,165.0,157.0,51.0,85.0,False,5.4,False,Normal,False,2.0,Flat,3.0,Reversible Defect,False,True,High,4.0,0
7175,39,Male,23.7,Asymptomatic,93.0,67.0,61.0,178.0,216.0,41.0,,False,5.9,False,Normal,False,0.0,Up,0.0,Normal,False,False,Moderate,3.0,0
77732,35,Male,24.5,Asymptomatic,90.0,67.0,64.0,169.0,201.0,42.0,139.0,False,4.8,False,Normal,False,1.1,Down,0.0,,False,False,Moderate,1.0,0
36242,50,Male,35.6,Typical Angina,126.0,65.0,62.0,198.0,190.0,47.0,109.0,False,,False,Normal,False,0.4,Down,,Normal,True,False,High,9.0,1
85731,69,Male,26.6,Asymptomatic,131.0,84.0,78.0,167.0,200.0,,131.0,False,5.4,False,Normal,False,0.0,Up,0.0,Reversible Defect,False,False,Moderate,7.0,0
62004,64,Male,27.4,Asymptomatic,120.0,72.0,72.0,132.0,238.0,,150.0,True,8.6,True,Normal,False,0.3,Flat,0.0,Normal,True,False,Moderate,8.0,1
59939,62,Male,28.36,Asymptomatic,132.0,88.0,64.0,169.0,201.0,49.0,130.0,True,7.0,True,Normal,False,0.0,Up,0.0,Normal,False,False,Low,5.0,0
84151,46,Female,25.6,Non-anginal Pain,121.0,82.0,65.0,174.0,151.0,47.0,80.0,False,5.3,False,Normal,False,0.0,Up,1.0,Normal,False,False,Moderate,6.0,0
56000,70,Male,26.7,Typical Angina,117.0,71.0,57.0,169.0,167.0,51.0,91.0,False,5.6,False,ST-T Wave Abnormality,False,,Up,0.0,Normal,False,True,High,9.0,0
73567,69,Male,32.6,Asymptomatic,,85.0,70.0,162.0,221.0,44.0,127.0,True,7.7,True,Normal,False,0.7,Flat,0.0,Normal,True,False,,1.0,0
29066,49,Male,,Non-anginal Pain,135.0,83.0,63.0,165.0,164.0,41.0,115.0,False,,False,Left Ventricular Hypertrophy,False,1.0,Down,0.0,Normal,False,False,Low,1.0,1
26949,54,Female,20.8,Atypical Angina,107.0,64.0,74.0,180.0,179.0,67.0,92.0,True,8.8,,ST-T Wave Abnormality,True,1.0,Up,0.0,Normal,False,True,Moderate,3.0,0
91468,67,Female,24.8,Non-anginal Pain,120.0,80.0,78.0,134.0,265.0,,173.0,False,5.5,False,,False,0.5,Up,1.0,Normal,False,False,Low,6.0,1
64732,62,Male,24.1,Atypical Angina,132.0,84.0,87.0,158.0,255.0,52.0,130.0,False,4.5,False,Normal,True,1.6,Flat,1.0,Normal,False,False,Low,9.0,0
4883,63,Male,26.8,Asymptomatic,130.0,80.0,68.0,156.0,215.0,45.0,99.0,False,5.3,False,Normal,False,0.0,Flat,0.0,Normal,False,False,Low,5.0,0
68360,85,Female,23.54,Atypical Angina,131.0,77.0,72.0,142.0,171.0,51.0,100.0,False,5.6,False,Left Ventricular Hypertrophy,True,0.9,Up,1.0,Normal,False,False,High,3.0,0
93662,49,Male,24.4,Asymptomatic,117.0,76.0,81.0,181.0,157.0,43.0,70.0,False,4.8,False,Normal,False,0.0,Up,0.0,Normal,False,False,High,8.0,0
74744,47,Female,25.6,Non-anginal Pain,153.0,88.0,86.0,206.0,149.0,45.0,77.0,True,8.3,True,,False,0.0,Flat,0.0,Normal,True,False,Low,5.0,0
6177,62,Male,33.3,Typical Angina,127.0,91.0,72.0,160.0,210.0,52.0,149.0,False,8.4,True,Normal,False,0.0,Up,0.0,Normal,False,True,Low,4.0,0
35753,41,Female,29.0,Atypical Angina,116.0,81.0,71.0,180.0,204.0,60.0,103.0,False,5.5,False,Normal,False,0.0,Up,1.0,Normal,False,False,High,9.0,0
57509,45,Female,26.2,Asymptomatic,110.0,70.0,61.0,165.0,210.0,56.0,126.0,False,5.2,False,Normal,True,0.0,Flat,0.0,Normal,True,False,Moderate,4.0,0
98408,38,Male,26.8,Asymptomatic,184.0,93.0,78.0,174.0,223.0,56.0,153.0,False,5.2,False,ST-T Wave Abnormality,False,0.1,Flat,1.0,Reversible Defect,False,False,Moderate,7.0,1
90839,49,Male,17.0,Asymptomatic,120.0,83.0,59.0,164.0,187.0,42.0,124.0,False,5.8,False,Normal,,0.4,Up,0.0,Normal,False,False,Moderate,6.0,0
65924,74,Male,29.2,Atypical Angina,126.0,80.0,94.0,136.0,145.0,47.0,67.0,False,5.4,False,Normal,True,1.9,Flat,0.0,Normal,False,True,Low,8.0,1
58334,65,Male,25.2,Atypical Angina,146.0,85.0,77.0,148.0,173.0,50.0,102.0,False,4.9,False,Normal,False,0.0,Down,1.0,Reversible Defect,False,False,Low,9.0,0
24523,76,Male,25.54,Non-anginal Pain,140.0,69.0,81.0,150.0,247.0,40.0,144.0,False,5.1,False,Normal,False,0.0,Flat,0.0,Fixed Defect,False,False,Moderate,6.0,0
1104,35,Female,23.4,Asymptomatic,109.0,80.0,69.0,176.0,182.0,49.0,94.0,False,4.8,False,Normal,False,0.0,Up,1.0,Normal,False,False,High,3.0,0
19184,45,Female,24.2,Asymptomatic,96.0,61.0,65.0,164.0,194.0,56.0,115.0,False,5.4,False,Normal,False,0.4,Flat,0.0,Normal,False,False,Moderate,5.0,0
29264,39,Female,21.97,Non-anginal Pain,112.0,82.0,70.0,191.0,219.0,60.0,132.0,False,4.9,False,Normal,False,0.0,Up,0.0,Normal,False,True,High,9.0,0
7190,57,Female,20.5,Typical Angina,122.0,74.0,63.0,171.0,170.0,61.0,79.0,False,5.8,False,Normal,False,0.0,Flat,0.0,Normal,False,False,Moderate,4.0,0
10230,61,Female,33.1,Asymptomatic,98.0,61.0,52.0,163.0,248.0,56.0,156.0,False,5.7,False,Normal,False,0.0,Up,0.0,Normal,False,False,Low,3.0,0
26911,41,Female,25.0,Typical Angina,96.0,75.0,72.0,160.0,283.0,,187.0,False,5.5,False,Normal,False,0.0,Up,0.0,Normal,False,False,Moderate,6.0,0
46780,47,Male,37.2,Non-anginal Pain,122.0,80.0,73.0,166.0,,34.0,,False,5.1,False,Normal,False,0.6,Up,0.0,Normal,False,False,Moderate,4.0,1
30043,73,Male,23.7,Asymptomatic,147.0,99.0,57.0,156.0,244.0,23.0,116.0,False,5.6,False,Normal,False,0.0,Up,1.0,,False,False,Low,2.0,0
3035,68,Female,32.4,Asymptomatic,140.0,,,129.0,,50.0,183.0,False,5.6,False,Normal,False,2.8,Flat,0.0,Fixed Defect,False,False,Low,6.0,1
97669,41,Male,,Asymptomatic,102.0,73.0,76.0,183.0,192.0,39.0,131.0,False,5.0,False,Normal,False,0.0,Up,1.0,Normal,False,False,Low,5.0,1
2052,34,Male,20.9,Asymptomatic,101.0,66.0,76.0,154.0,257.0,55.0,173.0,False,5.2,False,Normal,False,0.1,Flat,0.0,Normal,False,True,Moderate,9.0,0
87206,68,Male,25.2,Typical Angina,117.0,77.0,75.0,161.0,190.0,53.0,124.0,False,6.2,False,Normal,True,0.5,Flat,2.0,Normal,False,True,Moderate,4.0,1
66904,53,Female,22.79,Asymptomatic,115.0,76.0,65.0,157.0,132.0,43.0,71.0,False,5.1,False,Normal,False,0.0,Up,0.0,Reversible Defect,False,False,Moderate,6.0,0
54402,42,Male,23.8,Non-anginal Pain,118.0,75.0,67.0,185.0,193.0,50.0,143.0,False,4.9,False,Normal,False,0.0,Up,1.0,Normal,False,True,Moderate,6.0,0
70759,40,Female,25.3,Asymptomatic,134.0,85.0,52.0,210.0,224.0,78.0,126.0,False,4.4,False,Normal,False,0.0,Flat,0.0,Normal,True,True,High,8.0,0
22444,57,Female,26.9,Asymptomatic,145.0,91.0,77.0,145.0,221.0,47.0,147.0,False,4.9,False,Normal,True,0.0,Flat,1.0,Fixed Defect,False,False,Low,6.0,0
94533,68,Male,,Non-anginal Pain,120.0,66.0,57.0,157.0,209.0,33.0,133.0,True,7.4,True,ST-T Wave Abnormality,True,2.3,Flat,1.0,Reversible Defect,True,False,High,2.0,1
44812,78,Male,24.55,Asymptomatic,145.0,89.0,63.0,140.0,178.0,39.0,,False,5.3,False,Normal,False,0.0,Down,2.0,Normal,False,False,Low,3.0,1
70518,57,Male,24.63,Atypical Angina,121.0,84.0,77.0,158.0,177.0,38.0,113.0,False,5.2,False,Normal,False,0.8,Flat,0.0,Normal,False,False,Low,1.0,0
47188,72,Male,28.8,Non-anginal Pain,142.0,83.0,93.0,147.0,157.0,54.0,96.0,False,5.1,False,Normal,False,0.0,Up,3.0,Normal,False,False,Moderate,8.0,1
44030,78,Female,30.15,Asymptomatic,145.0,85.0,86.0,161.0,201.0,52.0,135.0,False,5.1,False,Normal,,5.9,Flat,1.0,Normal,False,False,Low,7.0,1
99931,65,Female,22.9,Atypical Angina,141.0,84.0,63.0,153.0,151.0,49.0,80.0,True,8.8,True,ST-T Wave Abnormality,False,,Flat,0.0,Reversible Defect,True,False,Moderate,5.0,1
51079,53,Female,26.4,Atypical Angina,122.0,78.0,82.0,170.0,180.0,57.0,101.0,False,5.3,False,Normal,False,1.3,Up,0.0,Reversible Defect,False,False,Low,7.0,0
99962,50,Male,21.66,Atypical Angina,114.0,81.0,79.0,162.0,172.0,,,False,4.7,False,ST-T Wave Abnormality,False,0.0,Flat,1.0,Normal,False,False,Moderate,3.0,0
58437,43,Male,21.2,Atypical Angina,109.0,78.0,77.0,183.0,131.0,31.0,90.0,False,4.7,False,Normal,False,0.5,Flat,0.0,Normal,True,True,,7.0,0
69769,46,Female,33.3,Asymptomatic,107.0,76.0,64.0,169.0,135.0,42.0,78.0,False,4.9,False,Normal,False,0.1,Down,1.0,Normal,False,False,Moderate,5.0,0
15502,61,Female,22.4,Asymptomatic,144.0,91.0,83.0,186.0,166.0,67.0,78.0,True,9.4,True,Normal,False,1.0,Flat,0.0,Normal,False,False,High,7.0,0
56313,37,Male,,Asymptomatic,116.0,,74.0,164.0,191.0,48.0,115.0,False,5.4,False,Normal,True,1.6,Up,0.0,Reversible Defect,True,True,Moderate,6.0,1
61287,86,Male,25.3,Typical Angina,132.0,88.0,85.0,122.0,204.0,52.0,123.0,True,7.1,True,Normal,True,0.0,Flat,3.0,Normal,False,False,Moderate,4.0,1
90908,59,Male,36.0,Typical Angina,129.0,81.0,96.0,143.0,161.0,45.0,95.0,False,5.3,False,ST-T Wave Abnormality,False,0.0,Flat,1.0,Reversible Defect,True,False,Moderate,4.0,1
86792,66,Female,32.2,Asymptomatic,128.0,83.0,75.0,158.0,207.0,67.0,122.0,False,5.4,False,Normal,False,0.0,Up,0.0,Reversible Defect,False,False,Moderate,4.0,1
86135,77,Female,26.0,Atypical Angina,135.0,80.0,61.0,139.0,212.0,58.0,147.0,False,5.8,False,Normal,False,0.7,Flat,0.0,Normal,False,False,Moderate,5.0,1
89746,69,Male,26.2,Typical Angina,151.0,88.0,60.0,148.0,164.0,44.0,76.0,False,5.4,False,,False,0.2,Up,3.0,Normal,True,False,High,7.0,1
6650,34,Male,25.0,Non Anginal Pain,112.0,73.0,69.0,178.0,171.0,55.0,99.0,False,5.4,False,Normal,False,0.0,Down,0.0,Normal,False,False,High,6.0,0
43910,75,Male,39.8,Asymptomatic,,87.0,66.0,120.0,227.0,37.0,124.0,False,6.5,True,Normal,True,1.1,Up,0.0,Normal,False,True,Low,4.0,0
58638,62,Female,25.1,Asymptomatic,114.0,58.0,82.0,138.0,170.0,59.0,83.0,False,5.3,False,ST-T Wave Abnormality,False,0.7,,0.0,Fixed Defect,False,,Low,8.0,0
18566,58,Male,28.09,Atypical Angina,120.0,76.0,67.0,157.0,145.0,46.0,68.0,False,,False,Normal,False,1.3,Flat,0.0,Normal,False,False,Moderate,3.0,1
73614,34,Female,25.0,Asymptomatic,99.0,71.0,75.0,188.0,,52.0,67.0,False,4.4,False,Normal,False,,Up,0.0,Normal,False,True,Low,3.0,0
99072,82,Male,29.2,Non-anginal Pain,142.0,90.0,61.0,150.0,201.0,69.0,122.0,False,5.1,False,Normal,False,0.0,Up,0.0,Normal,False,False,Moderate,5.0,0
33785,69,Male,25.1,Typical Angina,112.0,85.0,62.0,136.0,197.0,57.0,126.0,False,5.4,,Normal,,0.8,Flat,0.0,Normal,False,True,Moderate,5.0,1
49757,49,Female,24.5,Typical Angina,142.0,92.0,95.0,171.0,296.0,60.0,193.0,False,4.8,False,Normal,True,1.6,Up,2.0,Fixed Defect,False,False,Moderate,8.0,1
22757,40,Male,28.2,Non-anginal Pain,119.0,81.0,65.0,161.0,161.0,38.0,122.0,False,5.4,False,Normal,False,0.0,Up,0.0,Normal,True,False,Moderate,2.0,0
95257,47,Female,33.8,Asymptomatic,126.0,68.0,73.0,168.0,159.0,54.0,95.0,False,5.0,False,ST-T Wave Abnormality,False,0.0,Up,1.0,Normal,False,False,Moderate,4.0,0
44229,59,Male,31.8,Non-anginal Pain,127.0,75.0,77.0,173.0,213.0,55.0,127.0,False,6.0,False,Normal,False,0.3,Flat,0.0,Normal,False,True,Moderate,4.0,1
69426,61,Male,29.5,Asymptomatic,124.0,68.0,74.0,149.0,280.0,48.0,176.0,True,5.7,False,Normal,False,0.0,Up,0.0,Normal,False,False,Low,8.0,1
41757,57,Female,24.3,Asymptomatic,124.0,93.0,77.0,165.0,196.0,45.0,107.0,True,6.0,False,Normal,False,0.0,Up,1.0,Reversible Defect,False,False,Low,2.0,0
55881,47,Female,22.64,Asymptomatic,122.0,78.0,65.0,173.0,201.0,42.0,148.0,False,4.9,False,Normal,True,1.5,Up,0.0,Normal,True,False,High,6.0,0
36288,39,Male,29.6,Asymptomatic,119.0,82.0,82.0,169.0,161.0,20.0,,False,5.0,False,Normal,False,0.0,Up,0.0,Normal,True,True,Low,1.0,0
67428,55,Female,,Non-anginal Pain,,70.0,68.0,192.0,146.0,49.0,85.0,False,5.0,False,Normal,,0.6,Flat,0.0,Normal,False,True,Moderate,1.0,0
18685,57,Female,36.8,Asymptomatic,128.0,,66.0,177.0,228.0,50.0,141.0,True,8.0,True,Normal,False,0.0,Up,0.0,Normal,False,False,High,9.0,0
83313,45,Male,26.45,Non-anginal Pain,130.0,88.0,86.0,181.0,,40.0,109.0,False,4.9,False,Normal,True,0.4,Up,0.0,Normal,True,False,Moderate,7.0,0
53349,53,Female,21.2,Non-anginal Pain,135.0,92.0,60.0,168.0,184.0,45.0,119.0,False,,False,Normal,True,0.4,Up,0.0,Fixed Defect,False,False,Moderate,2.0,0
44648,42,Female,23.8,Asymptomatic,103.0,74.0,66.0,194.0,171.0,,77.0,False,5.3,False,Normal,False,0.5,Up,0.0,Normal,False,False,High,9.0,0
30893,72,Male,21.1,Non-anginal Pain,111.0,74.0,79.0,155.0,221.0,61.0,124.0,False,4.8,False,Normal,True,0.0,Flat,0.0,Normal,False,True,Moderate,3.0,1
68593,40,Male,22.1,Asymptomatic,122.0,66.0,67.0,197.0,205.0,,147.0,False,,False,ST-T Wave Abnormality,False,0.0,Flat,0.0,Fixed Defect,False,False,High,7.0,1
86505,67,Male,28.3,Typical Angina,141.0,91.0,83.0,147.0,207.0,53.0,156.0,False,5.3,False,Left Ventricular Hypertrophy,True,0.0,Flat,3.0,,False,False,Moderate,5.0,1
11528,53,Male,32.0,Asymptomatic,131.0,82.0,73.0,157.0,242.0,45.0,156.0,False,6.0,False,Normal,False,0.0,Flat,0.0,Normal,True,False,Low,7.0,0
69420,62,Male,42.6,Asymptomatic,143.0,89.0,69.0,152.0,,43.0,133.0,True,7.0,True,Normal,False,0.4,Up,1.0,Reversible Defect,True,False,Low,6.0,1
76743,27,Female,21.6,Non-anginal Pain,112.0,73.0,58.0,204.0,217.0,59.0,137.0,False,5.6,False,Normal,False,0.4,Up,0.0,Normal,True,False,High,3.0,0
66759,46,Female,26.65,Asymptomatic,128.0,83.0,71.0,171.0,183.0,63.0,102.0,False,5.5,False,,False,0.0,Flat,0.0,Normal,False,True,Low,10.0,0
46137,41,Male,30.1,Non-anginal Pain,117.0,66.0,71.0,159.0,125.0,51.0,75.0,False,5.2,False,ST-T Wave Abnormality,False,0.0,Down,0.0,Normal,False,False,Moderate,3.0,0
60819,75,Female,24.8,Asymptomatic,129.0,77.0,59.0,172.0,174.0,57.0,105.0,False,4.6,False,Normal,False,0.0,Up,0.0,Normal,False,False,Moderate,3.0,0
69633,81,Female,34.8,Atypical Angina,150.0,94.0,81.0,125.0,212.0,31.0,123.0,True,8.9,False,ST-T Wave Abnormality,True,1.6,Flat,1.0,Fixed Defect,False,False,Low,3.0,1
67791,52,Male,27.6,Asymptomatic,126.0,94.0,82.0,164.0,189.0,48.0,90.0,False,5.4,False,Normal,False,0.0,Up,1.0,Normal,True,True,Low,2.0,0
51074,51,Female,24.16,Typical Angina,121.0,72.0,75.0,169.0,213.0,54.0,123.0,False,5.6,False,ST-T Wave Abnormality,True,1.0,Flat,0.0,Normal,True,True,High,5.0,1
40850,63,Female,27.2,Non-anginal Pain,123.0,81.0,70.0,164.0,182.0,46.0,97.0,False,5.4,False,Normal,False,,Up,1.0,Fixed Defect,False,False,Moderate,4.0,0
56045,44,Male,25.5,Non-anginal Pain,108.0,77.0,72.0,147.0,146.0,54.0,65.0,True,4.7,False,Normal,False,0.0,Up,0.0,Normal,False,False,Low,10.0,0
93494,71,Female,24.0,Non-anginal Pain,133.0,90.0,61.0,158.0,242.0,48.0,153.0,False,6.0,False,Normal,False,0.0,Up,0.0,Fixed Defect,True,False,High,5.0,1
9527,62,Male,26.3,Typical Angina,136.0,91.0,77.0,157.0,192.0,29.0,,False,5.2,False,,False,0.0,Flat,0.0,Normal,False,True,Low,8.0,1
49019,68,Female,24.31,Typical Angina,145.0,79.0,65.0,138.0,202.0,59.0,89.0,False,5.1,False,ST-T Wave Abnormality,False,0.0,Flat,1.0,Fixed Defect,False,False,High,5.0,1
99677,59,Male,20.3,Atypical Angina,109.0,73.0,69.0,170.0,219.0,,,False,5.5,False,Normal,False,,Up,0.0,Fixed Defect,False,True,Low,4.0,0
63063,76,Male,27.4,Asymptomatic,136.0,89.0,76.0,134.0,195.0,54.0,108.0,False,5.6,False,Normal,True,0.0,Flat,0.0,Normal,False,True,Low,5.0,1
6925,59,Male,,Typical Angina,123.0,77.0,66.0,153.0,261.0,56.0,172.0,False,5.2,False,Normal,False,,Flat,0.0,Normal,False,True,Moderate,4.0,0
12612,69,Male,34.5,Asymptomatic,118.0,72.0,57.0,164.0,181.0,28.0,132.0,False,5.1,False,Normal,False,0.0,Up,0.0,Normal,False,False,High,3.0,0
49516,60,Male,20.35,Atypical Angina,116.0,67.0,71.0,168.0,206.0,,122.0,False,5.7,False,ST-T Wave Abnormality,False,0.9,Flat,0.0,Normal,False,True,High,4.0,0
94340,60,Male,31.8,Asymptomatic,115.0,77.0,77.0,151.0,186.0,41.0,124.0,False,,False,Normal,False,0.0,Flat,0.0,Normal,False,True,Low,5.0,0
91824,56,Male,30.72,Atypical Angina,106.0,75.0,73.0,179.0,186.0,34.0,124.0,False,5.8,False,Normal,False,0.0,Up,0.0,Normal,True,False,Moderate,4.0,0
67316,61,Female,21.89,Asymptomatic,,76.0,66.0,163.0,189.0,54.0,110.0,True,5.3,False,Normal,False,0.0,Up,0.0,Normal,False,False,Moderate,3.0,0
79111,52,Male,30.5,Asymptomatic,,90.0,53.0,175.0,242.0,48.0,163.0,False,6.1,True,Normal,False,1.2,Flat,2.0,Normal,False,False,High,3.0,0
83327,44,Male,28.8,Atypical Angina,121.0,90.0,73.0,169.0,164.0,37.0,107.0,False,4.8,False,Normal,False,0.0,Flat,0.0,Normal,False,True,Moderate,6.0,0
98711,78,Male,34.6,Atypical Angina,133.0,71.0,59.0,154.0,163.0,31.0,111.0,False,6.7,True,Normal,False,0.0,Flat,3.0,Normal,False,True,Low,2.0,1
72091,70,Male,25.9,Asymptomatic,136.0,98.0,77.0,139.0,218.0,64.0,118.0,True,7.3,True,ST-T Wave Abnormality,False,0.0,Up,1.0,Normal,False,True,Low,7.0,1
20007,68,Male,45.0,Typical Angina,119.0,78.0,72.0,150.0,229.0,42.0,138.0,False,6.3,False,Normal,False,1.4,Down,0.0,Normal,False,False,High,7.0,1
48998,64,Female,41.9,Asymptomatic,124.0,77.0,55.0,174.0,246.0,57.0,124.0,False,5.4,True,,False,0.0,Up,0.0,Normal,False,True,High,2.0,1
84598,59,Female,18.6,Non-anginal Pain,214.0,114.0,55.0,156.0,264.0,44.0,,False,4.9,False,Normal,True,0.0,Flat,0.0,Normal,False,True,High,5.0,1
33773,55,Female,23.6,Asymptomatic,139.0,90.0,76.0,163.0,223.0,51.0,135.0,False,5.4,False,Normal,False,0.0,Up,3.0,Normal,True,False,Moderate,8.0,0
64335,67,Male,28.6,Asymptomatic,134.0,77.0,81.0,150.0,214.0,34.0,158.0,False,5.3,False,Normal,False,0.0,Flat,0.0,Normal,False,False,Low,3.0,0
71454,74,Female,40.3,Asymptomatic,124.0,66.0,81.0,148.0,241.0,52.0,163.0,False,5.1,False,Normal,False,0.4,Flat,1.0,Normal,False,True,Moderate,3.0,1
81577,64,Female,33.4,Non-anginal Pain,135.0,74.0,69.0,136.0,237.0,55.0,156.0,False,5.1,False,Normal,True,0.7,Up,0.0,Normal,False,True,Low,4.0,1
16712,45,Female,26.0,Non-anginal Pain,122.0,86.0,80.0,176.0,186.0,39.0,,False,5.4,True,Normal,False,4.7,Flat,1.0,,False,False,Moderate,10.0,0
80158,75,Female,29.3,Non-anginal Pain,135.0,86.0,75.0,154.0,239.0,69.0,128.0,False,5.5,False,Normal,False,0.7,Up,0.0,Normal,False,True,Moderate,7.0,1
40410,55,Female,28.5,Atypical Angina,127.0,86.0,64.0,162.0,400.0,67.0,296.0,True,8.5,True,Normal,False,0.4,Up,,Normal,False,True,High,3.0,0
19485,53,Male,25.7,Asymptomatic,117.0,68.0,66.0,152.0,217.0,,126.0,False,6.5,False,ST-T Wave Abnormality,False,0.0,Up,0.0,Normal,False,False,Low,2.0,0
88148,33,Male,27.59,Non-anginal Pain,112.0,65.0,61.0,185.0,186.0,45.0,102.0,False,5.2,False,Normal,False,0.7,Up,0.0,,False,False,Moderate,3.0,0
83369,59,Male,23.7,Non-anginal Pain,116.0,65.0,61.0,155.0,193.0,43.0,143.0,False,5.3,False,Left Ventricular Hypertrophy,False,0.0,Flat,0.0,Reversible Defect,False,True,Moderate,4.0,1
42006,71,Male,24.21,Typical Angina,151.0,85.0,77.0,133.0,,56.0,119.0,False,5.4,False,ST-T Wave Abnormality,False,0.0,Flat,2.0,Reversible Defect,False,True,Moderate,5.0,1
59628,56,Female,25.03,Atypical Angina,113.0,80.0,81.0,158.0,244.0,35.0,176.0,False,5.3,False,Normal,False,0.4,Flat,2.0,Reversible Defect,False,False,Low,2.0,1
86414,45,Female,25.4,Asymptomatic,133.0,77.0,76.0,162.0,157.0,52.0,92.0,False,5.3,False,Normal,False,0.0,Flat,0.0,Normal,False,True,Moderate,10.0,0
61565,60,Male,24.6,Atypical Angina,118.0,74.0,71.0,161.0,170.0,,107.0,False,5.4,False,Normal,False,0.0,Up,1.0,Normal,True,False,Moderate,5.0,1
47350,49,Female,21.8,Atypical Angina,120.0,76.0,53.0,167.0,253.0,59.0,184.0,False,5.5,False,Normal,False,0.5,Up,1.0,Normal,,True,High,1.0,0
28018,66,Female,23.07,Non-anginal Pain,119.0,75.0,61.0,186.0,267.0,64.0,187.0,False,4.8,False,Normal,False,0.5,Up,0.0,Normal,False,False,High,5.0,0
10920,42,Female,23.5,Non-anginal Pain,99.0,76.0,58.0,167.0,183.0,67.0,101.0,False,5.3,False,Normal,False,0.0,Flat,0.0,,False,False,High,6.0,0
97280,61,Male,28.7,Atypical Angina,110.0,69.0,78.0,161.0,173.0,26.0,107.0,False,5.5,False,Normal,False,2.7,Flat,2.0,Normal,False,False,Moderate,4.0,0
71489,83,Male,,Asymptomatic,147.0,82.0,82.0,137.0,239.0,46.0,147.0,False,5.0,False,Left Ventricular Hypertrophy,False,0.0,Flat,2.0,Reversible Defect,False,False,Low,3.0,1
5380,58,Female,43.6,Asymptomatic,120.0,83.0,75.0,147.0,227.0,49.0,131.0,True,11.7,True,Normal,False,0.0,Up,1.0,Normal,False,False,Moderate,4.0,0
74141,57,Male,20.1,Asymptomatic,109.0,77.0,73.0,175.0,136.0,45.0,81.0,False,5.3,False,Normal,False,0.0,Up,0.0,Normal,False,True,Moderate,4.0,0
38340,54,Female,32.4,Atypical Angina,120.0,86.0,72.0,169.0,182.0,43.0,121.0,False,5.1,False,Normal,False,0.0,Up,,Normal,False,False,Moderate,3.0,0
13524,60,Female,24.0,Non-anginal Pain,104.0,72.0,63.0,184.0,183.0,63.0,106.0,False,5.6,False,Normal,False,0.0,Up,0.0,Normal,False,False,High,4.0,0
30371,43,Male,24.3,Typical Angina,118.0,83.0,62.0,162.0,180.0,40.0,121.0,False,5.1,False,Normal,True,0.0,Down,1.0,Normal,True,False,Moderate,2.0,1
60510,35,Male,29.1,Asymptomatic,101.0,69.0,69.0,205.0,,51.0,119.0,False,5.3,False,,False,0.1,Flat,0.0,Normal,True,False,Moderate,1.0,0
64438,65,Female,23.9,Asymptomatic,121.0,73.0,83.0,131.0,189.0,70.0,84.0,False,4.8,False,Normal,False,0.0,Flat,2.0,Normal,False,False,Low,3.0,0
17026,70,Male,27.3,Typical Angina,105.0,67.0,70.0,166.0,231.0,41.0,113.0,False,5.6,True,ST-T Wave Abnormality,False,0.6,Up,1.0,Normal,False,False,High,1.0,0
70708,59,Male,44.3,Asymptomatic,145.0,93.0,94.0,137.0,215.0,38.0,100.0,False,6.0,False,Normal,True,0.6,Flat,1.0,Normal,False,True,Low,9.0,1
44011,47,Male,23.7,Asymptomatic,124.0,83.0,70.0,184.0,163.0,34.0,105.0,False,5.3,False,Normal,False,0.0,Up,0.0,Normal,False,False,Low,3.0,0
20379,37,Male,22.0,Atypical Angina,101.0,77.0,70.0,170.0,193.0,67.0,93.0,False,5.7,False,Normal,False,0.0,Up,0.0,Normal,True,False,Low,4.0,0
21200,65,Female,31.1,Non-anginal Pain,101.0,60.0,75.0,177.0,162.0,39.0,109.0,,5.1,False,Normal,True,0.4,Up,1.0,Normal,True,False,Low,5.0,1
4724,73,Male,28.9,Non-anginal Pain,151.0,78.0,83.0,154.0,213.0,27.0,159.0,True,6.0,True,Normal,False,0.0,Flat,1.0,Fixed Defect,False,True,,4.0,1
20420,49,Male,27.9,Non-anginal Pain,94.0,74.0,74.0,171.0,216.0,48.0,121.0,False,4.5,False,Normal,False,0.0,Down,0.0,Normal,True,True,Moderate,9.0,0
63536,51,Male,25.06,Asymptomatic,122.0,72.0,76.0,169.0,168.0,49.0,97.0,False,5.4,False,Normal,False,0.0,Up,0.0,,False,False,Low,8.0,0
2180,75,Male,30.9,Asymptomatic,141.0,80.0,73.0,137.0,163.0,44.0,89.0,,5.5,False,Normal,False,0.0,Flat,1.0,Normal,False,False,Low,3.0,0
97487,46,Female,32.7,,139.0,86.0,72.0,161.0,200.0,52.0,128.0,False,5.1,False,Normal,False,0.0,Up,0.0,Normal,False,False,Moderate,8.0,0
43424,54,Female,23.2,Asymptomatic,107.0,81.0,66.0,172.0,220.0,62.0,136.0,False,4.6,False,Normal,False,0.6,Up,1.0,Normal,True,False,Moderate,7.0,0
57745,64,Male,28.0,Atypical Angina,109.0,55.0,,185.0,240.0,46.0,160.0,True,8.1,True,Normal,False,0.0,Flat,0.0,Normal,False,False,Moderate,6.0,0
68843,43,Female,21.2,Non-anginal Pain,104.0,83.0,75.0,175.0,224.0,38.0,168.0,False,5.2,False,Normal,False,1.8,Flat,0.0,Normal,True,False,Low,7.0,0
93311,70,Male,28.0,Typical Angina,134.0,81.0,68.0,131.0,311.0,51.0,223.0,False,,False,Normal,True,0.4,Up,1.0,Normal,True,True,High,5.0,0
52659,41,Male,27.9,Non-anginal Pain,99.0,66.0,69.0,171.0,211.0,56.0,142.0,False,5.3,False,Normal,False,0.0,,1.0,Normal,False,False,High,7.0,0
81934,60,Male,36.4,Asymptomatic,128.0,79.0,83.0,160.0,188.0,45.0,116.0,False,5.9,False,Normal,False,0.0,Up,0.0,Normal,False,False,Low,3.0,0
57996,67,Female,21.5,Asymptomatic,124.0,69.0,73.0,138.0,269.0,70.0,161.0,False,6.2,True,ST-T Wave Abnormality,False,0.0,Up,1.0,Normal,True,False,Moderate,6.0,1
30368,57,Male,21.08,Asymptomatic,120.0,79.0,72.0,168.0,140.0,49.0,78.0,False,5.3,False,Normal,False,,Down,0.0,Normal,False,False,Moderate,7.0,0
605,69,Female,22.0,Non-anginal Pain,130.0,83.0,64.0,137.0,238.0,67.0,130.0,False,5.3,False,Normal,False,,Up,1.0,Normal,False,True,High,2.0,0
53820,60,Male,15.7,Non-anginal Pain,106.0,64.0,66.0,169.0,177.0,54.0,94.0,False,4.9,False,Normal,False,1.1,Flat,0.0,,True,False,Moderate,6.0,0
2746,53,Male,22.0,Atypical Angina,,72.0,,164.0,211.0,47.0,120.0,False,5.4,False,Normal,False,0.0,Flat,1.0,Normal,True,False,Low,6.0,0
92619,87,Male,26.9,Typical Angina,155.0,95.0,61.0,164.0,237.0,58.0,146.0,False,5.4,False,Normal,False,0.0,Up,0.0,Normal,False,False,Moderate,4.0,0
30145,58,Male,22.2,Non-anginal Pain,126.0,86.0,74.0,143.0,182.0,36.0,121.0,False,,False,Normal,False,0.4,Flat,0.0,Normal,False,False,Moderate,6.0,1
73449,52,Female,21.9,Non-anginal Pain,117.0,82.0,77.0,162.0,238.0,58.0,167.0,True,5.2,False,Normal,False,,Flat,0.0,Reversible Defect,False,False,Moderate,5.0,1
99400,50,Male,28.4,Asymptomatic,128.0,81.0,76.0,154.0,134.0,29.0,76.0,False,5.5,False,ST-T Wave Abnormality,False,1.1,Flat,2.0,Reversible Defect,True,True,Low,8.0,1
51888,75,Male,28.1,Typical Angina,152.0,100.0,73.0,156.0,229.0,40.0,161.0,False,5.4,True,Left Ventricular Hypertrophy,True,1.1,Up,1.0,,False,False,Low,1.0,1
74709,34,Male,26.7,Non-anginal Pain,101.0,75.0,73.0,173.0,190.0,41.0,132.0,False,5.1029,False,Normal,False,0.0,Up,0.0,Normal,False,True,Low,4.0,0
45992,40,Female,28.9,Non-anginal Pain,114.0,82.0,68.0,184.0,217.0,,89.0,True,5.7,False,Normal,False,1.1,Up,0.0,Normal,True,False,Moderate,3.0,1
24743,52,Female,25.1,Asymptomatic,90.0,72.0,81.0,182.0,156.0,45.0,79.0,False,5.7,False,Normal,False,0.0,Up,0.0,Normal,False,True,Moderate,9.0,0
71416,41,Male,21.86,Asymptomatic,,85.0,71.0,159.0,210.0,46.0,101.0,False,5.2,False,Normal,False,3.1,Up,0.0,Normal,False,,Low,6.0,0
65283,45,Male,22.4,Asymptomatic,116.0,88.0,69.0,168.0,187.0,53.0,72.0,False,5.6,False,Left Ventricular Hypertrophy,True,0.0,Flat,0.0,Normal,False,False,Moderate,6.0,0
15501,80,Male,29.1,Non-anginal Pain,134.0,89.0,78.0,115.0,185.0,43.0,122.0,False,6.1,False,Left Ventricular Hypertrophy,True,0.0,Up,3.0,Fixed Defect,False,True,Low,4.0,1
68288,64,Male,32.5,Asymptomatic,140.0,81.0,83.0,164.0,199.0,41.0,99.0,False,4.5,False,ST-T Wave Abnormality,False,2.4,Flat,2.0,Normal,False,False,Moderate,5.0,1
41701,54,Male,26.3,Atypical Angina,125.0,85.0,78.0,172.0,144.0,38.0,70.0,False,5.1,False,ST-T Wave Abnormality,False,0.0,Up,1.0,Normal,True,True,Moderate,6.0,0
45249,56,Male,29.4,Typical Angina,124.0,84.0,75.0,173.0,193.0,51.0,129.0,False,5.2,False,Normal,False,0.6,Flat,,Fixed Defect,False,False,High,7.0,1
22040,46,Male,26.7,Asymptomatic,103.0,79.0,74.0,141.0,,46.0,164.0,False,5.4,False,Normal,False,0.0,Up,0.0,Normal,True,False,Moderate,3.0,0
83473,47,Male,31.01,Atypical Angina,118.0,85.0,73.0,181.0,204.0,51.0,129.0,True,5.8,False,Normal,False,0.0,Up,0.0,Normal,False,False,High,7.0,0
1167,65,Female,40.3,Typical Angina,155.0,85.0,71.0,160.0,176.0,37.0,,False,5.6,False,ST-T Wave Abnormality,False,1.0,Flat,2.0,Normal,True,False,Moderate,4.0,0
38710,73,Male,29.3,Asymptomatic,136.0,87.0,78.0,143.0,173.0,43.0,103.0,False,5.3,False,ST-T Wave Abnormality,False,0.0,Up,3.0,Normal,True,False,Moderate,7.0,1
18377,34,Female,28.2,Asymptomatic,106.0,79.0,52.0,189.0,241.0,65.0,132.0,False,5.0,False,Normal,False,0.0,Up,0.0,Normal,False,True,High,6.0,0
45420,35,Male,32.1,Asymptomatic,123.0,77.0,72.0,170.0,220.0,37.0,128.0,True,7.6,True,Normal,False,1.3,Flat,0.0,Reversible Defect,False,True,Moderate,5.0,1
30035,31,Male,24.8,Asymptomatic,118.0,75.0,56.0,175.0,144.0,20.0,83.0,True,6.2,False,Normal,False,0.3,Up,0.0,Normal,False,False,Moderate,1.0,0
21006,39,Female,24.8,Atypical Angina,103.0,70.0,67.0,197.0,273.0,43.0,216.0,False,4.9,False,Normal,False,0.0,Flat,0.0,Normal,False,True,Moderate,8.0,0
89802,59,Male,25.0,Asymptomatic,131.0,89.0,70.0,188.0,300.0,54.0,191.0,False,5.5,False,Normal,False,0.0,Up,0.0,Normal,True,True,Low,6.0,1
62670,69,Male,24.0,Asymptomatic,117.0,77.0,58.0,172.0,170.0,60.0,84.0,False,5.4,False,Normal,True,1.2,Flat,1.0,Normal,False,False,High,5.0,0
55927,62,Female,27.7,Asymptomatic,127.0,79.0,73.0,158.0,204.0,52.0,113.0,False,5.2,False,Left Ventricular Hypertrophy,False,,Up,2.0,Normal,False,False,Moderate,6.0,0
54199,55,Male,27.4,Asymptomatic,127.0,82.0,65.0,181.0,,38.0,72.0,False,5.5,False,Normal,False,0.0,Up,1.0,Normal,False,False,High,8.0,0
71243,71,Female,33.8,Non-anginal Pain,118.0,66.0,81.0,140.0,219.0,54.0,109.0,False,4.9,False,Normal,False,0.2,Up,1.0,Normal,False,True,Moderate,7.0,0
70475,77,Female,24.5,Typical Angina,142.0,90.0,,140.0,201.0,49.0,126.0,False,5.0,False,ST-T Wave Abnormality,True,1.5,Up,0.0,Reversible Defect,False,True,Low,5.0,1
65123,55,Male,27.1,Asymptomatic,124.0,80.0,68.0,180.0,188.0,39.0,127.0,False,5.2,False,Normal,False,0.0,Flat,0.0,Normal,False,False,Moderate,3.0,0
73190,41,Female,22.3,Asymptomatic,115.0,77.0,71.0,,203.0,53.0,118.0,False,4.8,False,Normal,False,0.4,Flat,0.0,Normal,True,False,,7.0,0
40038,50,Male,29.39,Asymptomatic,109.0,90.0,71.0,173.0,235.0,57.0,155.0,False,5.0,False,Normal,,0.0,Up,1.0,Normal,False,False,Moderate,5.0,0
50955,64,Female,25.5,Atypical Angina,117.0,77.0,80.0,147.0,174.0,46.0,87.0,False,6.0,False,Normal,False,0.0,Up,0.0,Normal,False,False,Moderate,10.0,0
43398,74,Male,34.87,Atypical Angina,126.0,77.0,,141.0,272.0,54.0,134.0,False,5.0,False,Normal,False,0.0,Up,0.0,Normal,False,True,Low,1.0,0
96475,80,Male,27.7,Atypical Angina,146.0,90.0,73.0,135.0,180.0,47.0,106.0,False,5.2,False,Normal,False,,Up,3.0,Normal,False,True,Low,4.0,1
86400,44,Female,23.9,Non-anginal Pain,99.0,63.0,72.0,165.0,203.0,32.0,167.0,False,5.0,False,Normal,False,0.0,,0.0,Normal,False,False,Low,3.0,0
69817,68,Male,26.9,Non-anginal Pain,106.0,73.0,80.0,145.0,174.0,40.0,123.0,False,5.6,False,Normal,True,0.9,Up,0.0,Normal,False,False,Low,2.0,1
41850,46,Male,25.2,Atypical Angina,92.0,66.0,60.0,183.0,197.0,54.0,91.0,False,5.6,,Normal,False,0.0,Up,0.0,Normal,True,False,High,1.0,0
26303,80,Male,26.5,Atypical Angina,136.0,85.0,70.0,136.0,144.0,30.0,103.0,False,5.5,False,Normal,False,0.0,Down,0.0,Reversible Defect,True,True,Moderate,1.0,0
76183,62,Male,26.39,Asymptomatic,118.0,79.0,74.0,133.0,222.0,58.0,111.0,False,5.9,False,ST-T Wave Abnormality,True,0.0,Up,3.0,Reversible Defect,,False,Low,2.0,0
81838,38,Male,27.0,Non-anginal Pain,112.0,81.0,77.0,152.0,,,137.0,False,5.1,False,Normal,True,0.0,Down,0.0,Normal,False,False,Low,6.0,0
78156,52,Female,20.16,Non-anginal Pain,121.0,82.0,71.0,170.0,174.0,51.0,91.0,False,4.9,False,Normal,False,2.0,Flat,0.0,Normal,False,False,Moderate,3.0,0
42241,33,Male,28.9,Typical Angina,110.0,77.0,78.0,181.0,225.0,39.0,182.0,False,4.8,False,Normal,False,0.0,Down,0.0,Fixed Defect,False,True,Moderate,4.0,1
87062,43,Female,22.58,Asymptomatic,112.0,71.0,70.0,187.0,158.0,63.0,86.0,True,4.6,False,Normal,False,0.0,Up,0.0,Normal,False,True,Moderate,7.0,0
65745,51,Male,26.5,Asymptomatic,116.0,72.0,67.0,210.0,177.0,36.0,108.0,False,5.4,False,Normal,False,0.0,Flat,0.0,Normal,False,True,Moderate,6.0,0
73204,26,Male,18.3,Asymptomatic,117.0,54.0,62.0,172.0,169.0,59.0,98.0,False,4.9,False,Normal,False,0.0,Flat,1.0,Normal,True,False,High,8.0,0
97032,56,Male,43.47,Asymptomatic,135.0,106.0,77.0,168.0,252.0,49.0,,False,5.4,False,ST-T Wave Abnormality,False,1.8,Flat,3.0,Reversible Defect,False,False,Moderate,5.0,1
45983,37,Male,23.5,Asymptomatic,121.0,70.0,68.0,151.0,156.0,41.0,98.0,False,4.7,False,Normal,False,0.0,Flat,0.0,Reversible Defect,False,False,High,1.0,0
99308,77,Female,26.7,Non-anginal Pain,141.0,89.0,114.0,150.0,218.0,45.0,150.0,False,7.0,True,Normal,False,0.5,Up,0.0,Normal,False,True,Moderate,5.0,0
14311,77,Female,29.1,Non-anginal Pain,132.0,82.0,63.0,149.0,219.0,50.0,155.0,True,6.1,True,Left Ventricular Hypertrophy,False,0.6,Flat,0.0,Normal,False,True,High,1.0,1
10676,53,Male,25.8,Non-anginal Pain,91.0,74.0,66.0,156.0,187.0,43.0,120.0,False,5.1,False,Normal,False,0.7,Flat,1.0,Normal,False,False,Moderate,8.0,0
28445,41,Female,20.4,Typical Angina,,82.0,66.0,137.0,210.0,59.0,109.0,False,4.8,False,Normal,True,1.6,Down,0.0,Normal,False,False,Low,5.0,1
43483,69,Female,26.9,Asymptomatic,,73.0,70.0,140.0,165.0,53.0,82.0,False,6.5,False,,False,0.0,Flat,1.0,Normal,False,True,Moderate,2.0,1
62420,61,Female,31.0,Atypical Angina,136.0,83.0,85.0,153.0,270.0,61.0,147.0,False,5.5,False,Normal,False,0.0,Flat,0.0,Normal,False,False,Moderate,2.0,0
73371,54,Female,25.39,Non-anginal Pain,111.0,77.0,84.0,189.0,229.0,64.0,144.0,False,5.0,False,Normal,False,0.5,Up,0.0,Normal,True,False,Moderate,2.0,0
62992,58,Male,21.6,Typical Angina,123.0,76.0,81.0,163.0,157.0,31.0,107.0,False,5.3,False,Normal,False,0.9,Flat,1.0,Normal,False,False,High,4.0,1
46391,38,Male,24.8,Non-anginal Pain,103.0,72.0,74.0,,132.0,39.0,74.0,False,4.8,False,Normal,True,,Up,0.0,Normal,False,False,Moderate,9.0,0
34009,57,Female,27.8,Asymptomatic,126.0,74.0,83.0,157.0,259.0,46.0,192.0,False,5.5,False,Normal,False,0.0,Up,2.0,Normal,False,False,Low,9.0,0
30897,54,Male,23.9,Asymptomatic,120.0,79.0,77.0,159.0,175.0,44.0,122.0,False,5.3,False,Normal,False,1.1,Flat,1.0,Reversible Defect,False,False,Low,7.0,0
63760,62,Male,27.9,Asymptomatic,115.0,79.0,71.0,157.0,193.0,64.0,115.0,True,8.6,,ST-T Wave Abnormality,False,0.0,Up,1.0,Normal,True,True,High,8.0,1
77138,59,Male,29.0,Asymptomatic,139.0,90.0,89.0,143.0,194.0,39.0,,False,5.3,False,,False,0.1,Flat,1.0,Normal,False,False,Low,8.0,0
73729,59,Male,38.0,Asymptomatic,140.0,89.0,66.0,159.0,155.0,36.0,100.0,False,4.7,False,Normal,False,0.0,Up,0.0,Normal,False,False,Low,5.0,0
76119,84,Male,21.2,Atypical Angina,134.0,86.0,73.0,130.0,,,,True,8.0,True,Normal,False,0.0,Flat,0.0,Reversible Defect,False,True,Moderate,1.0,1
33435,48,Male,32.7,Asymptomatic,104.0,68.0,81.0,129.0,174.0,49.0,103.0,False,5.4,False,Normal,False,,Up,1.0,Normal,False,False,Low,5.0,0
12919,65,Male,37.5,Asymptomatic,144.0,78.0,84.0,144.0,260.0,42.0,186.0,False,5.1,False,,True,4.1,Flat,1.0,Reversible Defect,True,False,Moderate,1.0,1
81717,64,Female,27.9,Non-anginal Pain,104.0,65.0,75.0,145.0,184.0,56.0,,False,,False,Normal,False,0.2,Up,0.0,Normal,False,False,Low,2.0,0
27554,69,Female,26.4,Atypical Angina,138.0,83.0,63.0,163.0,,,,False,5.1,False,Normal,False,,,2.0,Normal,False,True,Moderate,1.0,1
94898,26,Male,25.6,Atypical Angina,108.0,65.0,45.0,191.0,238.0,51.0,120.0,False,5.1,False,Normal,False,1.7,Flat,0.0,Normal,True,False,High,2.0,0
16083,75,Male,32.8,Asymptomatic,,93.0,66.0,156.0,228.0,46.0,151.0,False,5.4,True,ST-T Wave Abnormality,False,0.8,Up,2.0,Normal,False,False,Moderate,1.0,0
12529,64,Female,25.8,Atypical Angina,117.0,79.0,65.0,155.0,182.0,,117.0,False,6.7,True,Normal,True,1.5,Down,0.0,Normal,,True,Low,5.0,1
60800,88,Female,26.87,Asymptomatic,154.0,95.0,79.0,129.0,168.0,47.0,101.0,False,5.7,False,Normal,True,0.8,Up,0.0,Normal,False,True,Low,5.0,1
15169,45,Male,24.9,Asymptomatic,123.0,70.0,72.0,169.0,180.0,61.0,109.0,False,5.3,False,Normal,True,1.3,Flat,0.0,Normal,False,False,Low,4.0,0
65194,34,Male,26.02,Asymptomatic,90.0,72.0,74.0,164.0,190.0,50.0,107.0,False,5.5,False,Normal,False,0.0,Flat,0.0,Normal,True,False,Moderate,4.0,0
35263,59,Male,27.9,Non-anginal Pain,122.0,85.0,75.0,121.0,199.0,50.0,127.0,False,5.4,,,True,,Flat,,Normal,False,,Moderate,9.0,0
39168,55,Male,25.09,Atypical Angina,112.0,78.0,83.0,169.0,219.0,42.0,156.0,False,5.8,False,Normal,False,0.6,Up,1.0,Normal,True,True,Low,7.0,1
26548,56,Female,26.4,Asymptomatic,107.0,74.0,68.0,146.0,211.0,53.0,150.0,False,4.7,False,ST-T Wave Abnormality,True,,Flat,1.0,Normal,False,False,Low,8.0,0
9401,65,Male,21.9,Asymptomatic,111.0,72.0,61.0,180.0,168.0,24.0,119.0,False,5.7,False,Normal,False,0.0,Up,0.0,Normal,True,False,Low,4.0,0
61340,64,Female,21.3,Non-anginal Pain,137.0,83.0,76.0,161.0,174.0,43.0,114.0,False,4.6,False,Normal,True,0.0,Flat,2.0,Reversible Defect,False,False,Moderate,3.0,1
70703,54,Male,19.37,Asymptomatic,120.0,74.0,76.0,162.0,,29.0,70.0,False,,False,Normal,False,0.5,Flat,,,True,False,Low,6.0,0
82694,61,Female,20.6,Typical Angina,204.0,107.0,,122.0,183.0,48.0,,False,5.5,False,Left Ventricular Hypertrophy,False,2.3,Flat,1.0,,False,False,Low,7.0,0
88750,48,Male,27.4,Atypical Angina,188.0,100.0,75.0,155.0,251.0,47.0,178.0,False,,False,Normal,False,0.0,Up,1.0,Reversible Defect,False,True,Low,10.0,1
6019,70,Male,30.4,Asymptomatic,118.0,70.0,69.0,167.0,228.0,46.0,142.0,False,5.6,False,Normal,False,0.0,Up,0.0,Normal,False,False,Moderate,10.0,0
89181,55,Female,23.6,Asymptomatic,106.0,75.0,65.0,159.0,180.0,60.0,98.0,False,4.9,False,Normal,False,0.0,Up,0.0,Normal,False,False,Low,2.0,0
57270,55,Female,32.9,Asymptomatic,121.0,78.0,68.0,152.0,204.0,53.0,118.0,True,7.4,True,Normal,False,0.0,Flat,1.0,Normal,False,True,Moderate,2.0,0
2069,45,Female,23.3,Asymptomatic,123.0,80.0,72.0,156.0,228.0,49.0,98.0,False,5.3,False,Normal,False,0.0,Up,0.0,Normal,False,False,Moderate,5.0,0
287,41,Male,20.9,Non-anginal Pain,117.0,71.0,72.0,179.0,118.0,52.0,64.0,False,4.6,False,Normal,False,0.0,Up,0.0,Normal,False,False,Moderate,6.0,0
94012,64,Female,32.16,Typical Angina,123.0,90.0,82.0,150.0,231.0,45.0,149.0,True,9.5,True,Normal,False,0.2,Up,0.0,Normal,False,True,Low,8.0,1
99449,76,Female,22.9,Asymptomatic,123.0,76.0,,167.0,,63.0,94.0,False,5.6,False,ST-T Wave Abnormality,False,1.2,Down,1.0,,False,True,Moderate,4.0,1
15556,82,Female,20.1,Atypical Angina,143.0,92.0,70.0,157.0,317.0,63.0,242.0,False,5.3,False,Normal,False,,Up,0.0,Normal,False,False,Moderate,9.0,1
92959,69,Male,23.21,Asymptomatic,140.0,78.0,76.0,144.0,172.0,56.0,,False,5.2,,Normal,False,0.2,Flat,1.0,Normal,False,False,Low,4.0,0
14744,62,Male,25.3,Non-anginal Pain,119.0,81.0,71.0,161.0,204.0,48.0,132.0,False,5.2,False,Normal,False,0.0,Flat,0.0,Normal,True,False,High,4.0,0
16599,68,Female,31.2,Non-anginal Pain,114.0,76.0,62.0,161.0,195.0,54.0,111.0,False,5.7,False,Normal,True,0.0,Flat,2.0,Normal,False,True,High,1.0,1
82222,37,Female,26.0,Asymptomatic,118.0,79.0,66.0,154.0,279.0,52.0,198.0,False,5.4,False,Normal,False,1.0,Up,0.0,Normal,False,False,High,6.0,0
95595,59,Female,27.0,Non-anginal Pain,127.0,68.0,79.0,146.0,172.0,31.0,103.0,False,5.2,False,Normal,False,0.0,Up,1.0,Reversible Defect,False,False,Low,3.0,1
86357,60,Male,23.1,Non-anginal Pain,133.0,77.0,63.0,159.0,166.0,50.0,97.0,False,5.1,False,Normal,False,0.3,Flat,0.0,,False,False,Moderate,6.0,1
17534,37,Female,24.8,Asymptomatic,92.0,64.0,65.0,192.0,194.0,40.0,119.0,False,5.7,False,Normal,False,0.3,Flat,1.0,Normal,True,False,Low,8.0,0
10181,66,Female,28.4,Typical Angina,137.0,82.0,61.0,151.0,200.0,58.0,110.0,False,7.3,True,Normal,False,1.0,Flat,0.0,Normal,False,False,High,5.0,0
78284,33,Female,23.9,Asymptomatic,108.0,72.0,57.0,177.0,255.0,74.0,158.0,False,5.7,False,Normal,True,,Up,0.0,Normal,False,False,Low,2.0,0
73858,62,Male,34.1,Non-anginal Pain,131.0,85.0,75.0,156.0,182.0,40.0,103.0,,5.0,False,Normal,False,0.0,Up,1.0,Normal,False,True,Moderate,5.0,0
30550,41,Male,25.2,Non-anginal Pain,124.0,87.0,76.0,184.0,233.0,40.0,152.0,True,7.2,True,,False,0.0,Up,1.0,Normal,False,True,High,6.0,0
27317,78,Female,25.4,Typical Angina,154.0,82.0,76.0,135.0,165.0,53.0,76.0,False,6.3,True,,False,1.1,Up,0.0,Normal,False,False,Moderate,5.0,0
31616,54,Female,26.7,Asymptomatic,124.0,87.0,47.0,167.0,172.0,73.0,84.0,False,5.8,False,Normal,False,0.0,Flat,1.0,Normal,False,True,High,3.0,0
36220,72,Male,24.6,Atypical Angina,101.0,70.0,125.0,161.0,245.0,43.0,174.0,False,,False,Normal,False,0.8,Up,1.0,Normal,False,True,Moderate,5.0,0
68212,72,Male,29.12,Atypical Angina,129.0,87.0,77.0,142.0,229.0,47.0,136.0,False,5.4,False,Normal,False,0.0,Up,0.0,Reversible Defect,False,False,Low,10.0,1
812,48,Male,28.7,Non-anginal Pain,135.0,93.0,78.0,144.0,,48.0,79.0,True,,False,Normal,False,0.0,,1.0,Normal,False,False,Moderate,4.0,0
44807,76,Male,18.0,Asymptomatic,140.0,77.0,78.0,128.0,219.0,43.0,152.0,False,5.2,False,Normal,False,0.2,Up,1.0,Reversible Defect,False,False,Low,5.0,0
89498,65,Male,28.6,Asymptomatic,118.0,75.0,77.0,166.0,158.0,40.0,95.0,False,5.7,False,Normal,False,1.3,Down,1.0,Normal,True,False,Low,6.0,1
48367,52,Male,30.2,Non-anginal Pain,112.0,82.0,72.0,177.0,163.0,47.0,79.0,True,4.7,False,Normal,False,0.0,Up,0.0,Normal,True,False,Moderate,7.0,0
9972,38,Male,31.7,Non-anginal Pain,118.0,69.0,84.0,166.0,195.0,34.0,127.0,False,5.0,False,Normal,False,0.0,Up,0.0,Normal,True,False,Low,4.0,1
93305,62,Female,25.5,Asymptomatic,126.0,73.0,57.0,174.0,179.0,50.0,107.0,False,5.2,False,Normal,False,0.1,Up,0.0,Normal,False,True,High,5.0,0
9247,54,Female,25.86,Non-anginal Pain,124.0,76.0,68.0,182.0,154.0,44.0,96.0,False,5.8,False,Normal,False,0.0,Up,1.0,Reversible Defect,False,False,,6.0,0
46023,59,Male,30.58,Asymptomatic,112.0,83.0,68.0,158.0,217.0,32.0,157.0,False,,False,Normal,False,0.0,Up,0.0,Normal,False,False,,8.0,0
22139,50,Female,27.0,Asymptomatic,114.0,70.0,91.0,155.0,,62.0,88.0,False,4.7,False,Normal,True,0.0,Up,0.0,Reversible Defect,False,True,Low,6.0,0
25943,59,Male,28.5,Asymptomatic,,81.0,77.0,147.0,185.0,39.0,115.0,False,5.9,False,Normal,False,0.0,Down,1.0,Normal,False,True,Low,7.0,0
66265,27,Male,23.0,Asymptomatic,115.0,71.0,63.0,201.0,141.0,35.0,87.0,False,5.8,False,Normal,False,1.1,Flat,0.0,Reversible Defect,False,,Moderate,6.0,0
27116,38,Female,,Asymptomatic,107.0,74.0,73.0,181.0,160.0,55.0,81.0,False,4.5,False,,False,0.0,Up,0.0,Normal,False,True,Moderate,3.0,0
89927,60,FEMALE,23.7,Atypical Angina,127.0,86.0,82.0,140.0,187.0,57.0,112.0,False,4.7,False,ST-T Wave Abnormality,False,1.2,Flat,0.0,Normal,False,False,Low,6.0,0
58960,58,Female,17.8,Non-anginal Pain,108.0,82.0,63.0,181.0,225.0,62.0,124.0,False,5.4,False,Normal,False,0.0,Up,0.0,Normal,False,False,Moderate,4.0,1
43725,45,Female,35.5,Non-anginal Pain,134.0,80.0,69.0,154.0,250.0,37.0,196.0,False,5.2,False,Normal,False,1.3,Flat,0.0,Normal,False,False,Low,2.0,0
65386,59,Female,36.1,Non-anginal Pain,122.0,68.0,80.0,163.0,197.0,41.0,121.0,False,5.7,False,Normal,False,2.1,Flat,0.0,Fixed Defect,False,False,Moderate,5.0,1
91055,69,Male,34.3,Atypical Angina,138.0,91.0,83.0,168.0,188.0,44.0,121.0,False,5.4,False,,False,0.0,Flat,0.0,Reversible Defect,True,False,Low,8.0,1
40182,39,Female,21.7,Non-anginal Pain,113.0,72.0,63.0,182.0,177.0,56.0,89.0,False,5.0,False,Normal,True,0.0,Up,0.0,Normal,False,False,High,9.0,0
35787,40,Female,23.4,Asymptomatic,117.0,74.0,81.0,167.0,177.0,40.0,111.0,False,5.3,False,Normal,False,0.2,Flat,0.0,Normal,True,True,Moderate,10.0,0
82732,59,Female,28.6,Atypical Angina,117.0,68.0,71.0,172.0,156.0,70.0,,False,5.8,False,Normal,False,2.2,Flat,3.0,Normal,False,True,Moderate,2.0,0
83816,39,Male,24.7,Non-anginal Pain,98.0,75.0,62.0,179.0,194.0,44.0,87.0,False,5.4,False,Normal,False,0.0,Up,0.0,Normal,True,True,Moderate,9.0,1
92965,43,Male,30.6,Non-anginal Pain,107.0,66.0,68.0,171.0,,25.0,99.0,True,7.5,True,Normal,False,0.0,Up,0.0,Normal,False,False,Low,4.0,1
37227,40,Female,24.7,Asymptomatic,110.0,81.0,90.0,188.0,233.0,53.0,152.0,False,5.2,False,Normal,False,0.0,Flat,0.0,Normal,True,False,Moderate,5.0,0
35028,48,Female,26.6,Non-anginal Pain,118.0,69.0,78.0,169.0,213.0,54.0,134.0,False,5.5,False,Normal,False,0.0,Flat,0.0,Normal,False,False,Low,7.0,0
3081,66,Female,30.43,Asymptomatic,139.0,89.0,71.0,165.0,197.0,49.0,129.0,False,5.9,False,Normal,True,0.0,Flat,0.0,Normal,False,True,Low,8.0,0
7407,61,Male,,Atypical Angina,129.0,81.0,121.0,141.0,210.0,38.0,151.0,False,5.5,False,Normal,True,1.3,,1.0,Reversible Defect,False,False,Low,4.0,0
67871,86,Female,34.2,Asymptomatic,141.0,88.0,80.0,122.0,233.0,55.0,165.0,False,5.7,False,Normal,False,2.0,Flat,3.0,Reversible Defect,True,False,Low,4.0,1
31733,49,Male,17.8,Asymptomatic,143.0,92.0,,163.0,188.0,56.0,109.0,False,5.4,False,Normal,False,0.8,Flat,1.0,Normal,False,False,High,4.0,1
78634,47,Female,25.3,Asymptomatic,120.0,80.0,62.0,203.0,232.0,63.0,152.0,False,5.6,False,Normal,False,0.0,Up,0.0,Normal,True,False,High,6.0,0
81939,63,Female,25.5,Asymptomatic,145.0,94.0,64.0,157.0,188.0,54.0,133.0,,5.3,False,Normal,False,0.0,Flat,1.0,,False,False,Moderate,7.0,0
91001,82,Female,25.0,Non-anginal Pain,156.0,87.0,75.0,165.0,177.0,48.0,89.0,True,7.7,True,ST-T Wave Abnormality,False,,Down,0.0,,False,True,Moderate,6.0,1
7828,51,Male,24.6,Atypical Angina,132.0,76.0,64.0,192.0,,35.0,,True,6.4,True,ST-T Wave Abnormality,False,0.0,Flat,1.0,Normal,False,True,High,3.0,0
97173,26,Female,25.9,Non-anginal Pain,110.0,73.0,71.0,199.0,162.0,61.0,72.0,False,5.3,False,Normal,True,0.0,Up,0.0,Normal,False,False,Moderate,7.0,0
86441,68,Female,,Asymptomatic,142.0,82.0,81.0,144.0,174.0,40.0,120.0,False,5.2,False,ST-T Wave Abnormality,False,0.1,Flat,0.0,Normal,True,False,Low,5.0,1
45068,33,Male,28.51,Asymptomatic,101.0,86.0,66.0,207.0,192.0,59.0,88.0,False,5.7,False,ST-T Wave Abnormality,False,0.0,Flat,0.0,Normal,False,False,High,8.0,0
2685,50,Male,27.1,Asymptomatic,107.0,70.0,65.0,178.0,,31.0,103.0,False,5.3,False,ST-T Wave Abnormality,False,0.0,Flat,0.0,Normal,False,True,Low,2.0,0
97843,46,Male,24.0,Non-anginal Pain,108.0,73.0,82.0,170.0,128.0,45.0,73.0,False,4.4,False,Normal,False,0.0,Down,0.0,Normal,False,False,Moderate,8.0,0
9615,32,Male,25.2,Non-anginal Pain,105.0,66.0,67.0,190.0,132.0,24.0,93.0,False,5.4,False,Normal,False,0.0,Up,0.0,Normal,False,False,Moderate,7.0,0
76760,54,Male,35.08,Non-anginal Pain,108.0,80.0,61.0,172.0,223.0,45.0,163.0,True,7.0,True,ST-T Wave Abnormality,False,0.7,Up,0.0,Normal,False,True,Low,3.0,0
14394,59,Male,34.8,Asymptomatic,103.0,81.0,76.0,196.0,,49.0,69.0,False,5.2,False,Normal,False,0.8,Down,0.0,Normal,False,True,Moderate,6.0,0
88216,45,Female,30.72,Non-anginal Pain,112.0,82.0,85.0,189.0,,,,False,5.5,False,Normal,False,0.0,Flat,0.0,Normal,True,True,Low,7.0,0
10939,64,female,26.3,Asymptomatic,138.0,96.0,79.0,135.0,149.0,48.0,88.0,False,4.8,False,Normal,False,0.1,Flat,0.0,Normal,False,False,Low,5.0,0
2274,79,Female,38.9,Asymptomatic,151.0,83.0,71.0,122.0,250.0,33.0,193.0,False,5.8,False,Normal,False,0.3,Down,1.0,Normal,False,False,Low,5.0,1
56537,55,Male,25.8,Non-anginal Pain,126.0,,82.0,185.0,208.0,36.0,174.0,False,5.4,False,Normal,False,1.7,Flat,0.0,Reversible Defect,False,False,,5.0,0
71154,62,Female,23.7,Typical Angina,116.0,78.0,70.0,152.0,139.0,46.0,74.0,False,4.8,False,ST-T Wave Abnormality,False,1.3,Flat,2.0,Normal,False,True,Moderate,5.0,1
67540,72,Male,30.6,Non-anginal Pain,127.0,79.0,67.0,138.0,160.0,44.0,96.0,True,8.2,True,ST-T Wave Abnormality,False,0.7,Up,0.0,Normal,False,False,Moderate,2.0,1
82245,31,Female,24.8,Asymptomatic,114.0,74.0,62.0,195.0,207.0,64.0,120.0,False,4.9,False,ST-T Wave Abnormality,False,0.0,Up,0.0,Normal,False,False,High,5.0,0
35537,80,Male,,Non-anginal Pain,134.0,81.0,84.0,160.0,180.0,49.0,115.0,False,5.3,False,Normal,False,0.3,Up,2.0,Reversible Defect,False,False,Moderate,8.0,1
37291,52,Female,29.1,Asymptomatic,102.0,70.0,69.0,171.0,188.0,53.0,100.0,False,5.6,False,Normal,False,1.3,Flat,0.0,Normal,False,True,Low,4.0,0
62023,80,Female,29.2,Asymptomatic,128.0,82.0,72.0,135.0,196.0,44.0,121.0,False,5.4,False,Normal,True,1.1,Flat,1.0,Normal,False,False,Low,6.0,1
37344,37,Female,26.02682,Atypical Angina,107.0,70.0,76.0,186.0,222.0,46.0,137.0,,5.2,False,Left Ventricular Hypertrophy,False,0.0,Flat,0.0,Fixed Defect,False,False,Moderate,9.0,0
39859,67,Male,28.7,Atypical Angina,145.0,91.0,74.0,145.0,216.0,54.0,135.0,False,5.4,False,Normal,False,0.3,Up,0.0,Normal,False,False,Moderate,5.0,0
76259,85,Female,24.1,Typical Angina,124.0,62.0,67.0,114.0,179.0,53.0,98.0,False,5.2,False,Normal,False,0.5,Up,3.0,Normal,False,False,Low,6.0,1
49278,43,Female,24.2,Non-anginal Pain,100.0,65.0,70.0,148.0,109.0,25.0,58.0,False,5.5,False,Normal,False,0.0,Up,0.0,Normal,False,False,Low,,0
66010,44,Male,31.4,Non-anginal Pain,103.0,63.0,67.0,163.0,230.0,44.0,148.0,True,5.5,False,Normal,False,0.6,Up,0.0,Normal,False,False,Moderate,6.0,0
33148,55,Female,26.7,Non-anginal Pain,109.0,,63.0,176.0,188.0,55.0,100.0,True,6.2,True,Normal,True,5.7,Flat,0.0,Normal,False,True,Moderate,5.0,1
77001,63,Female,24.74,Asymptomatic,133.0,86.0,65.0,152.0,219.0,62.0,138.0,False,5.3,False,Normal,True,0.8,Flat,0.0,Fixed Defect,,False,Moderate,6.0,1
14758,60,Male,23.0,Asymptomatic,132.0,76.0,76.0,162.0,215.0,60.0,122.0,False,5.9,False,ST-T Wave Abnormality,False,0.0,Flat,1.0,Normal,False,False,Moderate,6.0,0
34138,60,Male,22.5,Asymptomatic,129.0,70.0,74.0,153.0,185.0,36.0,129.0,False,,False,Normal,False,1.4,Up,1.0,Normal,False,False,Moderate,4.0,1
65536,52,Female,24.8,Non-anginal Pain,119.0,76.0,79.0,164.0,192.0,64.0,111.0,False,5.9,False,Normal,True,1.4,Flat,0.0,Normal,False,False,,3.0,0
36177,40,Male,18.7,Asymptomatic,123.0,79.0,55.0,198.0,334.0,58.0,233.0,False,5.2,False,ST-T Wave Abnormality,False,0.0,Flat,0.0,Normal,False,True,High,6.0,1
98098,55,Male,39.2,Typical Angina,127.0,79.0,82.0,157.0,173.0,34.0,111.0,True,7.2,True,Normal,False,0.0,Up,2.0,Fixed Defect,False,True,Low,4.0,1
23549,51,Female,23.88,Non-anginal Pain,116.0,72.0,75.0,177.0,227.0,50.0,150.0,False,5.2,False,Normal,False,0.0,Up,0.0,Normal,False,False,Low,5.0,0
18411,59,Male,33.1,Atypical Angina,132.0,76.0,87.0,128.0,163.0,27.0,122.0,False,4.8,False,ST-T Wave Abnormality,False,,Down,2.0,Fixed Defect,True,False,Low,5.0,1
73502,58,Female,34.6,Asymptomatic,140.0,80.0,78.0,153.0,177.0,42.0,102.0,False,7.2,True,Normal,True,3.7,Flat,1.0,Fixed Defect,False,False,Low,3.0,1
99805,66,Female,29.1,,118.0,77.0,69.0,149.0,213.0,47.0,129.0,False,5.8,False,Normal,False,0.7,Flat,1.0,Normal,False,False,Moderate,2.0,0
7834,61,Female,34.8,Asymptomatic,138.0,89.0,69.0,164.0,163.0,54.0,63.0,False,5.7,False,Left Ventricular Hypertrophy,False,0.0,Up,2.0,Normal,False,False,Moderate,9.0,0
12157,44,Female,29.7,Asymptomatic,119.0,81.0,70.0,182.0,230.0,54.0,,False,,False,Normal,False,0.0,Up,1.0,,False,False,Low,5.0,0
96524,68,Female,30.04,Atypical Angina,151.0,90.0,82.0,127.0,212.0,45.0,140.0,False,5.8,False,ST-T Wave Abnormality,False,1.1,Flat,0.0,Normal,False,False,Low,8.0,1
46293,46,Female,20.8,Atypical Angina,110.0,71.0,,194.0,191.0,65.0,100.0,False,5.3,False,Normal,False,0.0,Up,0.0,Normal,True,False,High,4.0,0
31549,48,Female,32.9,Asymptomatic,134.0,90.0,74.0,161.0,198.0,56.0,104.0,False,5.3,False,Normal,False,0.0,Up,1.0,Normal,False,False,High,5.0,0
89238,45,Male,19.6,Asymptomatic,122.0,85.0,70.0,,185.0,,126.0,False,5.0,False,Normal,True,1.3,Flat,0.0,Normal,True,False,Moderate,7.0,0
88358,68,Female,36.1,Asymptomatic,148.0,99.0,72.0,140.0,229.0,52.0,147.0,False,5.2,False,Normal,False,0.0,Flat,1.0,Reversible Defect,False,False,Low,7.0,0
77767,42,Female,23.26,Atypical Angina,121.0,75.0,60.0,160.0,214.0,42.0,125.0,False,4.5,False,Normal,False,0.0,Flat,0.0,Normal,True,False,Moderate,6.0,0
17057,45,Female,31.8,Asymptomatic,115.0,81.0,74.0,178.0,212.0,42.0,131.0,False,4.9,False,Normal,False,0.0,Up,0.0,Normal,False,False,Moderate,9.0,0
57620,63,Female,28.5,Asymptomatic,134.0,79.0,81.0,168.0,182.0,55.0,108.0,False,5.2,False,Normal,False,0.0,Flat,0.0,Normal,True,True,Low,5.0,0
79836,56,Female,31.3,Asymptomatic,123.0,78.0,72.0,151.0,263.0,58.0,,True,6.9,True,Normal,True,2.4,Flat,0.0,Normal,False,False,Moderate,4.0,0
64585,41,Female,,Non-anginal Pain,105.0,72.0,78.0,177.0,131.0,59.0,60.0,False,5.5,False,Normal,False,0.0,Up,0.0,Normal,False,True,Moderate,7.0,0
17699,65,Male,27.7,Non-anginal Pain,142.0,92.0,83.0,152.0,209.0,50.0,137.0,False,5.6,False,Normal,False,0.3,Up,1.0,Normal,False,True,Low,,1
37183,71,Male,25.4,Atypical Angina,118.0,76.0,85.0,156.0,221.0,69.0,106.0,False,5.3,False,Normal,False,1.4,Flat,0.0,Reversible Defect,False,False,Moderate,9.0,0
69618,54,Male,31.2,Asymptomatic,107.0,63.0,73.0,168.0,222.0,43.0,157.0,False,5.7,False,Normal,False,0.0,Up,0.0,Normal,False,False,Moderate,6.0,0
72847,38,Female,26.6,Asymptomatic,121.0,65.0,68.0,192.0,163.0,,,False,5.7,False,Normal,False,0.0,Flat,0.0,Normal,False,False,Moderate,8.0,0
13561,67,Female,29.2,Typical Angina,144.0,96.0,89.0,145.0,291.0,45.0,223.0,False,5.4,False,,True,0.0,Flat,2.0,,True,False,Moderate,10.0,1
69149,72,Male,40.7,Asymptomatic,128.0,79.0,86.0,150.0,209.0,48.0,107.0,False,5.5,False,Normal,False,0.0,Up,1.0,Normal,False,False,Low,7.0,0
70760,43,Female,17.5,Non-anginal Pain,137.0,87.0,60.0,173.0,264.0,64.0,157.0,False,5.0,False,Normal,False,0.0,Up,0.0,,False,True,High,3.0,0
95332,58,Male,30.5,Non-anginal Pain,134.0,75.0,73.0,154.0,181.0,54.0,126.0,True,6.8,True,ST-T Wave Abnormality,False,0.0,Flat,1.0,Reversible Defect,False,False,Moderate,5.0,1
70333,33,Female,38.4,Asymptomatic,102.0,,70.0,188.0,275.0,42.0,177.0,True,7.2,True,Normal,True,0.0,Up,0.0,Reversible Defect,False,False,Low,7.0,0
23302,83,Female,30.9,Atypical Angina,140.0,87.0,75.0,152.0,202.0,,116.0,False,6.3,False,ST-T Wave Abnormality,False,0.0,Up,3.0,Normal,True,True,Moderate,4.0,1
72333,67,Female,27.7,Non-anginal Pain,138.0,79.0,65.0,143.0,231.0,55.0,144.0,False,5.5,False,Normal,False,1.5,Flat,0.0,Normal,False,False,Moderate,5.0,0
72253,59,Male,28.3,Non-anginal Pain,116.0,74.0,72.0,180.0,209.0,49.0,134.0,False,5.3,False,Normal,False,0.0,Up,0.0,Normal,False,False,Low,3.0,0
31791,55,Female,18.9,Asymptomatic,122.0,71.0,73.0,169.0,,42.0,,False,5.7,False,Normal,True,1.0,Up,1.0,Normal,True,False,Moderate,8.0,0
90943,62,Male,21.7,Asymptomatic,104.0,61.0,78.0,132.0,128.0,52.0,69.0,False,5.3,False,Normal,True,3.9,Flat,0.0,Normal,False,True,Low,4.0,1
91485,66,Male,36.2,Atypical Angina,124.0,79.0,79.0,152.0,169.0,32.0,120.0,False,5.7,False,Normal,False,0.7,Flat,0.0,Normal,False,False,Low,7.0,0
25896,34,Male,24.5,Atypical Angina,132.0,90.0,63.0,199.0,230.0,41.0,162.0,False,5.4,False,Normal,False,0.0,Up,0.0,Normal,True,False,High,5.0,0
82238,41,Female,23.7,Asymptomatic,141.0,87.0,80.0,173.0,171.0,51.0,96.0,False,4.9,False,Normal,False,0.0,Up,2.0,,False,True,Moderate,6.0,0
97664,48,Male,28.0,Non-anginal Pain,104.0,66.0,61.0,142.0,228.0,,143.0,False,5.2,False,Normal,False,0.0,Up,0.0,Normal,False,False,High,6.0,0
23034,54,Male,33.7,Asymptomatic,125.0,69.0,67.0,167.0,225.0,38.0,152.0,False,5.0,False,Normal,True,,Flat,,Normal,False,True,Low,6.0,1
26640,77,Female,20.69,Asymptomatic,134.0,73.0,64.0,139.0,190.0,48.0,122.0,False,,False,Normal,False,1.8,Flat,2.0,Reversible Defect,False,False,Moderate,7.0,1
88714,56,Female,22.1,Non-anginal Pain,108.0,70.0,70.0,143.0,184.0,35.0,138.0,False,5.5,False,Normal,False,0.0,Up,0.0,Normal,False,False,Moderate,3.0,0
19945,44,Male,,Non-anginal Pain,101.0,82.0,72.0,184.0,193.0,34.0,128.0,True,8.2,True,ST-T Wave Abnormality,False,0.0,Flat,0.0,Normal,True,,High,7.0,1
68293,81,Male,29.3,Non-anginal Pain,132.0,90.0,64.0,157.0,165.0,47.0,117.0,False,5.5,False,Normal,False,0.0,Flat,2.0,Normal,False,False,Moderate,5.0,0
99224,65,Male,35.0,Non-anginal Pain,115.0,72.0,66.0,141.0,182.0,43.0,106.0,False,5.9,False,Left Ventricular Hypertrophy,True,1.3,Flat,0.0,Normal,True,False,Low,3.0,1
57049,46,Female,19.7,Atypical Angina,113.0,78.0,79.0,147.0,211.0,64.0,121.0,False,5.3,False,Normal,False,0.1,Up,1.0,Normal,False,False,Low,7.0,0
68590,62,Male,27.3,Non-anginal Pain,126.0,73.0,80.0,163.0,151.0,20.0,105.0,False,,False,Normal,False,0.0,Flat,0.0,Normal,True,False,Low,7.0,0
65658,68,Female,19.3,Asymptomatic,128.0,73.0,85.0,140.0,239.0,53.0,138.0,False,5.2,False,Normal,False,2.1,Flat,3.0,Normal,False,False,High,1.0,1
28582,42,Female,43.03,Asymptomatic,139.0,80.0,70.0,164.0,187.0,,110.0,False,5.8,False,Normal,False,2.1,Flat,0.0,Normal,True,False,High,6.0,0
19407,73,Male,20.8,Asymptomatic,194.0,103.0,79.0,154.0,181.0,47.0,87.0,False,4.8,False,Normal,True,0.0,Up,1.0,Normal,False,False,Moderate,8.0,1
54193,60,Female,31.8,Atypical Angina,126.0,,76.0,151.0,183.0,54.0,112.0,False,5.8,False,Normal,False,1.2,Flat,0.0,Normal,False,True,Moderate,7.0,0
76561,52,Female,25.8,Non-anginal Pain,99.0,68.0,71.0,155.0,193.0,39.0,107.0,False,4.5,False,Normal,False,0.0,,1.0,Normal,False,False,Moderate,3.0,0
12690,54,Male,32.6,Atypical Angina,132.0,74.0,75.0,144.0,194.0,47.0,122.0,False,5.5,False,Normal,False,1.7,Up,0.0,Normal,True,False,Low,4.0,0
55265,54,Female,21.4,Asymptomatic,119.0,92.0,74.0,181.0,207.0,50.0,134.0,False,5.9,False,Normal,False,0.0,Flat,1.0,Fixed Defect,False,True,Moderate,2.0,0
8911,79,Male,34.5,Typical Angina,145.0,83.0,93.0,128.0,222.0,29.0,174.0,False,,False,Normal,True,0.0,Flat,0.0,Reversible Defect,False,False,Low,6.0,1
85149,74,Male,30.37,Atypical Angina,136.0,78.0,74.0,140.0,190.0,59.0,110.0,False,5.8,False,Left Ventricular Hypertrophy,True,0.7055,Flat,3.0,Normal,False,False,Low,6.0,1
21021,40,Female,28.0,Atypical Angina,108.0,67.0,84.0,177.0,186.0,36.0,114.0,True,6.4,True,Normal,False,0.0,Up,0.0,Reversible Defect,False,False,Low,6.0,0
4075,54,Female,22.4,Asymptomatic,149.0,,68.0,153.0,175.0,54.0,88.0,False,5.1,False,Normal,False,0.0,Flat,0.0,Normal,False,True,Moderate,4.0,0
94314,80,Male,30.83,Non-anginal Pain,142.0,84.0,73.0,142.0,,42.0,98.0,False,5.5,False,,False,,Up,0.0,Normal,False,False,Low,5.0,0
14910,60,Female,26.6,Non-anginal Pain,113.0,73.0,61.0,174.0,154.0,40.0,100.0,False,,False,Normal,False,0.0,Up,0.0,Normal,True,True,Moderate,4.0,0
87398,55,Female,24.5,Atypical Angina,124.0,89.0,49.0,169.0,270.0,63.0,178.0,False,,False,Normal,False,1.2,Up,0.0,Normal,False,False,High,6.0,0
69366,70,Female,31.7,Non-anginal Pain,142.0,84.0,61.0,158.0,179.0,43.0,136.0,True,8.3,True,Left Ventricular Hypertrophy,False,,Up,2.0,Normal,False,True,Moderate,4.0,1
11249,56,Female,,Asymptomatic,117.0,81.0,,152.0,159.0,49.0,69.0,False,5.0,False,Normal,False,0.0,Flat,0.0,Reversible Defect,False,True,Moderate,,0
88772,33,Male,31.1,Asymptomatic,108.0,72.0,65.0,195.0,160.0,42.0,,False,5.2,False,Normal,False,0.0,Up,0.0,Normal,True,False,Moderate,4.0,0
41239,70,Female,30.1,Asymptomatic,122.0,73.0,72.0,132.0,230.0,42.0,174.0,True,7.1,True,,False,0.0,Flat,3.0,Reversible Defect,False,False,Low,1.0,1
92669,58,Male,28.7,Asymptomatic,111.0,73.0,65.0,187.0,139.0,42.0,73.0,False,5.6,False,,False,0.0,Up,0.0,Normal,False,True,High,5.0,0
71483,85,Male,28.2,Atypical Angina,130.0,80.0,69.0,158.0,250.0,56.0,161.0,False,5.9,,Normal,True,1.1,Flat,3.0,Normal,False,False,Low,4.0,1
418,66,Female,29.1,Non-anginal Pain,119.0,85.0,69.0,148.0,245.0,51.0,180.0,True,5.7,False,Normal,True,0.0,Up,1.0,Reversible Defect,False,False,Moderate,3.0,0
82522,59,Female,27.5,Typical Angina,119.0,79.0,71.0,171.0,143.0,44.0,74.0,True,6.5,True,Normal,False,0.0,Flat,0.0,Normal,False,False,Low,4.0,0
43064,67,Female,24.4,Asymptomatic,139.0,81.0,67.0,166.0,232.0,64.0,136.0,False,6.0,False,Normal,False,0.0,Up,0.0,Normal,False,False,High,8.0,0
69829,31,Male,20.0,Typical Angina,101.0,68.0,55.0,182.0,180.0,57.0,97.0,False,5.0,False,Left Ventricular Hypertrophy,False,0.0,,0.0,Normal,False,False,High,6.0,0
91977,53,Male,20.9,Non-anginal Pain,116.0,67.0,70.0,162.0,307.0,61.0,221.0,False,5.2,False,Normal,False,0.4,Up,1.0,Reversible Defect,False,False,High,5.0,0
56166,48,Female,22.9,,110.0,,69.0,159.0,140.0,41.0,80.0,False,5.3,False,Normal,False,0.0,Up,0.0,Reversible Defect,False,False,Moderate,3.0,0
76528,38,Male,21.0,Non-anginal Pain,98.0,69.0,64.0,179.0,,31.0,70.0,False,5.4,False,Normal,True,1.0,Flat,0.0,Normal,False,True,Moderate,8.0,0
36044,47,Female,24.6,Asymptomatic,124.0,83.0,72.0,179.0,155.0,42.0,97.0,,6.4,True,Normal,False,0.0,Flat,0.0,Normal,True,True,Low,9.0,0
59766,88,Female,31.1,,142.0,80.0,77.0,137.0,247.0,50.0,173.0,False,7.3,True,Normal,False,0.0,Up,3.0,Reversible Defect,False,False,Moderate,6.0,1
18894,65,Female,30.2,Asymptomatic,121.0,70.0,68.0,143.0,172.0,38.0,103.0,False,6.5,True,Normal,False,0.0,Flat,0.0,Reversible Defect,False,True,Low,5.0,1
42968,48,Female,31.4,Non-anginal Pain,101.0,76.0,67.0,,319.0,55.0,233.0,False,5.9,True,Normal,False,0.5,Flat,0.0,,False,False,High,6.0,0
13023,50,Male,18.9,Non-anginal Pain,120.0,80.0,72.0,191.0,223.0,71.0,105.0,False,5.1,False,Normal,True,0.0,Up,0.0,Fixed Defect,True,True,Moderate,5.0,0
50183,51,Female,25.5,Non-anginal Pain,112.0,75.0,70.0,196.0,197.0,58.0,119.0,True,7.0,True,Normal,False,0.0,Up,0.0,Normal,True,False,Moderate,4.0,0
78465,74,Female,25.1,Non-anginal Pain,150.0,87.0,72.0,153.0,250.0,63.0,,False,5.5,False,,False,0.0,Up,2.0,Normal,False,True,Low,7.0,0
30211,55,Female,37.6,Asymptomatic,114.0,79.0,66.0,137.0,232.0,49.0,150.0,True,,True,Normal,False,0.9,Down,0.0,Normal,False,False,Low,2.0,0
919,52,Female,21.5,Asymptomatic,114.0,51.0,66.0,177.0,187.0,56.0,,False,5.7,False,Left Ventricular Hypertrophy,False,0.0,Up,0.0,Normal,False,True,Moderate,5.0,0
345,58,Female,24.7,Asymptomatic,,78.0,72.0,161.0,191.0,42.0,112.0,False,4.9,False,Normal,True,0.0,Up,0.0,Normal,True,True,Moderate,8.0,0
44403,55,Female,28.8,Asymptomatic,124.0,85.0,52.0,179.0,233.0,46.0,132.0,False,5.6,False,Normal,False,1.3,Up,1.0,Reversible Defect,True,False,High,5.0,1
40875,62,Male,30.8,Asymptomatic,116.0,82.0,72.0,179.0,186.0,,96.0,False,,False,Normal,False,0.4,Up,1.0,Reversible Defect,False,False,Low,9.0,0
96974,41,Male,25.3,Atypical Angina,121.0,70.0,76.0,168.0,199.0,44.0,126.0,False,5.0,False,Normal,False,1.7,Flat,2.0,Normal,False,False,Moderate,9.0,0
97530,57,Female,28.0,Non-anginal Pain,154.0,83.0,74.0,158.0,197.0,57.0,138.0,False,5.1,False,Normal,False,1.7,Flat,1.0,,False,False,Low,3.0,0
15042,66,Female,34.5,Asymptomatic,135.0,87.0,72.0,169.0,340.0,27.0,262.0,True,6.6,True,Normal,False,0.0,Up,0.0,Reversible Defect,False,False,Low,5.0,1
61801,40,Male,23.5,Asymptomatic,118.0,79.0,73.0,175.0,193.0,63.0,106.0,False,5.9,False,Normal,False,,Flat,,Normal,False,True,Moderate,6.0,0
55282,51,Male,33.3,Asymptomatic,133.0,76.0,78.0,,185.0,60.0,110.0,False,5.4,False,Normal,False,0.0,Up,0.0,Normal,False,False,Low,6.0,0
78296,45,Female,23.6,Non-anginal Pain,123.0,74.0,66.0,178.0,221.0,62.0,126.0,False,5.8,False,Normal,False,2.8,Flat,0.0,Reversible Defect,False,True,High,6.0,0
28173,57,Male,24.0,Atypical Angina,147.0,89.0,69.0,180.0,209.0,,113.0,False,4.7,False,Normal,False,2.3,Up,0.0,Normal,False,False,Moderate,3.0,1
25452,34,Male,28.1,Typical Angina,122.0,68.0,97.0,182.0,185.0,45.0,98.0,False,5.2,False,Normal,False,1.9,Flat,0.0,Normal,True,False,Low,9.0,0
8669,37,Male,33.0,Atypical Angina,144.0,92.0,64.0,167.0,199.0,39.0,127.0,False,5.3,False,Normal,False,0.0,Flat,0.0,Normal,False,False,High,4.0,0
2533,67,Male,29.7,Typical Angina,126.0,73.0,77.0,153.0,245.0,51.0,145.0,False,5.6,False,Normal,False,0.0,Up,,Normal,False,False,Moderate,7.0,0
12003,74,Female,32.7,Typical Angina,124.0,75.0,81.0,127.0,281.0,59.0,200.0,False,5.2,False,Normal,False,0.0,,0.0,Normal,False,False,Moderate,5.0,0
81712,80,Female,27.3,Non-anginal Pain,154.0,92.0,88.0,143.0,289.0,53.0,201.0,False,4.9,False,ST-T Wave Abnormality,False,0.0,Flat,1.0,Normal,True,False,Low,6.0,1
64207,35,Female,26.5,Atypical Angina,102.0,63.0,124.0,172.0,304.0,61.0,82.0,False,5.5,False,Normal,False,0.0,Up,0.0,Normal,False,False,Moderate,4.0,0
1091,71,Male,22.3,Asymptomatic,131.0,79.0,73.0,150.0,223.0,57.0,,False,6.0,False,Normal,False,1.9,Flat,0.0,Normal,False,False,Low,4.0,1
21756,42,Male,30.2,Asymptomatic,104.0,63.0,57.0,176.0,170.0,51.0,87.0,False,5.3,False,Normal,False,0.0,Up,0.0,Normal,True,False,Moderate,5.0,0
83598,65,Female,24.0,Non-anginal Pain,130.0,84.0,77.0,136.0,203.0,56.0,113.0,False,4.9,False,Normal,False,2.0,Flat,3.0,Reversible Defect,False,False,Moderate,2.0,1
77556,64,Male,29.6,Typical Angina,126.0,70.0,83.0,115.0,211.0,63.0,129.0,False,5.8,False,,True,1.1,Flat,2.0,Reversible Defect,False,False,Moderate,7.0,0
16949,56,Female,24.3,Typical Angina,126.0,77.0,74.0,157.0,208.0,57.0,131.0,True,4.6,False,Normal,False,0.0,Up,0.0,Normal,False,,Low,5.0,0
84394,65,Male,25.5,Atypical Angina,138.0,87.0,71.0,162.0,175.0,56.0,65.0,False,5.3,,Normal,False,0.0,Down,1.0,Normal,False,True,Moderate,3.0,0
75421,59,Female,21.2,Asymptomatic,112.0,78.0,83.0,159.0,186.0,,110.0,False,5.0,False,Normal,False,0.1,Up,1.0,Normal,False,False,Moderate,5.0,0
92211,42,Female,32.0,Asymptomatic,105.0,58.0,70.0,192.0,221.0,61.0,134.0,False,5.5,False,Normal,False,0.0,Up,0.0,Normal,False,False,Moderate,4.0,0
38673,83,Female,24.2,Atypical Angina,125.0,78.0,79.0,174.0,181.0,54.0,101.0,False,5.2,False,ST-T Wave Abnormality,,0.4,Up,1.0,Normal,True,False,Moderate,4.0,1
68997,68,Female,30.6,Non-anginal Pain,120.0,68.0,64.0,146.0,,52.0,169.0,False,5.9,False,Normal,False,0.0,Down,2.0,Normal,False,False,High,6.0,0
29887,44,Female,20.3,Non-anginal Pain,103.0,68.0,66.0,180.0,166.0,59.0,90.0,False,5.1,False,Normal,False,0.3,Up,0.0,Normal,True,True,Low,3.0,0
75238,85,Female,28.5,Asymptomatic,135.0,70.0,77.0,119.0,159.0,31.0,68.0,True,9.0,True,Left Ventricular Hypertrophy,False,1.1,Up,0.0,Normal,False,True,Moderate,10.0,0
23141,45,Female,27.9,Typical Angina,127.0,74.0,65.0,175.0,202.0,52.0,119.0,False,5.7,False,Normal,False,0.0,Flat,1.0,Fixed Defect,False,False,Moderate,7.0,0
43595,86,Male,34.1,Atypical Angina,130.0,73.0,72.0,102.0,234.0,46.0,139.0,True,8.2,False,Normal,False,0.0,Flat,0.0,,False,False,Low,5.0,1
81314,45,Male,36.7,Asymptomatic,146.0,90.0,81.0,170.0,163.0,36.0,96.0,False,5.6,False,Normal,True,0.0,Flat,0.0,Reversible Defect,False,False,Moderate,7.0,1
81267,77,Female,24.0,Non-anginal Pain,138.0,94.0,80.0,119.0,192.0,41.0,114.0,False,4.7,False,Normal,False,0.4,Flat,0.0,Normal,False,False,Low,8.0,0
6517,49,Male,,Atypical Angina,,75.0,75.0,181.0,187.0,29.0,129.0,False,7.0,True,Normal,False,0.0,Up,2.0,,False,True,Low,2.0,0
70567,60,Female,,Asymptomatic,128.0,78.0,61.0,159.0,168.0,41.0,79.0,True,7.8,True,Normal,False,0.0,Up,1.0,Fixed Defect,False,False,Moderate,6.0,0
63942,44,Male,28.09,Atypical Angina,115.0,80.0,53.0,188.0,191.0,49.0,119.0,False,4.8,False,Normal,False,0.0,Up,0.0,Reversible Defect,True,False,High,5.0,0
98697,75,Male,29.7,Asymptomatic,118.0,66.0,56.0,151.0,240.0,44.0,154.0,False,4.9,False,Normal,False,0.0,Flat,1.0,Reversible Defect,False,False,Low,4.0,0
76773,79,Female,19.33,Asymptomatic,156.0,85.0,78.0,,221.0,56.0,130.0,False,5.8,False,Normal,False,0.0,Flat,0.0,Normal,True,True,Moderate,7.0,1
69284,55,Male,22.5,Non-anginal Pain,100.0,80.0,75.0,148.0,203.0,27.0,169.0,False,5.4,False,Normal,True,0.5,Up,0.0,Reversible Defect,True,False,Low,7.0,1
82639,54,Female,21.9,Asymptomatic,106.0,65.0,66.0,183.0,185.0,39.0,,False,4.9,False,Normal,False,0.0,Up,1.0,Normal,False,True,High,3.0,0
65939,32,Male,25.83,Typical Angina,104.0,70.0,66.0,203.0,164.0,53.0,88.0,False,4.9,False,Normal,True,2.0,Flat,1.0,Normal,False,False,Moderate,6.0,1
6462,74,Female,23.0,Asymptomatic,131.0,76.0,72.0,150.0,182.0,38.0,118.0,False,5.7,False,Normal,False,0.0,Up,0.0,Normal,False,True,Moderate,6.0,0
13305,74,Male,25.7,Asymptomatic,125.0,78.0,71.0,151.0,182.0,,115.0,False,5.7,False,Normal,False,0.0,Up,0.0,,False,False,Low,3.0,1
57743,64,Male,23.6,Non-anginal Pain,127.0,90.0,81.0,126.0,224.0,51.0,143.0,False,5.1,False,ST-T Wave Abnormality,True,0.6,Flat,1.0,Normal,False,True,Low,6.0,1
50766,46,Female,21.52,Non-anginal Pain,104.0,79.0,75.0,177.0,279.0,45.0,219.0,False,4.6,False,Normal,False,0.0,Flat,1.0,Normal,False,False,Moderate,4.0,1
21673,47,Male,26.1,Non-anginal Pain,119.0,76.0,75.0,161.0,159.0,30.0,86.0,False,5.3,False,ST-T Wave Abnormality,False,0.9,Up,0.0,Normal,True,False,Low,3.0,0
89817,74,Female,23.8,Non-anginal Pain,141.0,84.0,,141.0,212.0,45.0,140.0,True,5.3,False,Normal,,0.5,Up,0.0,Reversible Defect,False,False,Low,6.0,1
13288,84,Male,38.1,Asymptomatic,164.0,103.0,75.0,141.0,187.0,27.0,136.0,False,5.9,False,ST-T Wave Abnormality,True,0.7,Flat,3.0,Reversible Defect,False,False,Low,8.0,1
87654,40,Male,29.2,Non-anginal Pain,123.0,82.0,73.0,181.0,168.0,33.0,101.0,False,6.1,False,Normal,False,0.0,Up,0.0,Normal,True,True,High,6.0,0
89922,72,Female,26.8,Atypical Angina,128.0,78.0,73.0,132.0,166.0,44.0,,False,4.7,False,Normal,False,0.0,Up,2.0,Reversible Defect,False,False,Low,7.0,1
67983,61,Male,42.5,Asymptomatic,121.0,79.0,76.0,131.0,204.0,42.0,124.0,False,5.4,False,Normal,True,0.0,Up,0.0,Normal,False,False,Moderate,6.0,0
51251,48,Female,37.7,Asymptomatic,148.0,90.0,79.0,145.0,280.0,53.0,183.0,False,5.8,False,Normal,True,0.7,Flat,0.0,Normal,False,False,Low,4.0,0
12265,84,Female,23.6,Atypical Angina,140.0,78.0,66.0,135.0,149.0,45.0,93.0,False,5.7,,Normal,False,0.8,Flat,3.0,Normal,False,False,Moderate,2.0,1
48222,70,Male,25.9,Non-anginal Pain,129.0,87.0,67.0,134.0,198.0,42.0,150.0,False,5.4,False,Normal,False,0.0,Up,0.0,Normal,False,False,Moderate,5.0,0
70968,48,Male,24.78,Asymptomatic,118.0,82.0,69.0,144.0,321.0,52.0,225.0,False,5.5,False,Normal,False,0.0,Flat,1.0,Reversible Defect,False,False,Low,1.0,0
19379,54,Male,26.3,Non-anginal Pain,90.0,64.0,65.0,173.0,287.0,46.0,215.0,False,4.8,False,Normal,False,0.0,Flat,0.0,Normal,True,False,Moderate,5.0,0
22210,47,Female,20.0,Non-anginal Pain,138.0,84.0,82.0,164.0,157.0,46.0,96.0,False,5.6,False,Normal,False,1.1,Flat,0.0,Normal,True,False,Moderate,10.0,0
81357,73,Female,42.1,Atypical Angina,155.0,106.0,70.0,145.0,286.0,58.0,202.0,True,6.8,True,Left Ventricular Hypertrophy,True,3.6,Flat,1.0,Normal,False,False,Moderate,8.0,1
67636,85,Male,25.9,Asymptomatic,123.0,80.0,74.0,147.0,211.0,48.0,99.0,False,5.8,False,Normal,False,0.0,Up,2.0,Normal,True,,Low,4.0,0
88693,57,Female,22.73,Non-anginal Pain,117.0,80.0,70.0,178.0,131.0,37.0,80.0,False,5.0,False,ST-T Wave Abnormality,False,0.6,Flat,0.0,Normal,False,False,Low,3.0,0
45433,55,Female,24.3,Atypical Angina,199.0,110.0,67.0,161.0,,55.0,85.0,False,4.9,False,ST-T Wave Abnormality,False,2.7,Up,3.0,normal,True,False,Low,2.0,1
62954,72,Female,28.78,Typical Angina,140.0,78.0,77.0,121.0,222.0,48.0,136.0,False,4.7,False,Left Ventricular Hypertrophy,False,0.0,Up,0.0,Fixed Defect,False,False,Low,4.0,1
24211,34,Male,49.0,Atypical Angina,108.0,74.0,65.0,184.0,219.0,55.0,117.0,False,5.9,False,Normal,True,0.0,,0.0,Normal,False,False,High,4.0,0
81489,79,female,,Atypical Angina,150.0,93.0,65.0,142.0,231.0,48.0,151.0,False,5.7,False,Normal,False,0.5,Up,3.0,Normal,False,True,Moderate,4.0,1
69804,35,Male,21.71,Typical Angina,107.0,71.0,74.0,192.0,184.0,37.0,,False,4.7,False,Normal,False,0.0,Up,1.0,Normal,True,False,,5.0,0
97102,62,Female,23.1,Non-anginal Pain,148.0,87.0,81.0,169.0,229.0,62.0,,True,5.5,False,Normal,False,0.0,Flat,0.0,Normal,False,False,Low,5.0,0
8417,47,Male,21.6,Atypical Angina,112.0,65.0,75.0,177.0,162.0,,82.0,False,5.0,False,Normal,False,1.0,Flat,0.0,Normal,False,False,Moderate,3.0,0
5326,64,Female,24.38,Asymptomatic,193.0,112.0,75.0,164.0,168.0,48.0,109.0,False,5.3,False,Normal,False,0.7,Flat,1.0,Normal,True,True,High,5.0,0
56178,55,Female,26.7,Typical Angina,94.0,70.0,79.0,152.0,222.0,37.0,,False,5.1,False,Normal,True,0.5,Flat,0.0,Normal,False,True,Low,1.0,1
69350,53,Male,27.7,Non-anginal Pain,117.0,87.0,69.0,164.0,207.0,40.0,122.0,False,4.6,False,Normal,False,0.0,Up,0.0,,False,False,Low,5.0,0
79316,72,Female,32.3,Non-anginal Pain,142.0,89.0,75.0,155.0,265.0,48.0,194.0,False,4.8,False,Normal,False,0.0,Up,3.0,Fixed Defect,False,True,Moderate,7.0,0
14401,51,Female,21.9,Asymptomatic,130.0,86.0,77.0,177.0,171.0,40.0,97.0,False,5.4,False,ST-T Wave Abnormality,False,0.0,Flat,0.0,Normal,False,True,,6.0,0
31696,79,Female,25.5,Typical Angina,131.0,83.0,88.0,138.0,217.0,58.0,143.0,False,5.0,False,ST-T Wave Abnormality,False,0.0,Flat,1.0,Normal,False,False,Low,4.0,1
52126,34,Male,28.1,Non-anginal Pain,100.0,67.0,70.0,184.0,131.0,48.0,71.0,False,5.4,False,Normal,False,0.0,Up,0.0,Normal,False,True,High,4.0,0
95450,70,Male,23.0,Typical Angina,131.0,70.0,79.0,114.0,,37.0,107.0,False,,False,ST-T Wave Abnormality,True,0.8,Up,3.0,Normal,True,True,Moderate,3.0,1
10940,85,Female,21.4,Atypical Angina,165.0,90.0,83.0,135.0,164.0,43.0,97.0,False,5.5,False,Left Ventricular Hypertrophy,True,0.6,Flat,1.0,Fixed Defect,False,False,Low,4.0,1
1560,47,Male,25.6,Asymptomatic,116.0,82.0,118.0,185.0,210.0,45.0,132.0,False,6.4,False,Normal,False,3.0,Flat,3.0,Normal,False,False,High,3.0,0
33943,65,Female,23.1,Asymptomatic,138.0,89.0,81.0,137.0,215.0,56.0,133.0,,5.4,False,Normal,False,0.0,Flat,1.0,Fixed Defect,False,True,Low,5.0,1
49172,62,Male,22.0,Asymptomatic,121.0,80.0,72.0,171.0,240.0,45.0,161.0,False,5.3,False,,False,0.0,Up,1.0,Normal,True,False,Moderate,5.0,0
40672,57,Male,33.83,Asymptomatic,106.0,69.0,75.0,151.0,119.0,20.0,83.0,False,8.3,True,Normal,False,0.0,Up,0.0,Normal,False,True,Low,1.0,0
71930,31,Female,26.36,Asymptomatic,90.0,68.0,57.0,210.0,208.0,50.0,115.0,False,4.6,False,Normal,False,0.0,Up,0.0,Normal,True,False,High,,0
99881,61,Male,29.8,Asymptomatic,113.0,76.0,75.0,146.0,182.0,49.0,115.0,False,6.2,False,Normal,False,0.0,Flat,0.0,Normal,False,True,Low,8.0,0
80747,58,Male,36.4,Non-anginal Pain,128.0,89.0,55.0,175.0,216.0,68.0,129.0,False,4.2,False,Normal,False,0.0,Up,1.0,Normal,False,False,High,3.0,0
39761,49,Female,27.7,Asymptomatic,125.0,85.0,63.0,157.0,251.0,62.0,157.0,False,5.1,False,Normal,False,0.0,Flat,0.0,,False,False,,2.0,0
82711,66,Female,,Typical Angina,136.0,89.0,75.0,164.0,199.0,54.0,117.0,,5.8,False,Normal,True,1.8,Up,2.0,Normal,False,False,Low,2.0,1
46725,69,Male,23.3,Non-anginal Pain,131.0,77.0,75.0,148.0,201.0,54.0,,False,4.8,False,Normal,False,0.0,Down,0.0,Normal,False,False,Low,6.0,0
20376,59,Female,,Asymptomatic,132.0,72.0,65.0,146.0,229.0,47.0,127.0,False,5.9,False,Normal,False,0.0,Flat,1.0,Normal,False,False,Low,1.0,0
95408,79,Male,27.1,Atypical Angina,129.0,67.0,65.0,142.0,169.0,53.0,110.0,False,5.7,False,Normal,False,0.2,Up,3.0,Normal,False,False,High,8.0,1
54486,67,Male,31.0,Asymptomatic,151.0,74.0,76.0,139.0,181.0,42.0,122.0,False,5.0,False,Normal,False,0.0,Flat,3.0,Normal,False,False,Low,3.0,1
26682,78,Male,22.1,Asymptomatic,132.0,82.0,80.0,164.0,148.0,38.0,,False,4.8,False,Normal,False,0.0,Flat,1.0,Normal,False,False,Moderate,5.0,0
249,42,Male,32.9,Asymptomatic,119.0,81.0,81.0,147.0,213.0,,130.0,False,4.9,False,Normal,False,0.0,Flat,0.0,Normal,False,False,Low,5.0,0
59367,34,Female,29.4,Non-anginal Pain,110.0,81.0,67.0,207.0,155.0,44.0,82.0,False,5.1,False,Normal,False,0.0,Up,0.0,Normal,True,False,Moderate,5.0,0
81436,45,Female,24.6,Asymptomatic,111.0,,69.0,170.0,171.0,52.0,85.0,False,5.2,False,Normal,False,0.0,Up,0.0,Normal,False,,Moderate,1.0,0
76053,53,Female,24.14,Asymptomatic,131.0,75.0,76.0,177.0,164.0,53.0,72.0,False,5.3,False,Normal,False,0.0,Up,2.0,Normal,False,True,Moderate,10.0,0
74704,51,Male,31.2,Atypical Angina,124.0,79.0,62.0,151.0,220.0,43.0,155.0,False,5.3,False,Normal,False,0.0,Up,1.0,Normal,False,False,High,3.0,0
11933,54,Male,22.9,Asymptomatic,100.0,76.0,78.0,164.0,154.0,44.0,74.0,False,6.0,False,Normal,True,0.0,Up,0.0,Normal,False,False,Low,1.0,0
93685,48,Male,26.0,Non-anginal Pain,119.0,76.0,83.0,183.0,151.0,,65.0,False,8.4,True,Normal,False,0.0,Up,0.0,Normal,False,True,Low,6.0,0
42014,28,Female,28.91,Atypical Angina,121.0,77.0,80.0,158.0,,,,False,5.8,False,Normal,False,0.0,Flat,0.0,Reversible Defect,False,True,Moderate,1.0,0
99324,36,Male,22.9,Asymptomatic,106.0,66.0,64.0,179.0,199.0,50.0,135.0,False,4.9,False,,False,0.0,Up,0.0,Normal,False,False,Moderate,3.0,0
30516,46,Male,24.82,,118.0,84.0,,157.0,188.0,45.0,,False,,False,Normal,False,0.4,Up,0.0,Normal,False,False,Moderate,4.0,0
42328,32,Female,29.2,Atypical Angina,100.0,68.0,76.0,191.0,216.0,39.0,147.0,True,8.1,True,Normal,False,0.0,Up,1.0,Normal,False,True,Moderate,8.0,0
62177,38,Male,,Atypical Angina,108.0,77.0,58.0,179.0,185.0,43.0,115.0,False,,False,Normal,False,0.7,Up,0.0,Normal,False,True,Moderate,3.0,0
41962,42,Male,25.25,Non-anginal Pain,107.0,62.0,80.0,183.0,183.0,36.0,137.0,False,4.6,False,Normal,True,0.0,Flat,0.0,Reversible Defect,True,False,Low,4.0,0
94102,73,Female,26.4,Typical Angina,156.0,91.0,66.0,150.0,236.0,54.0,150.0,False,5.0,False,Normal,True,0.0,Flat,3.0,Normal,False,True,Low,7.0,1
50620,65,Female,24.0,Non-anginal Pain,125.0,84.0,78.0,161.0,190.0,73.0,80.0,False,5.5,False,Normal,False,0.0,Flat,2.0,Reversible Defect,False,False,Moderate,6.0,0
85970,46,Male,25.8,Asymptomatic,113.0,82.0,80.0,154.0,201.0,43.0,125.0,False,5.4,False,Normal,False,0.0,Up,1.0,,False,False,Moderate,6.0,0
19531,67,Female,32.9,Typical Angina,135.0,102.0,75.0,146.0,233.0,40.0,160.0,False,6.0,False,ST-T Wave Abnormality,False,0.0,Up,3.0,Normal,False,True,Low,3.0,1
87700,53,Female,26.92,Asymptomatic,98.0,81.0,63.0,169.0,145.0,63.0,65.0,False,5.5,False,Normal,,0.0,Flat,0.0,Normal,False,False,Low,5.0,0
8047,55,Female,27.5,Typical Angina,132.0,94.0,81.0,126.0,165.0,58.0,86.0,False,5.6,False,ST-T Wave Abnormality,False,0.0,Flat,1.0,Normal,False,False,Low,8.0,1
99217,47,Female,26.7,Typical Angina,118.0,70.0,93.0,174.0,,,,False,5.5,False,Normal,True,0.0,Up,,Normal,False,True,Low,5.0,0
47021,41,Male,28.9,Atypical Angina,92.0,59.0,62.0,190.0,156.0,59.0,74.0,False,4.8,False,Normal,False,0.0,Up,0.0,Normal,False,False,High,5.0,0
96476,30,Female,24.9,Atypical Angina,108.0,73.0,71.0,191.0,170.0,38.0,85.0,False,5.6,False,Normal,False,0.8,Up,1.0,Normal,False,True,Moderate,6.0,0
61866,42,Female,26.1,Typical Angina,100.0,73.0,63.0,193.0,282.0,51.0,199.0,False,,False,Normal,True,0.6,Up,0.0,,False,False,Moderate,9.0,0
26,64,Female,,Atypical Angina,138.0,69.0,69.0,147.0,182.0,51.0,105.0,False,5.0,False,ST-T Wave Abnormality,False,0.0,Up,0.0,Reversible Defect,False,True,Moderate,3.0,0
46530,46,Female,27.9,Non-anginal Pain,95.0,74.0,75.0,173.0,208.0,36.0,117.0,False,5.0,False,Normal,False,0.0,Up,0.0,Normal,False,False,Moderate,5.0,0
87333,73,Male,31.6,Non-anginal Pain,128.0,86.0,69.0,143.0,241.0,48.0,171.0,False,6.3,False,Normal,False,0.0,Up,1.0,Normal,False,True,Low,2.0,1
60353,59,Female,37.2,Asymptomatic,152.0,87.0,77.0,168.0,183.0,35.0,127.0,False,5.1,False,Normal,False,0.2,Up,0.0,Normal,False,True,Low,2.0,0
85889,72,Female,33.7,Atypical Angina,151.0,88.0,,125.0,233.0,60.0,136.0,True,9.4,True,Normal,True,0.0,Flat,0.0,Fixed defect,False,False,Low,3.0,1
58328,29,Female,25.8,Asymptomatic,90.0,65.0,66.0,210.0,163.0,50.0,106.0,False,,False,Normal,True,,Up,0.0,Normal,False,False,Low,5.0,0
58613,68,Male,18.9,Non-anginal Pain,134.0,87.0,76.0,140.0,180.0,47.0,113.0,False,5.4,False,Normal,False,0.0,Flat,0.0,Normal,True,False,Low,4.0,0
62723,59,Female,23.5,Non-anginal Pain,116.0,65.0,61.0,190.0,216.0,,,False,5.1,False,Left Ventricular Hypertrophy,False,0.0,Flat,0.0,Normal,False,False,Moderate,4.0,0
23546,75,Male,23.05,Atypical Angina,138.0,69.0,69.0,139.0,215.0,49.0,105.0,False,5.3,False,ST-T Wave Abnormality,False,0.0,Up,1.0,Reversible Defect,False,False,,6.0,1
26979,38,Male,22.1,Typical Angina,102.0,77.0,65.0,158.0,169.0,62.0,82.0,False,5.2,False,Normal,True,1.0,,,Normal,True,False,Moderate,2.0,0
25656,55,Female,25.88,Non-anginal Pain,134.0,85.0,71.0,146.0,216.0,37.0,141.0,False,5.0,False,Normal,False,0.0,Flat,2.0,Normal,True,False,Moderate,4.0,0
31268,59,Female,25.81,Non-anginal Pain,140.0,92.0,73.0,171.0,231.0,53.0,133.0,False,6.9,True,Normal,False,0.0,Flat,1.0,Normal,False,False,Low,6.0,0
22845,33,Female,22.6,Typical Angina,98.0,71.0,74.0,161.0,274.0,45.0,215.0,False,4.9,False,ST-T Wave Abnormality,True,0.7,Flat,2.0,Fixed Defect,False,False,Moderate,7.0,0
85012,59,Female,30.8,Non-anginal Pain,147.0,97.0,,162.0,218.0,20.0,119.0,False,5.4,False,Normal,False,0.4,Up,0.0,Normal,False,True,Low,8.0,0
57317,80,Male,27.0,Non-anginal Pain,,80.0,79.0,148.0,,37.0,100.0,False,5.1,False,ST-T Wave Abnormality,False,0.0,Flat,1.0,Reversible Defect,False,False,Low,7.0,1
39577,63,Female,26.17,Asymptomatic,122.0,68.0,75.0,152.0,152.0,30.0,114.0,False,5.7,False,Normal,True,0.0,Flat,1.0,Normal,False,False,Moderate,7.0,0
11928,66,Male,34.49,Non-anginal Pain,138.0,84.0,60.0,136.0,145.0,46.0,91.0,False,5.7,False,,True,5.6,Flat,2.0,Reversible Defect,False,True,Moderate,2.0,1
15847,55,Male,28.7,Asymptomatic,123.0,75.0,62.0,168.0,180.0,47.0,114.0,False,5.2,False,Normal,False,0.0,Up,0.0,Normal,False,True,Moderate,7.0,0
25456,34,Male,26.41,Atypical Angina,94.0,60.0,86.0,175.0,247.0,58.0,164.0,False,4.8,False,Normal,False,0.0,Flat,0.0,Normal,False,False,Moderate,7.0,0
40963,46,Female,23.0,,,82.0,76.0,167.0,127.0,,64.0,False,4.7,False,Normal,True,0.6,Flat,0.0,Normal,False,False,Low,6.0,0
40138,45,Male,23.2,Non-anginal Pain,99.0,70.0,72.0,177.0,221.0,59.0,145.0,False,4.4,False,Normal,False,0.0,Up,0.0,Normal,False,False,High,,0
41363,70,Female,26.8,Asymptomatic,100.0,68.0,54.0,183.0,,58.0,185.0,False,5.5,False,ST-T Wave Abnormality,False,,Up,1.0,,False,False,Moderate,4.0,0
41487,47,Male,21.1,Atypical Angina,111.0,71.0,63.0,155.0,131.0,38.0,73.0,False,4.9,False,Normal,False,1.6,Up,1.0,Normal,True,False,Moderate,5.0,0
98696,49,Male,24.78,Atypical Angina,104.0,60.0,78.0,,131.0,36.0,68.0,False,4.8,False,Normal,False,0.0,Up,0.0,Fixed Defect,False,False,Low,6.0,0
69276,77,Female,25.35,Atypical Angina,140.0,84.0,62.0,148.0,167.0,56.0,83.0,False,5.5,False,Normal,False,0.0,Flat,1.0,Normal,False,False,High,6.0,0
57597,47,Male,21.8,Asymptomatic,120.0,79.0,71.0,178.0,177.0,36.0,126.0,False,4.9,False,Normal,False,0.4,Down,0.0,Normal,True,False,High,4.0,0
45446,35,Male,22.2,Atypical Angina,118.0,67.0,72.0,166.0,134.0,43.0,85.0,False,5.2,False,,False,0.0,Up,0.0,Normal,False,False,Low,4.0,0
11756,78,Female,31.9,Atypical Angina,115.0,72.0,82.0,155.0,203.0,48.0,132.0,False,5.9,False,Normal,False,0.0,Up,1.0,Normal,False,True,Moderate,5.0,0
28483,62,Female,28.5,Asymptomatic,157.0,81.0,66.0,136.0,179.0,46.0,120.0,False,4.8,False,ST-T Wave Abnormality,False,0.6,Up,0.0,Normal,False,False,Low,3.0,0
74295,38,Female,22.4,Atypical Angina,112.0,68.0,65.0,187.0,244.0,47.0,160.0,False,5.3,False,Normal,True,0.0,Up,0.0,Normal,False,False,Moderate,5.0,0
22177,61,Male,39.8,Asymptomatic,143.0,78.0,80.0,145.0,199.0,26.0,144.0,False,5.4,False,Normal,False,0.0,Up,1.0,Normal,False,False,Low,2.0,1
27810,31,Male,27.5,Non-anginal Pain,91.0,55.0,72.0,187.0,228.0,55.0,153.0,,4.8,False,Normal,True,1.2,Down,0.0,Normal,False,False,High,7.0,0
11409,61,Female,25.8,Typical Angina,131.0,89.0,77.0,169.0,148.0,45.0,74.0,False,4.9,False,Normal,False,0.0,Down,1.0,Normal,False,True,Moderate,6.0,0
99778,59,Female,35.65,Asymptomatic,119.0,89.0,,129.0,137.0,30.0,72.0,False,5.2,False,,True,0.9,Flat,1.0,Reversible Defect,False,False,Low,7.0,0
71534,44,Female,24.92,Non-anginal Pain,183.0,112.0,64.0,178.0,187.0,,111.0,False,5.0,False,Normal,False,0.0,Up,0.0,Normal,False,False,Moderate,4.0,0
48732,56,Male,,Asymptomatic,109.0,78.0,60.0,164.0,282.0,46.0,155.0,True,7.9,True,Normal,False,1.3,Up,1.0,Normal,False,False,Moderate,6.0,1
87460,28,Male,27.5,Typical Angina,133.0,89.0,85.0,168.0,370.0,34.0,275.0,False,5.7,False,Left Ventricular Hypertrophy,True,1.0,Flat,0.0,Reversible Defect,False,False,Low,7.0,1
83657,57,Female,17.8,Typical Angina,122.0,78.0,55.0,154.0,201.0,40.0,120.0,False,5.0,False,Normal,False,0.0,Up,0.0,Normal,,False,High,2.0,0
45151,62,Male,33.6,Atypical Angina,129.0,87.0,82.0,155.0,,55.0,115.0,False,5.2,False,Normal,False,0.0,Flat,0.0,Normal,False,True,Moderate,8.0,1
57523,46,Male,22.7,Non-anginal Pain,108.0,68.0,77.0,199.0,344.0,52.0,127.0,False,4.6,False,Normal,False,0.0,Flat,1.0,Normal,False,True,Moderate,9.0,0
84456,82,Female,37.5,Non-anginal Pain,143.0,83.0,60.0,138.0,238.0,54.0,162.0,True,9.2,True,Normal,False,0.0,Up,1.0,Normal,False,False,High,2.0,1
89282,33,Female,29.4,Asymptomatic,106.0,77.0,68.0,196.0,197.0,47.0,123.0,False,5.0,False,Normal,False,0.0,Up,0.0,Normal,False,False,High,6.0,0
93609,35,Male,30.2,Non-anginal Pain,121.0,82.0,87.0,161.0,199.0,35.0,155.0,False,5.0,False,Normal,False,0.8,Flat,1.0,Reversible Defect,True,True,Moderate,3.0,1
7724,46,Male,29.92,Asymptomatic,107.0,76.0,66.0,153.0,187.0,41.0,119.0,False,5.0,False,Normal,False,0.0,Flat,0.0,Normal,False,False,Low,6.0,0
64921,42,Female,22.2,Non-anginal Pain,90.0,62.0,57.0,173.0,177.0,52.0,117.0,False,4.8,False,Normal,False,0.0,Up,0.0,Normal,False,True,Moderate,3.0,0
34394,56,Male,27.0,Non-anginal Pain,123.0,65.0,105.0,173.0,177.0,64.0,97.0,False,4.9,False,Normal,False,0.0,Flat,1.0,Normal,False,True,High,7.0,1
142,48,Male,25.5,Asymptomatic,111.0,76.0,68.0,177.0,,43.0,126.0,True,8.0,True,Normal,False,0.7,Up,1.0,Normal,False,False,High,3.0,0
17426,67,Male,31.8,Asymptomatic,141.0,91.0,58.0,153.0,213.0,45.0,147.0,False,5.1,False,Normal,False,0.0,Flat,1.0,,True,False,High,4.0,1
6988,77,Male,30.2,Non-anginal Pain,123.0,81.0,67.0,136.0,223.0,36.0,120.0,True,5.6,True,Normal,False,0.1,Flat,0.0,Reversible Defect,False,True,Moderate,8.0,0
60772,85,Female,25.22,Non-anginal Pain,125.0,79.0,75.0,155.0,225.0,55.0,153.0,False,7.0,True,ST-T Wave Abnormality,False,0.0,Flat,0.0,Reversible Defect,False,True,Moderate,3.0,0
91956,81,Male,29.8,Asymptomatic,142.0,86.0,59.0,169.0,154.0,36.0,,False,5.1,False,Normal,False,0.0,Up,0.0,Fixed Defect,True,True,Moderate,5.0,1
87396,56,Male,28.4,Non-anginal Pain,116.0,70.0,62.0,150.0,229.0,52.0,127.0,False,6.0,False,NORMAL,False,0.0,Up,0.0,Reversible Defect,True,False,Moderate,4.0,0
88559,37,Male,21.4,Non-anginal Pain,197.0,106.0,70.0,172.0,164.0,45.0,95.0,True,4.9,False,Normal,False,0.2,Up,0.0,Reversible Defect,False,False,Moderate,3.0,0
324,82,Male,43.4,Non-anginal Pain,137.0,79.0,69.0,140.0,,,,False,5.8,False,ST-T Wave Abnormality,True,2.7,Flat,0.0,Normal,False,False,Low,5.0,1
95926,72,Female,26.3,Atypical Angina,167.0,100.0,80.0,120.0,183.0,30.0,132.0,False,5.0,False,Left Ventricular Hypertrophy,False,0.0,Flat,2.0,Reversible Defect,False,False,Low,6.0,1
59835,67,Female,34.7,Non-anginal Pain,118.0,80.0,74.0,147.0,183.0,35.0,116.0,False,5.2,False,Normal,False,,Flat,0.0,Normal,False,False,Moderate,5.0,0
82252,67,Female,20.3,Asymptomatic,124.0,74.0,79.0,156.0,224.0,63.0,131.0,True,4.9,False,Normal,False,1.1,Up,1.0,Normal,False,False,Low,1.0,0
97072,50,Male,24.6,Atypical Angina,125.0,78.0,72.0,166.0,161.0,46.0,88.0,False,5.2,False,Normal,False,0.0,Up,0.0,Normal,False,False,High,7.0,0
34185,82,Female,26.5,Asymptomatic,153.0,89.0,72.0,127.0,208.0,45.0,93.0,True,8.4,True,Normal,False,0.0,Up,,Normal,True,False,Low,,1
4089,39,Male,27.1,Atypical Angina,112.0,71.0,72.0,175.0,255.0,43.0,167.0,False,5.2,False,ST-T Wave Abnormality,True,0.0,Up,0.0,Normal,False,True,Moderate,2.0,0
66489,60,Female,28.3,Typical Angina,122.0,87.0,80.0,161.0,176.0,61.0,80.0,False,5.3,False,Left Ventricular Hypertrophy,True,0.0,Up,0.0,Normal,False,False,Moderate,4.0,0
76568,54,Male,27.37,Typical Angina,129.0,76.0,72.0,152.0,181.0,41.0,108.0,False,5.5,False,Normal,True,1.2,Down,1.0,Normal,True,False,,1.0,0
95535,65,Male,24.1,Asymptomatic,120.0,77.0,78.0,140.0,194.0,47.0,128.0,False,5.2,False,Normal,False,0.0,Flat,0.0,Normal,True,False,Low,5.0,0
98092,64,Male,24.1,Asymptomatic,139.0,89.0,83.0,144.0,176.0,52.0,88.0,False,5.6,False,ST-T Wave Abnormality,False,0.6,Up,2.0,Normal,False,False,Low,9.0,0
21318,41,Female,23.9,Asymptomatic,109.0,74.0,82.0,175.0,289.0,54.0,206.0,False,5.1,False,Normal,False,0.3,Up,0.0,,False,True,Low,6.0,0
21216,58,Male,34.7,Non-anginal Pain,141.0,82.0,85.0,143.0,187.0,35.0,119.0,False,5.4,False,Normal,False,0.0,Up,0.0,Normal,False,True,Low,6.0,0
96157,77,Female,23.7,Typical Angina,142.0,87.0,85.0,146.0,191.0,58.0,108.0,False,4.8,False,ST-T Wave Abnormality,False,0.0,Up,3.0,Normal,False,False,Low,8.0,1
48770,72,Female,22.3,Atypical Angina,146.0,92.0,83.0,126.0,165.0,48.0,92.0,False,6.0,True,ST-T Wave Abnormality,False,0.0,Flat,0.0,Normal,False,False,Low,7.0,1
98444,60,Female,30.1,Asymptomatic,125.0,91.0,76.0,161.0,173.0,63.0,101.0,False,5.4,False,Normal,False,0.0,Flat,0.0,Normal,False,False,Low,1.0,0
72861,54,Male,28.9,Atypical Angina,120.0,,80.0,147.0,174.0,41.0,107.0,False,5.4,False,ST-T Wave Abnormality,False,0.1,Flat,0.0,Fixed Defect,False,False,Low,2.0,1
39977,66,Male,32.8,Non-anginal Pain,133.0,82.0,84.0,135.0,183.0,42.0,114.0,False,5.2,False,ST-T Wave Abnormality,False,0.0,Up,1.0,Normal,False,False,Moderate,7.0,1
89864,69,Male,32.5,Atypical Angina,105.0,75.0,74.0,149.0,228.0,30.0,177.0,True,8.9,True,Normal,False,0.0,Up,3.0,Normal,False,False,Moderate,5.0,1
28875,75,Male,28.8,Non-anginal Pain,143.0,82.0,69.0,133.0,158.0,42.0,94.0,False,5.9,False,ST-T Wave Abnormality,False,0.0,Up,2.0,Normal,False,False,Low,5.0,0
36383,73,Male,26.7,Non-anginal Pain,142.0,83.0,80.0,145.0,212.0,44.0,138.0,False,5.0,False,Normal,True,1.4,Flat,1.0,Normal,False,True,Low,5.0,1
4472,59,Male,45.7,Asymptomatic,116.0,79.0,89.0,142.0,215.0,28.0,,True,11.2,True,Normal,False,0.0,Up,0.0,Normal,False,False,Low,6.0,0
45859,62,Female,24.0,Atypical Angina,117.0,74.0,75.0,164.0,251.0,45.0,133.0,True,6.9,True,Normal,False,0.0,Up,0.0,Normal,False,False,Moderate,,1
23421,59,Female,29.4,Non-anginal Pain,127.0,79.0,67.0,149.0,191.0,46.0,73.0,False,5.2,False,Normal,False,0.0,Flat,0.0,Normal,False,True,Moderate,4.0,0
56209,43,Female,31.6,Atypical Angina,111.0,82.0,71.0,168.0,196.0,62.0,106.0,False,5.1,False,Normal,False,0.0,Flat,0.0,Normal,False,True,Moderate,8.0,0
17047,71,Male,25.7,Asymptomatic,121.0,82.0,80.0,136.0,200.0,43.0,125.0,False,5.1,False,ST-T Wave Abnormality,True,0.0,Flat,1.0,Normal,False,True,Low,6.0,0
2709,38,Male,21.4,Asymptomatic,110.0,63.0,72.0,186.0,134.0,37.0,,False,5.4,False,Normal,False,,Flat,1.0,Normal,False,False,Moderate,1.0,0
34400,45,Male,23.7,Typical Angina,90.0,75.0,61.0,203.0,355.0,36.0,146.0,False,5.2,False,Normal,True,0.6,Flat,0.0,Normal,True,False,High,4.0,0
35672,50,Male,27.3,Typical Angina,139.0,80.0,72.0,168.0,288.0,46.0,69.0,False,5.6,False,Normal,False,0.0,Flat,0.0,Normal,False,False,Low,4.0,0
38688,62,Female,25.6,Atypical Angina,124.0,74.0,64.0,182.0,185.0,51.0,92.0,False,5.3,False,Normal,False,0.0,Flat,0.0,Normal,True,True,High,3.0,0
37254,49,Male,20.7,Asymptomatic,127.0,84.0,65.0,188.0,137.0,56.0,63.0,False,5.1,False,Left Ventricular Hypertrophy,False,0.0,Up,2.0,Normal,False,False,High,5.0,0
94148,56,Female,26.9,Asymptomatic,124.0,86.0,61.0,179.0,224.0,60.0,137.0,False,5.5,False,Normal,False,0.1,Up,1.0,Normal,False,True,Low,6.0,0
22717,36,Female,20.0,Typical Angina,108.0,71.0,61.0,173.0,163.0,47.0,104.0,False,5.9,False,Normal,False,1.7,Flat,1.0,Normal,False,,High,2.0,0
80862,35,Male,27.3,Non-anginal Pain,109.0,84.0,71.0,196.0,171.0,36.0,118.0,False,6.9,True,Left Ventricular Hypertrophy,True,1.1,Down,0.0,Normal,False,True,Low,6.0,0
88055,63,Male,,Non-anginal Pain,151.0,89.0,56.0,150.0,267.0,36.0,183.0,False,,False,Normal,True,1.4,Flat,0.0,Normal,True,False,Low,4.0,1
48183,42,Female,29.7,Atypical Angina,118.0,89.0,67.0,181.0,186.0,49.0,,False,5.3,False,Normal,False,0.0,Up,0.0,Normal,False,False,Moderate,1.0,0
2175,66,Female,22.34,Non-anginal Pain,131.0,65.0,62.0,,180.0,58.0,92.0,False,5.4,False,Normal,False,0.0,Up,0.0,Fixed Defect,False,False,Moderate,3.0,0
69518,81,Female,28.4,Atypical Angina,219.0,100.0,76.0,137.0,,36.0,141.0,False,5.9,False,Normal,False,0.0,Up,0.0,Normal,False,False,Low,6.0,0
73675,46,Male,29.0,Atypical Angina,97.0,67.0,83.0,176.0,180.0,24.0,138.0,False,5.7,False,Normal,False,0.0,Up,1.0,Fixed Defect,False,False,Moderate,6.0,1
66806,49,Female,20.1,Asymptomatic,,78.0,70.0,190.0,216.0,54.0,140.0,True,8.5,True,Normal,False,0.0,Flat,1.0,Fixed Defect,False,True,Low,6.0,1
24947,53,Female,34.3,Asymptomatic,123.0,,77.0,175.0,212.0,52.0,140.0,False,5.7,False,Normal,False,0.0,Up,0.0,Normal,True,True,Low,5.0,0
77210,54,Male,31.0,Atypical Angina,114.0,79.0,71.0,161.0,213.0,41.0,140.0,False,6.0,False,Normal,False,0.0,Up,1.0,Normal,False,False,Moderate,3.0,0
79585,41,Male,24.7,Typical Angina,135.0,90.0,67.0,164.0,219.0,43.0,123.0,False,5.1,False,ST-T Wave Abnormality,False,0.0,Up,0.0,Normal,False,False,Moderate,9.0,0
58816,51,Female,23.11,Asymptomatic,95.0,64.0,73.0,181.0,169.0,,105.0,False,5.1,False,Normal,False,,Up,0.0,Normal,False,True,Moderate,4.0,0
80131,59,Male,30.4,Typical Angina,124.0,84.0,72.0,149.0,185.0,56.0,111.0,False,4.8,False,ST-T Wave Abnormality,False,0.7,,0.0,Normal,False,False,Moderate,4.0,1
10906,74,Male,25.8,Non-anginal Pain,152.0,96.0,78.0,144.0,162.0,59.0,92.0,False,4.9,False,Normal,False,0.0,Flat,0.0,Normal,False,False,Low,7.0,1
55476,67,Male,28.9,Asymptomatic,143.0,89.0,76.0,141.0,197.0,38.0,127.0,False,5.4,False,Normal,True,0.0,Up,0.0,Normal,False,True,Low,,1
4025,51,Male,34.0,Atypical Angina,140.0,94.0,67.0,,148.0,49.0,76.0,False,5.3,False,Normal,False,0.0,Up,0.0,Reversible Defect,False,True,Low,9.0,0
9519,60,Female,21.7,Asymptomatic,124.0,75.0,85.0,150.0,234.0,51.0,158.0,False,5.6,False,Normal,True,1.0,Up,0.0,Normal,False,True,Moderate,9.0,0
66494,44,Male,20.5,Non-anginal Pain,107.0,77.0,63.0,181.0,159.0,51.0,94.0,False,5.4,False,Left Ventricular Hypertrophy,False,0.0,Up,0.0,Normal,False,True,Moderate,2.0,0
64853,48,Female,29.8,Asymptomatic,99.0,82.0,69.0,173.0,216.0,60.0,134.0,False,4.7,False,Normal,False,0.0,Up,0.0,Normal,False,False,Moderate,6.0,0
49878,38,Male,32.7,Asymptomatic,98.0,58.0,62.0,176.0,162.0,34.0,98.0,False,6.3,True,Normal,False,0.0,,0.0,Normal,False,True,Moderate,7.0,1
65004,40,Female,31.9,Non-anginal Pain,113.0,79.0,70.0,178.0,132.0,33.0,70.0,False,4.9,False,Normal,False,0.0,Up,0.0,Normal,False,True,Low,6.0,0
1243,39,Female,23.3,Typical Angina,135.0,90.0,62.0,161.0,277.0,63.0,193.0,False,4.4,False,Normal,False,0.0,Flat,1.0,Normal,False,False,Moderate,6.0,0
86655,56,Female,22.67,Non-anginal Pain,118.0,72.0,67.0,,196.0,51.0,96.0,False,4.8,False,Normal,False,0.2,Flat,0.0,Normal,False,False,Low,6.0,0
61918,42,Male,29.7,Asymptomatic,129.0,87.0,81.0,186.0,140.0,45.0,74.0,False,5.7,False,Normal,False,2.1,Flat,0.0,Reversible Defect,False,False,Low,7.0,0
31293,55,Female,25.0,Atypical Angina,135.0,88.0,70.0,199.0,205.0,,111.0,False,5.3,False,Normal,False,0.2,Flat,1.0,Normal,False,True,Moderate,7.0,1
80701,38,Male,41.5,typical angina,115.0,58.0,83.0,146.0,247.0,37.0,162.0,False,5.1,False,Normal,False,0.0,,1.0,Normal,False,True,Moderate,4.0,0
67426,68,Male,32.35,Atypical Angina,144.0,93.0,78.0,165.0,188.0,41.0,121.0,False,5.4,False,Normal,False,0.0,Up,0.0,Normal,True,True,Low,3.0,0
79434,49,Female,19.1,Atypical Angina,132.0,76.0,74.0,190.0,147.0,57.0,75.0,False,4.7,False,Normal,False,1.3,Up,1.0,Reversible Defect,False,False,Moderate,8.0,0
95231,63,Female,31.6,Asymptomatic,129.0,76.0,68.0,157.0,166.0,49.0,95.0,True,9.0,True,Normal,False,0.0,Up,0.0,Normal,False,False,Low,4.0,0
52665,73,Male,28.2,Non-anginal Pain,140.0,85.0,79.0,134.0,301.0,43.0,233.0,False,6.0,False,Normal,False,0.0,Flat,1.0,Normal,False,False,,6.0,0
31815,45,Male,28.1,Atypical Angina,90.0,60.0,64.0,152.0,155.0,40.0,87.0,False,5.4,False,Normal,True,0.0,Flat,0.0,Normal,False,False,Moderate,4.0,0
85369,77,Female,27.8,Asymptomatic,115.0,80.0,88.0,134.0,228.0,37.0,122.0,False,5.9,False,Left Ventricular Hypertrophy,False,0.0,Down,1.0,Fixed Defect,True,True,Low,8.0,1
67055,38,Male,17.9,Atypical Angina,107.0,71.0,62.0,177.0,154.0,57.0,75.0,False,4.6,False,Normal,False,0.0,,0.0,Normal,False,False,High,9.0,0
95527,61,Male,,Non-anginal Pain,155.0,96.0,60.0,172.0,130.0,40.0,68.0,False,5.1,False,ST-T Wave Abnormality,True,0.0,Flat,1.0,Normal,True,False,High,4.0,1
2886,75,Female,24.8,Non-anginal Pain,120.0,83.0,77.0,125.0,126.0,38.0,69.0,True,11.1,True,Normal,False,0.0,Flat,2.0,Normal,True,False,Low,6.0,0
29166,33,Male,22.2,Asymptomatic,127.0,,70.0,180.0,175.0,51.0,65.0,False,5.1,False,Normal,False,0.0,Up,0.0,Normal,False,True,Low,2.0,0
6964,59,Male,27.0,Asymptomatic,139.0,91.0,68.0,170.0,114.0,32.0,65.0,False,5.5,False,Normal,False,0.0,Flat,0.0,Normal,False,True,Moderate,3.0,0
4057,76,Male,25.4,Atypical Angina,,82.0,62.0,135.0,237.0,39.0,181.0,,4.4,False,Normal,False,0.0,Flat,0.0,Reversible Defect,False,True,Moderate,6.0,0
32567,49,Female,26.2,Typical Angina,115.0,76.0,78.0,172.0,193.0,62.0,105.0,False,5.5,False,Normal,True,0.5,Up,0.0,Normal,False,False,Moderate,10.0,0
78725,52,Male,25.6,Asymptomatic,114.0,72.0,66.0,181.0,225.0,54.0,126.0,False,5.3,False,Normal,False,0.0,Up,0.0,Normal,False,True,High,4.0,0
83937,56,Male,31.1,Non-anginal Pain,103.0,70.0,66.0,165.0,210.0,45.0,111.0,True,8.8,True,ST-T Wave Abnormality,False,0.3,Up,1.0,Normal,False,False,,5.0,0
8846,37,Female,22.38,Atypical Angina,,76.0,60.0,184.0,195.0,,93.0,True,4.4,False,Normal,False,0.0,Up,0.0,Normal,False,False,High,3.0,0
1379,47,Female,25.1,Asymptomatic,110.0,72.0,76.0,155.0,174.0,,80.0,False,4.8,False,Normal,False,0.0,Up,0.0,Reversible Defect,False,False,Low,3.0,0
2361,53,Male,23.9,Typical Angina,151.0,89.0,77.0,152.0,233.0,21.0,173.0,False,5.1,False,ST-T Wave Abnormality,True,0.0,Up,1.0,Normal,False,False,Moderate,7.0,0
84226,72,Female,35.1,Asymptomatic,124.0,73.0,80.0,127.0,259.0,34.0,205.0,False,5.4,False,Normal,True,0.0,Flat,2.0,Reversible Defect,False,False,Low,6.0,1
26424,32,Female,23.1,Non-anginal Pain,107.0,76.0,67.0,201.0,125.0,49.0,46.0,False,4.9,False,Normal,False,0.0,Up,0.0,Normal,False,False,High,6.0,0
78597,70,Female,21.8,Asymptomatic,141.0,94.0,78.0,154.0,183.0,56.0,113.0,False,5.6,False,Normal,False,0.0,Up,2.0,Normal,False,True,Moderate,6.0,0
28964,61,Male,31.5,Asymptomatic,121.0,80.0,80.0,185.0,212.0,25.0,162.0,False,5.7,False,Normal,True,0.0,Flat,0.0,Normal,True,False,Low,7.0,0
60319,86,Female,25.0,Atypical Angina,141.0,92.0,66.0,132.0,206.0,56.0,126.0,False,6.2,False,Normal,False,0.7,Flat,2.0,Normal,True,False,Low,5.0,1
18686,83,Female,29.3,Atypical Angina,155.0,85.0,65.0,136.0,186.0,41.0,129.0,False,5.1,False,ST-T Wave Abnormality,True,0.6,Down,2.0,Normal,False,False,Low,6.0,1
73512,39,Female,23.3,Atypical Angina,96.0,74.0,61.0,183.0,146.0,51.0,81.0,False,5.2,False,Normal,False,4.3,Flat,1.0,Normal,False,True,Moderate,3.0,0
64190,50,Female,23.4,Typical Angina,131.0,79.0,70.0,148.0,175.0,48.0,98.0,False,5.3,False,Normal,False,0.0,Up,0.0,Reversible Defect,False,False,Moderate,5.0,1
44524,64,Female,32.7,Atypical Angina,138.0,82.0,72.0,156.0,185.0,48.0,99.0,False,5.2,False,Normal,True,1.3,Flat,0.0,Normal,False,True,Low,7.0,1
477,55,Male,26.2,Atypical Angina,105.0,77.0,59.0,173.0,261.0,36.0,,False,4.8,False,Normal,False,0.0,Flat,0.0,Normal,False,False,Moderate,5.0,0
94482,41,Male,24.2,Non-anginal Pain,119.0,74.0,54.0,192.0,197.0,42.0,112.0,False,4.9,False,Normal,False,0.0,Up,1.0,Normal,True,False,High,1.0,0
77951,42,Male,21.3,Non-anginal Pain,125.0,70.0,86.0,159.0,162.0,49.0,104.0,True,5.0,False,Normal,False,0.0,Up,0.0,Normal,False,True,Low,7.0,0
70666,42,Male,21.6,Asymptomatic,105.0,68.0,70.0,208.0,160.0,49.0,,False,5.5,False,Normal,False,0.0,Up,0.0,Normal,False,False,Moderate,,0
75971,35,Female,31.1,Asymptomatic,92.0,66.0,72.0,210.0,174.0,36.0,91.0,False,5.1,False,Normal,False,0.0,Up,0.0,Normal,False,True,Moderate,6.0,0
8055,58,Female,27.2,Typical Angina,116.0,76.0,54.0,136.0,172.0,59.0,84.0,False,4.9,False,ST-T Wave Abnormality,False,3.5,Down,1.0,Normal,False,False,Moderate,3.0,0
89049,61,Female,24.7,Asymptomatic,125.0,66.0,63.0,127.0,239.0,66.0,151.0,False,4.7,False,Normal,True,0.0,Flat,0.0,Reversible Defect,False,False,Low,3.0,0
7128,37,Male,28.3,Non-anginal Pain,116.0,82.0,66.0,158.0,162.0,47.0,77.0,False,4.6,False,Left Ventricular Hypertrophy,False,0.7,Flat,0.0,Normal,False,False,Moderate,2.0,0
62883,35,Female,26.2,Non-anginal Pain,116.0,76.0,79.0,156.0,,33.0,59.0,False,5.7,False,Normal,False,0.0,Up,0.0,Normal,True,False,Low,7.0,0
55343,53,Female,33.6,Asymptomatic,137.0,79.0,71.0,185.0,163.0,35.0,91.0,False,5.2,False,Normal,False,0.0,Flat,2.0,Fixed Defect,False,True,Moderate,2.0,1
86196,52,Male,29.18,Typical Angina,145.0,91.0,71.0,170.0,148.0,40.0,75.0,False,5.5,False,Left Ventricular Hypertrophy,False,0.5,Flat,0.0,Normal,True,False,Moderate,5.0,0
21633,48,Male,24.0,Typical Angina,121.0,77.0,69.0,164.0,,59.0,116.0,False,5.1,False,Normal,False,2.8,Flat,1.0,Fixed defect,True,True,High,3.0,1
94778,57,Female,25.5,Atypical Angina,140.0,94.0,83.0,173.0,254.0,48.0,170.0,False,5.5,False,Left Ventricular Hypertrophy,False,0.6,Up,2.0,Fixed Defect,False,False,Low,6.0,1
47324,52,Male,18.7,Typical Angina,109.0,70.0,60.0,146.0,107.0,20.0,74.0,False,5.3,False,ST-T Wave Abnormality,True,0.8,Flat,0.0,Normal,False,False,Moderate,2.0,0
49487,50,Male,27.2,Atypical Angina,126.0,90.0,68.0,185.0,152.0,39.0,94.0,False,5.6,False,Normal,True,0.8,Flat,0.0,Normal,False,False,Moderate,4.0,0
79320,49,Male,26.1,Typical Angina,115.0,,74.0,158.0,216.0,47.0,106.0,False,5.0,False,Normal,False,0.2,Flat,0.0,Normal,False,False,Low,8.0,0
18515,54,Male,31.2,Asymptomatic,91.0,66.0,65.0,177.0,174.0,42.0,104.0,False,5.2,False,Normal,True,,Flat,0.0,Normal,False,False,Moderate,4.0,0
70742,60,Male,19.7,Atypical Angina,125.0,79.0,75.0,154.0,,36.0,78.0,False,5.1,False,ST-T Wave Abnormality,False,,Up,1.0,Reversible Defect,False,False,Low,6.0,0
93511,78,Male,21.8,Atypical Angina,133.0,84.0,59.0,129.0,186.0,47.0,110.0,False,5.1,True,Normal,False,0.7,Up,0.0,,True,False,Moderate,4.0,0
56934,50,Male,23.6,Asymptomatic,141.0,80.0,69.0,166.0,178.0,40.0,119.0,False,5.5,False,Normal,True,0.0,Flat,0.0,Normal,True,,Moderate,4.0,0
20866,54,Female,30.8,Typical Angina,108.0,69.0,74.0,168.0,228.0,64.0,149.0,False,4.8,False,Normal,True,1.7,Up,0.0,Normal,False,False,Moderate,4.0,0
11458,60,Female,30.4,Asymptomatic,109.0,79.0,81.0,147.0,272.0,44.0,179.0,True,,False,Normal,False,0.3,Up,3.0,Normal,False,False,Low,7.0,1
23676,53,Female,22.5,Asymptomatic,124.0,84.0,92.0,157.0,165.0,69.0,86.0,False,,False,ST-T Wave Abnormality,False,0.0,Down,0.0,Reversible Defect,False,False,High,7.0,0
94440,62,Male,20.8,Non-anginal Pain,123.0,77.0,70.0,182.0,206.0,,123.0,False,5.1,False,ST-T Wave Abnormality,True,0.0,Down,2.0,Normal,False,False,Low,6.0,1
89055,73,Male,25.9,Asymptomatic,133.0,83.0,59.0,155.0,181.0,46.0,108.0,False,5.5,,Normal,False,0.0,Up,1.0,,False,True,High,3.0,1
23821,58,Female,21.12,Atypical Angina,115.0,71.0,57.0,170.0,228.0,50.0,137.0,False,5.3,False,Normal,False,0.0,Up,0.0,Normal,False,True,Moderate,7.0,0
24448,75,Female,28.54,Asymptomatic,141.0,93.0,71.0,155.0,214.0,56.0,126.0,False,5.4,False,Normal,False,0.0,Up,0.0,Normal,False,True,High,6.0,0
21895,82,Female,21.2,Asymptomatic,136.0,87.0,,131.0,226.0,46.0,157.0,False,5.8,False,Normal,False,0.1,Flat,0.0,Normal,False,False,Low,5.0,0
99676,54,Female,30.1,Asymptomatic,128.0,86.0,69.0,150.0,205.0,29.0,69.0,,5.1,False,Normal,False,1.3,Up,1.0,Normal,True,False,Low,6.0,1
85839,67,Male,29.9,Asymptomatic,137.0,89.0,67.0,134.0,,64.0,93.0,False,,False,Normal,False,0.0,Up,0.0,Normal,False,False,Low,6.0,0
759,51,Male,25.9,Atypical Angina,126.0,86.0,82.0,154.0,,43.0,217.0,False,5.3,False,ST-T Wave Abnormality,True,1.5,Up,0.0,Normal,True,True,Low,3.0,0
53922,49,Male,29.05,Atypical Angina,135.0,95.0,65.0,169.0,224.0,30.0,144.0,False,5.6,False,Normal,False,0.0,Up,1.0,Normal,False,True,Low,5.0,0
4870,66,Female,27.0,Asymptomatic,116.0,77.0,69.0,147.0,197.0,39.0,119.0,True,8.8,True,Normal,False,0.4,Flat,0.0,Reversible Defect,False,True,Moderate,4.0,0
52324,39,Female,23.3,Asymptomatic,111.0,78.0,61.0,180.0,188.0,44.0,103.0,False,,False,Normal,True,0.0,Up,0.0,Normal,False,True,Low,1.0,0
33819,57,Male,25.4,Asymptomatic,145.0,96.0,64.0,167.0,323.0,57.0,255.0,False,5.1,False,Normal,False,1.3,Up,0.0,Normal,True,False,High,5.0,0
93186,44,Male,23.6,Asymptomatic,96.0,75.0,66.0,182.0,155.0,43.0,96.0,False,5.4,False,Normal,False,0.2,Up,1.0,Normal,True,True,High,5.0,1
93797,55,Male,,Atypical Angina,100.0,81.0,68.0,150.0,190.0,42.0,129.0,False,4.7,False,Normal,False,0.0,Up,0.0,Normal,True,True,Moderate,6.0,0
60882,66,Female,22.7,Non-anginal Pain,126.0,,90.0,148.0,287.0,52.0,189.0,False,5.0,False,Normal,False,0.0,Flat,0.0,Reversible defect,False,False,Moderate,9.0,1
99531,79,Male,35.7,Asymptomatic,125.0,78.0,88.0,163.0,191.0,35.0,111.0,True,7.2,True,Normal,False,0.0,Up,1.0,Normal,False,False,Low,6.0,1
28155,34,Female,25.1,Asymptomatic,104.0,83.0,77.0,194.0,249.0,50.0,147.0,False,5.2,True,Normal,True,2.5,Flat,2.0,Fixed Defect,True,False,High,4.0,0
72523,79,Female,27.8,Atypical Angina,141.0,77.0,78.0,145.0,153.0,38.0,,False,,False,Normal,False,0.0,Up,0.0,Normal,False,False,Low,3.0,0
64070,52,Male,30.2,Asymptomatic,189.0,104.0,68.0,175.0,184.0,38.0,83.0,False,5.6,False,Normal,False,0.5,Flat,2.0,Normal,False,False,High,5.0,0
7156,75,Male,25.7,Typical Angina,152.0,94.0,70.0,172.0,185.0,41.0,85.0,False,5.1,False,,True,2.7,Flat,1.0,Reversible Defect,True,True,Low,5.0,1
73151,55,Male,17.58,Non-anginal Pain,112.0,76.0,70.0,166.0,194.0,52.0,82.0,False,5.2,False,Normal,False,0.8,Flat,0.0,Normal,False,False,Moderate,6.0,0
18037,50,Male,35.0,Typical Angina,108.0,77.0,73.0,159.0,334.0,26.0,180.0,False,5.6,False,Normal,False,0.5,Up,,Normal,True,True,Moderate,4.0,0
5989,65,Female,21.7,Asymptomatic,126.0,91.0,64.0,150.0,144.0,41.0,103.0,False,5.2,False,Normal,False,0.3,Up,0.0,Normal,False,True,Moderate,4.0,0
28004,85,Male,35.4,Atypical Angina,145.0,102.0,76.0,129.0,,47.0,109.0,False,6.2,False,Normal,False,0.9,Flat,1.0,Normal,False,True,Low,2.0,0
72629,53,Male,31.7,Asymptomatic,97.0,75.0,82.0,135.0,160.0,29.0,101.0,False,5.4,True,Normal,False,0.0,Up,0.0,Fixed Defect,False,True,Moderate,10.0,0
11059,80,Female,33.3,Asymptomatic,144.0,88.0,79.0,142.0,168.0,42.0,86.0,False,5.1,False,ST-T Wave Abnormality,False,,Down,3.0,,False,False,Low,6.0,1
55349,69,Female,34.4,Non-anginal Pain,119.0,86.0,79.0,157.0,200.0,33.0,145.0,False,5.7,True,Normal,False,2.8,Down,1.0,Normal,False,False,Low,8.0,1
72760,65,Male,24.5,Asymptomatic,126.0,74.0,80.0,166.0,231.0,47.0,151.0,False,5.2,False,Normal,False,0.0,Up,0.0,Normal,False,False,,5.0,1
6172,29,Male,20.8,Typical Angina,105.0,67.0,62.0,182.0,,41.0,96.0,False,,False,Normal,False,0.1,Up,0.0,Normal,False,False,Low,4.0,0
78108,59,Male,17.9,Atypical Angina,118.0,83.0,70.0,157.0,171.0,50.0,,False,5.4,False,ST-T Wave Abnormality,False,0.0,Up,1.0,Normal,False,True,Moderate,5.0,1
65298,36,Male,27.7,Asymptomatic,107.0,79.0,56.0,196.0,192.0,42.0,131.0,True,5.3,False,Normal,True,,Up,0.0,Normal,False,False,,6.0,0
73320,37,Male,23.1,Asymptomatic,113.0,76.0,70.0,193.0,125.0,41.0,73.0,False,5.0,False,ST-T Wave Abnormality,False,0.0,Flat,1.0,Reversible Defect,False,True,Moderate,4.0,0
95960,47,Female,30.63,Non-anginal Pain,109.0,81.0,80.0,156.0,207.0,52.0,121.0,,5.5,False,Normal,False,0.3,Flat,3.0,Normal,False,False,Low,5.0,0
37100,69,Female,25.4,Typical Angina,168.0,90.0,75.0,146.0,260.0,40.0,191.0,False,5.8,False,Normal,False,2.8,Flat,2.0,Reversible Defect,False,False,Low,2.0,1
92530,56,Male,33.7,Non-anginal Pain,121.0,,71.0,145.0,153.0,48.0,80.0,False,5.3,False,Normal,,0.0,Up,0.0,Normal,False,False,Moderate,7.0,0
9905,62,Male,34.1,Non-anginal Pain,147.0,98.0,79.0,155.0,134.0,24.0,,False,5.0,False,ST-T Wave Abnormality,,0.0,Up,0.0,Normal,False,True,Moderate,7.0,1
69847,65,Male,24.1,Asymptomatic,131.0,89.0,80.0,163.0,189.0,38.0,134.0,False,5.3,False,Normal,True,2.1,Up,0.0,Normal,,False,Moderate,4.0,0
30627,49,Female,37.9,Atypical Angina,134.0,,,159.0,158.0,31.0,113.0,False,6.1,False,Normal,False,0.0,Flat,2.0,Normal,False,True,Moderate,10.0,0
95846,61,Male,27.2,Non-anginal Pain,,70.0,67.0,154.0,159.0,46.0,83.0,False,5.1,False,Normal,False,0.0,Up,0.0,Normal,False,False,Low,7.0,0
56565,72,Male,35.2,Atypical Angina,151.0,92.0,72.0,135.0,200.0,38.0,138.0,False,5.6,False,Normal,False,0.1,Up,2.0,Normal,False,False,Low,7.0,0
48615,32,Male,19.2,Non-anginal Pain,107.0,79.0,72.0,164.0,143.0,41.0,74.0,False,5.4,False,Normal,False,0.0,Flat,1.0,Normal,False,False,Moderate,5.0,0
27028,41,Male,27.8,Atypical Angina,,76.0,75.0,161.0,274.0,40.0,198.0,False,5.3,False,Normal,False,0.0,Up,0.0,Normal,False,False,Moderate,1.0,1
66051,61,Female,25.3,Asymptomatic,126.0,83.0,76.0,151.0,189.0,43.0,108.0,False,6.0,False,Normal,False,0.0,Up,3.0,Normal,False,False,Low,9.0,1
61245,49,Male,31.7,Non-anginal Pain,121.0,75.0,58.0,160.0,196.0,38.0,106.0,False,5.3,False,Normal,False,0.0,Up,1.0,Normal,False,True,Moderate,4.0,0
11877,71,Male,34.5,Non-anginal Pain,109.0,80.0,58.0,181.0,180.0,26.0,111.0,False,4.8,False,Normal,False,0.7,Flat,1.0,Normal,False,False,Moderate,6.0,0
79473,51,Male,33.3,Asymptomatic,113.0,78.0,82.0,171.0,,58.0,128.0,False,5.0,False,Normal,,0.0,Up,0.0,Normal,True,False,Low,6.0,0
96919,43,Male,28.1,Non Anginal Pain,132.0,76.0,68.0,194.0,205.0,54.0,121.0,False,5.4,False,Normal,False,0.0,Flat,0.0,Reversible Defect,False,False,Moderate,5.0,0
2509,45,Male,22.42,Non-anginal Pain,98.0,69.0,61.0,186.0,204.0,50.0,141.0,False,5.5,False,,True,0.0,Down,0.0,Normal,True,False,High,3.0,0
14846,65,Male,23.4,Typical Angina,119.0,83.0,74.0,159.0,241.0,40.0,178.0,False,5.1,False,Normal,True,0.0,Flat,0.0,Normal,True,False,Low,2.0,0
13148,60,Male,32.6,Typical Angina,149.0,102.0,72.0,151.0,179.0,59.0,90.0,False,5.7,False,Left Ventricular Hypertrophy,False,0.0,Up,0.0,Reversible Defect,True,False,Moderate,7.0,0
55979,74,Male,29.45,Typical Angina,117.0,67.0,70.0,143.0,145.0,30.0,76.0,False,5.5,False,Normal,True,1.6,Flat,0.0,Reversible Defect,False,False,Low,3.0,1
80006,74,Female,34.4,Typical Angina,151.0,96.0,76.0,172.0,217.0,58.0,119.0,,,False,ST-T Wave Abnormality,True,1.1,Flat,3.0,Normal,,True,Moderate,3.0,1
21554,54,Male,24.0,Asymptomatic,139.0,89.0,74.0,177.0,178.0,33.0,126.0,False,5.4,False,Normal,False,0.0,Flat,0.0,Normal,True,True,Moderate,6.0,0
91657,43,Female,23.3,Non-anginal Pain,117.0,74.0,72.0,152.0,246.0,36.0,,True,5.6,False,Normal,False,0.0,Up,0.0,Normal,True,True,High,7.0,1
54550,46,Female,17.5,Asymptomatic,105.0,82.0,66.0,167.0,179.0,71.0,83.0,False,5.2,False,Normal,False,0.1,Up,1.0,Normal,False,False,High,4.0,0
16670,65,Male,24.4,Non-anginal Pain,126.0,95.0,67.0,172.0,172.0,39.0,,False,5.4,False,Normal,False,,Up,0.0,,False,False,Low,7.0,0
5017,76,Female,22.5,Asymptomatic,132.0,77.0,75.0,124.0,207.0,44.0,,False,5.3,False,Normal,False,0.0,Up,0.0,Fixed Defect,False,False,Moderate,4.0,0
93052,43,Female,28.82,Atypical Angina,126.0,84.0,68.0,178.0,235.0,51.0,149.0,False,5.2,False,Normal,False,0.0,Flat,1.0,Normal,False,False,Moderate,8.0,0
3367,53,Female,26.1,Non-anginal Pain,125.0,74.0,72.0,159.0,215.0,45.0,154.0,False,4.9,False,Normal,False,0.0,Flat,0.0,Normal,False,False,Low,5.0,0
92320,49,Male,31.1,Non-anginal Pain,108.0,69.0,86.0,137.0,170.0,41.0,100.0,False,5.9,False,Normal,False,0.0,Up,2.0,Normal,False,True,Moderate,8.0,0
96034,36,Male,25.3,Typical Angina,117.0,74.0,74.0,183.0,145.0,45.0,81.0,False,4.9,False,Normal,False,,Up,0.0,Normal,False,False,Moderate,5.0,0
3793,82,Male,31.2,Typical Angina,157.0,85.0,69.0,133.0,171.0,28.0,119.0,False,5.5,False,ST-T Wave Abnormality,False,3.7,Flat,1.0,,False,True,Low,,1
10728,53,Male,24.6,Atypical Angina,109.0,63.0,64.0,148.0,246.0,36.0,188.0,False,5.5,False,Normal,False,0.7,Up,2.0,Normal,True,False,Low,6.0,1
57194,46,Female,20.94,Atypical Angina,121.0,73.0,64.0,144.0,164.0,56.0,94.0,False,5.1,False,Left Ventricular Hypertrophy,False,0.5,Flat,0.0,Reversible Defect,False,False,Moderate,5.0,1
65356,74,Female,33.91,Asymptomatic,146.0,90.0,77.0,142.0,187.0,55.0,93.0,False,6.3,False,Left Ventricular Hypertrophy,True,2.0,Flat,2.0,Reversible Defect,False,False,Low,1.0,1
43373,33,Female,26.45,Asymptomatic,105.0,61.0,69.0,177.0,148.0,46.0,84.0,False,4.9,False,ST-T Wave Abnormality,True,0.0,Flat,0.0,Normal,False,True,Moderate,4.0,0
19897,47,Male,28.98,Typical Angina,107.0,78.0,82.0,172.0,149.0,45.0,83.0,False,5.9,True,Normal,True,1.6,Flat,0.0,Fixed Defect,False,True,Low,1.0,1
55164,59,Female,19.7,Typical Angina,110.0,71.0,67.0,162.0,171.0,41.0,106.0,False,5.5,False,Normal,False,0.0,Up,,Normal,False,False,Moderate,5.0,0
75185,43,Female,29.5,Asymptomatic,115.0,76.0,73.0,186.0,136.0,42.0,71.0,False,5.3,False,Normal,False,0.0,Up,0.0,Normal,False,True,Low,6.0,0
78908,49,Male,27.4,Non-anginal Pain,103.0,67.0,62.0,150.0,199.0,44.0,141.0,False,4.9,False,Normal,True,0.8,Flat,0.0,Reversible Defect,False,False,Moderate,3.0,0
61965,67,Female,32.1,Asymptomatic,154.0,79.0,71.0,149.0,213.0,45.0,110.0,False,5.7,False,Normal,True,0.0,Flat,0.0,Fixed Defect,False,False,Low,2.0,0
93463,89,Female,23.5,Non-anginal Pain,136.0,82.0,68.0,128.0,153.0,32.0,101.0,False,5.6,False,ST-T Wave Abnormality,True,2.2,Down,0.0,Normal,False,False,Low,2.0,1
96975,58,Male,20.8,Non-anginal Pain,122.0,80.0,80.0,142.0,187.0,,95.0,False,4.8,False,Left Ventricular Hypertrophy,False,,Flat,0.0,Normal,True,True,,10.0,1
59551,47,Female,22.2,Asymptomatic,115.0,72.0,62.0,201.0,265.0,68.0,169.0,False,,False,Normal,False,0.0,Up,0.0,Normal,True,False,High,5.0,0
63878,53,Female,20.4,Non-anginal Pain,103.0,74.0,75.0,163.0,212.0,77.0,99.0,False,6.1,True,Normal,False,0.0,Up,0.0,Normal,False,False,Moderate,6.0,0
2239,28,Female,16.6,Non-anginal Pain,111.0,65.0,65.0,191.0,172.0,56.0,77.0,False,5.3,False,Normal,False,0.0,Up,1.0,Normal,False,False,High,6.0,0
19091,87,Male,28.7,Typical Angina,162.0,89.0,67.0,131.0,,,,False,,False,Normal,True,0.0,Up,0.0,Normal,False,False,Moderate,7.0,1
70487,68,Male,29.2,Non-anginal Pain,117.0,79.0,64.0,158.0,204.0,47.0,99.0,False,5.3,False,ST-T Wave Abnormality,False,1.7,Down,1.0,Normal,False,True,Moderate,6.0,1
93806,44,Female,33.29,Asymptomatic,100.0,80.0,78.0,162.0,191.0,44.0,128.0,False,5.0,False,ST-T Wave Abnormality,False,0.0,Up,0.0,Normal,False,False,Low,9.0,0
23497,88,Female,37.1,Typical Angina,150.0,91.0,88.0,122.0,175.0,64.0,,True,7.1,True,ST-T Wave Abnormality,False,2.0,Flat,2.0,Normal,False,True,Low,6.0,1
36695,55,Female,34.6,Atypical Angina,124.0,70.0,72.0,147.0,235.0,71.0,156.0,False,5.2,False,Normal,False,1.2,Flat,2.0,Reversible Defect,False,False,Moderate,6.0,0
41633,66,Female,22.4,Asymptomatic,110.0,70.0,64.0,146.0,190.0,,92.0,False,6.4,True,,False,0.0,Up,,Normal,False,True,Moderate,2.0,0
44470,65,Female,29.0,Non-anginal Pain,123.0,72.0,79.0,147.0,157.0,39.0,101.0,False,5.3,False,ST-T Wave Abnormality,False,0.0,Flat,0.0,Normal,True,False,Low,4.0,0
15902,78,Male,25.5,Asymptomatic,122.0,89.0,80.0,119.0,146.0,51.0,85.0,False,4.5,False,Normal,False,0.0,Up,0.0,Normal,False,False,Moderate,7.0,0
69713,44,Female,22.5,Typical Angina,114.0,76.0,77.0,167.0,222.0,62.0,,False,5.8,False,Normal,False,3.0,Flat,3.0,Normal,False,False,High,4.0,1
32670,82,Male,30.5,Typical Angina,129.0,66.0,76.0,131.0,168.0,50.0,107.0,False,5.3,False,Normal,False,0.3,Down,1.0,Reversible Defect,False,False,Low,3.0,1
21639,48,Male,22.6,Non-anginal Pain,136.0,91.0,66.0,191.0,175.0,57.0,88.0,False,5.6,False,Left Ventricular Hypertrophy,False,0.0,Up,0.0,Normal,False,False,Moderate,,0
604,68,Female,26.5,Non-anginal Pain,112.0,,71.0,167.0,178.0,54.0,88.0,False,5.6,False,Normal,False,0.0,Up,1.0,Normal,False,False,Moderate,5.0,0
32485,47,Male,29.7,Atypical Angina,133.0,83.0,70.0,172.0,135.0,29.0,65.0,False,5.4,False,Normal,True,3.1,Flat,0.0,Normal,False,False,Low,4.0,0
74247,69,Male,34.4,Non-anginal Pain,129.0,82.0,63.0,129.0,211.0,55.0,98.0,False,5.2,False,Normal,False,0.2,Flat,2.0,,False,True,Moderate,3.0,0
5082,34,Male,27.8,Asymptomatic,136.0,95.0,80.0,174.0,194.0,57.0,124.0,False,5.3,False,Normal,True,1.2,Flat,0.0,Reversible Defect,False,False,Moderate,,0
6365,56,Male,25.9,Asymptomatic,105.0,67.0,74.0,197.0,266.0,51.0,179.0,False,6.0,False,Normal,False,0.0,Flat,0.0,Normal,False,False,Moderate,8.0,0
98020,65,Male,27.5,Non-anginal Pain,127.0,92.0,69.0,152.0,175.0,37.0,121.0,True,4.8,False,Normal,False,0.0,Up,0.0,Normal,False,False,Low,5.0,0
10580,42,Male,24.9,Non-anginal Pain,112.0,83.0,49.0,172.0,158.0,42.0,100.0,False,4.8,False,Normal,False,0.0,Down,0.0,Normal,False,False,Moderate,8.0,0
33832,71,Male,25.6,Atypical Angina,116.0,68.0,68.0,152.0,202.0,55.0,120.0,False,5.3,False,Normal,False,0.0,Flat,0.0,Normal,False,False,High,4.0,0
7991,44,Male,29.4,Atypical Angina,102.0,71.0,59.0,179.0,,37.0,117.0,True,8.6,True,Normal,False,0.0,Up,0.0,Normal,True,True,Moderate,6.0,0
46766,63,Male,26.9,Asymptomatic,124.0,89.0,66.0,167.0,214.0,61.0,140.0,False,,False,Normal,False,0.0,Flat,0.0,Normal,False,False,Moderate,5.0,0
36922,83,Male,37.57,Typical Angina,139.0,82.0,73.0,125.0,192.0,39.0,132.0,True,,True,Normal,False,2.3,Flat,3.0,Reversible Defect,True,False,Low,4.0,1
96782,37,Female,30.1,Atypical Angina,119.0,81.0,63.0,184.0,151.0,59.0,82.0,False,5.0,,Normal,False,0.0,Flat,0.0,Normal,False,,High,1.0,0
68645,65,Male,,Typical Angina,145.0,83.0,79.0,155.0,121.0,36.0,,False,5.5,False,ST-T Wave Abnormality,True,1.3,Flat,0.0,Normal,True,False,Low,5.0,1
3820,55,Male,26.0,Asymptomatic,127.0,72.0,74.0,180.0,173.0,35.0,91.0,False,5.1,False,,False,0.6,Up,0.0,Normal,False,True,Moderate,2.0,0
91210,38,Female,25.45,Typical Angina,125.0,77.0,70.0,171.0,157.0,,91.0,False,4.9,False,Normal,False,0.0,Flat,0.0,,False,True,Low,6.0,0
36691,35,Male,36.4,Asymptomatic,115.0,67.0,73.0,198.0,189.0,41.0,118.0,False,,False,Normal,False,0.3,Down,0.0,Normal,False,False,Low,6.0,0
51038,44,Male,27.6,Non-anginal Pain,130.0,92.0,70.0,180.0,148.0,,70.0,False,4.9,False,Normal,False,0.0,Flat,1.0,Normal,False,False,Low,3.0,0
10755,34,Male,28.57,Asymptomatic,114.0,,74.0,198.0,162.0,47.0,86.0,False,5.0,False,Normal,False,0.0,Flat,1.0,Normal,True,False,High,5.0,0
17942,40,Female,23.17,Typical Angina,98.0,70.0,62.0,170.0,202.0,60.0,94.0,,4.5,False,Normal,True,1.0,Up,0.0,Normal,False,True,Moderate,4.0,0
2244,41,Male,22.4,Asymptomatic,107.0,72.0,80.0,182.0,185.0,62.0,79.0,False,5.4,False,Normal,False,0.0,Flat,0.0,Normal,False,False,Low,6.0,0
33757,41,Male,23.0,Asymptomatic,93.0,71.0,65.0,182.0,158.0,53.0,68.0,False,5.5,False,Normal,False,0.0,Up,0.0,Normal,False,True,Moderate,5.0,0
76157,62,Male,17.99,Asymptomatic,112.0,62.0,69.0,165.0,195.0,46.0,140.0,False,4.6,False,Normal,False,0.0,Up,1.0,Normal,False,False,High,9.0,0
67312,38,Male,21.8,Non-anginal Pain,138.0,85.0,58.0,208.0,176.0,40.0,119.0,False,4.8,False,Normal,True,5.5,Flat,0.0,Normal,True,False,High,2.0,0
60399,46,Male,21.96082,Asymptomatic,123.0,87.0,76.0,210.0,242.0,62.0,138.0,False,4.9,False,Normal,False,2.4,Flat,2.0,Normal,False,False,High,6.0,0
38215,73,Male,24.0,Non-anginal Pain,143.0,82.0,84.0,134.0,232.0,52.0,150.0,False,5.2,False,,True,0.6,Flat,0.0,Normal,True,False,Low,4.0,1
76362,42,Male,26.4,Non-anginal Pain,129.0,90.0,88.0,172.0,,35.0,106.0,False,5.7,False,Left Ventricular Hypertrophy,False,0.0,Flat,0.0,Reversible Defect,False,False,Low,1.0,0
66648,49,Female,21.1,Asymptomatic,102.0,72.0,57.0,209.0,174.0,49.0,106.0,False,5.7,False,Normal,False,0.0,Up,1.0,Normal,,False,High,4.0,0
1292,58,Male,34.0,Asymptomatic,98.0,75.0,73.0,167.0,,,111.0,True,8.8,True,Normal,False,0.5,Flat,0.0,Normal,False,False,Low,1.0,0
57556,37,Male,23.8,Asymptomatic,,83.0,71.0,175.0,221.0,36.0,142.0,False,5.2,False,Normal,False,0.0,Flat,0.0,Reversible Defect,False,False,,7.0,0
78824,57,Male,23.0,Asymptomatic,134.0,80.0,75.0,172.0,137.0,30.0,86.0,False,5.7,False,ST-T Wave Abnormality,False,0.0,Up,0.0,Reversible Defect,True,False,Low,5.0,0
87103,68,Female,27.83,Asymptomatic,120.0,70.0,61.0,155.0,,42.0,148.0,False,5.5,False,ST-T Wave Abnormality,False,0.0,Up,0.0,Normal,False,False,Moderate,2.0,0
91235,71,Male,31.8,Asymptomatic,156.0,87.0,76.0,133.0,220.0,54.0,122.0,False,5.0,False,Normal,False,,Up,0.0,Normal,False,False,Low,6.0,1
22759,58,Female,17.67,Asymptomatic,126.0,71.0,78.0,165.0,,,,False,,False,Normal,False,0.0,Up,1.0,Normal,False,False,Moderate,6.0,0
82379,52,Female,22.8,Asymptomatic,,77.0,65.0,158.0,138.0,44.0,77.0,False,4.4,False,Normal,False,0.8,Flat,0.0,Normal,True,False,Low,1.0,0
2285,80,Male,32.03,Atypical Angina,150.0,96.0,80.0,155.0,204.0,47.0,141.0,False,5.5,False,Normal,True,1.6,Up,2.0,Normal,False,True,Low,3.0,1
39436,33,Female,26.8,Asymptomatic,116.0,77.0,62.0,181.0,220.0,50.0,140.0,False,5.0,False,Normal,False,,Flat,0.0,Normal,False,False,High,7.0,0
73768,45,Male,23.4,Atypical Angina,118.0,70.0,69.0,168.0,205.0,48.0,121.0,False,4.8,False,Normal,False,0.0,Up,0.0,Reversible Defect,True,False,Moderate,7.0,0
87119,67,Male,25.8,Non-anginal Pain,105.0,77.0,67.0,156.0,194.0,37.0,140.0,True,5.5,False,Normal,False,0.5,Flat,0.0,Normal,True,False,High,7.0,0
71868,57,Male,22.1,Typical Angina,114.0,73.0,86.0,,176.0,53.0,98.0,False,5.5,False,ST-T Wave Abnormality,True,,Down,0.0,Reversible Defect,False,False,Low,6.0,0
94099,80,Male,28.1,,130.0,88.0,82.0,123.0,216.0,33.0,148.0,True,6.2,True,ST-T Wave Abnormality,False,0.0,Flat,3.0,Normal,False,False,Low,4.0,1
90112,60,Female,26.3,Non-anginal Pain,120.0,82.0,70.0,190.0,170.0,46.0,86.0,False,5.7,False,Normal,False,0.0,Flat,1.0,Normal,False,False,Moderate,2.0,0
69059,46,Male,22.84,Non-anginal Pain,124.0,77.0,68.0,197.0,267.0,50.0,164.0,True,4.9,False,Normal,False,0.0,Flat,0.0,Fixed Defect,False,False,High,5.0,0
81879,53,Male,26.6,Asymptomatic,131.0,70.0,84.0,167.0,286.0,44.0,184.0,False,5.2,False,Normal,False,0.0,Up,1.0,Normal,True,False,Low,6.0,1
79904,54,Male,26.7,Asymptomatic,118.0,78.0,72.0,157.0,188.0,53.0,123.0,False,5.8,False,Normal,False,0.4,Flat,0.0,Normal,False,False,Moderate,2.0,0
23589,40,Female,23.9,Non-anginal Pain,,71.0,72.0,194.0,187.0,57.0,95.0,False,5.9,False,Normal,False,0.0,Flat,0.0,Normal,False,False,High,8.0,0
51168,55,Female,25.5,Atypical Angina,116.0,66.0,118.0,186.0,199.0,72.0,112.0,False,4.8,False,ST-T Wave Abnormality,False,0.5,Flat,0.0,Reversible Defect,False,False,Moderate,3.0,0
18633,56,Female,32.0,Typical Angina,106.0,81.0,,168.0,185.0,54.0,96.0,True,5.0,False,Normal,False,2.2,Flat,1.0,,False,False,Low,,1
1582,61,Male,20.8,Asymptomatic,127.0,81.0,61.0,146.0,,,,False,5.4,False,Normal,False,2.2,Flat,2.0,Normal,True,True,High,4.0,1
93824,33,Male,25.7,Non-anginal Pain,117.0,74.0,71.0,170.0,145.0,22.0,103.0,False,5.0,False,Normal,False,0.5,Up,0.0,Normal,True,False,Low,4.0,0
94128,67,Female,35.0,Atypical Angina,142.0,69.0,80.0,172.0,142.0,45.0,81.0,False,5.2,False,ST-T Wave Abnormality,False,0.0,Flat,0.0,Reversible Defect,False,False,Low,2.0,0
41111,77,Male,22.3,Asymptomatic,117.0,82.0,75.0,146.0,144.0,35.0,101.0,True,6.0,True,ST-T Wave Abnormality,False,0.0,Up,0.0,Normal,False,False,Low,8.0,1
34628,54,Female,38.2,Typical Angina,137.0,92.0,74.0,155.0,166.0,26.0,102.0,False,5.3,False,Normal,False,4.7,Flat,0.0,Normal,False,False,,9.0,0
13322,49,Female,25.4,Atypical Angina,113.0,75.0,66.0,173.0,201.0,52.0,122.0,False,,False,Normal,False,0.0,Flat,0.0,Normal,False,False,High,4.0,0
83596,58,Male,27.1,Asymptomatic,136.0,90.0,71.0,152.0,208.0,46.0,108.0,False,4.9,False,Normal,False,1.6,Flat,0.0,Normal,False,False,Low,8.0,1
76295,36,Male,24.3,Non-anginal Pain,95.0,65.0,70.0,193.0,318.0,57.0,252.0,True,5.5,False,Normal,False,0.0,Up,0.0,Normal,False,False,Moderate,8.0,0
88811,41,Male,30.8,Non-anginal Pain,110.0,82.0,70.0,172.0,190.0,46.0,110.0,False,5.9,False,Normal,False,0.0,Up,0.0,Normal,True,False,High,6.0,0
94791,47,Male,25.8,Asymptomatic,137.0,85.0,58.0,178.0,209.0,,117.0,False,5.1,False,Normal,False,1.4,Flat,0.0,Normal,False,False,High,1.0,0
56701,55,Female,31.73,Asymptomatic,114.0,80.0,72.0,152.0,205.0,47.0,123.0,False,6.0,False,Normal,False,0.0,,0.0,Reversible Defect,False,True,Moderate,5.0,0
43739,83,Female,22.1,Atypical Angina,126.0,83.0,83.0,143.0,194.0,72.0,103.0,False,5.4,False,ST-T Wave Abnormality,True,,Flat,3.0,Reversible Defect,False,True,Moderate,4.0,1
89705,51,Male,33.7,Non-anginal Pain,114.0,68.0,72.0,164.0,,33.0,199.0,False,4.8,False,ST-T Wave Abnormality,False,0.2,Flat,0.0,Reversible Defect,False,False,Moderate,5.0,0
7568,26,Female,23.1,Non-anginal Pain,90.0,68.0,58.0,205.0,166.0,58.0,72.0,False,5.2,False,Normal,False,0.0,Up,0.0,Normal,False,False,Low,5.0,0
43488,72,Male,32.6,Non-anginal Pain,145.0,82.0,70.0,149.0,193.0,60.0,105.0,False,5.0,False,Normal,True,0.8,Flat,0.0,Normal,False,False,Moderate,4.0,1
92159,44,Female,18.4,Atypical Angina,115.0,56.0,59.0,157.0,224.0,82.0,115.0,False,5.1,False,Normal,False,0.0,Flat,0.0,Reversible Defect,False,False,High,3.0,0
